[2025-11-22T04:08:03.348+0000] {processor.py:186} INFO - Started process (PID=187) to work on /opt/airflow/dags/crawl_search_page.py
[2025-11-22T04:08:03.352+0000] {processor.py:914} INFO - Processing file /opt/airflow/dags/crawl_search_page.py for tasks to queue
[2025-11-22T04:08:03.363+0000] {logging_mixin.py:190} INFO - [2025-11-22T04:08:03.361+0000] {dagbag.py:588} INFO - Filling up the DagBag from /opt/airflow/dags/crawl_search_page.py
[2025-11-22T04:08:04.645+0000] {logging_mixin.py:190} INFO - [2025-11-22T04:08:04.634+0000] {dagbag.py:387} ERROR - Failed to import: /opt/airflow/dags/crawl_search_page.py
Traceback (most recent call last):
  File "/home/airflow/.local/lib/python3.12/site-packages/airflow/models/dagbag.py", line 383, in parse
    loader.exec_module(new_module)
  File "<frozen importlib._bootstrap_external>", line 999, in exec_module
  File "<frozen importlib._bootstrap>", line 488, in _call_with_frames_removed
  File "/opt/airflow/dags/crawl_search_page.py", line 5, in <module>
    from job_crawler.beautifulsoup.crawl_search_page import crawl_multiple_keywords
  File "/opt/airflow/dags/job_crawler/beautifulsoup/crawl_search_page.py", line 12, in <module>
    from beautifulsoup_utils import *
ModuleNotFoundError: No module named 'beautifulsoup_utils'
[2025-11-22T04:08:04.650+0000] {processor.py:927} WARNING - No viable dags retrieved from /opt/airflow/dags/crawl_search_page.py
[2025-11-22T04:08:04.692+0000] {processor.py:208} INFO - Processing /opt/airflow/dags/crawl_search_page.py took 1.372 seconds
[2025-11-22T04:08:35.031+0000] {processor.py:186} INFO - Started process (PID=198) to work on /opt/airflow/dags/crawl_search_page.py
[2025-11-22T04:08:35.032+0000] {processor.py:914} INFO - Processing file /opt/airflow/dags/crawl_search_page.py for tasks to queue
[2025-11-22T04:08:35.041+0000] {logging_mixin.py:190} INFO - [2025-11-22T04:08:35.039+0000] {dagbag.py:588} INFO - Filling up the DagBag from /opt/airflow/dags/crawl_search_page.py
[2025-11-22T04:08:35.355+0000] {logging_mixin.py:190} INFO - [2025-11-22T04:08:35.348+0000] {dagbag.py:387} ERROR - Failed to import: /opt/airflow/dags/crawl_search_page.py
Traceback (most recent call last):
  File "/home/airflow/.local/lib/python3.12/site-packages/airflow/models/dagbag.py", line 383, in parse
    loader.exec_module(new_module)
  File "<frozen importlib._bootstrap_external>", line 999, in exec_module
  File "<frozen importlib._bootstrap>", line 488, in _call_with_frames_removed
  File "/opt/airflow/dags/crawl_search_page.py", line 5, in <module>
    from job_crawler.beautifulsoup.crawl_search_page import crawl_multiple_keywords
  File "/opt/airflow/dags/job_crawler/beautifulsoup/crawl_search_page.py", line 12, in <module>
    from beautifulsoup_utils import *
ModuleNotFoundError: No module named 'beautifulsoup_utils'
[2025-11-22T04:08:35.357+0000] {processor.py:927} WARNING - No viable dags retrieved from /opt/airflow/dags/crawl_search_page.py
[2025-11-22T04:08:35.410+0000] {processor.py:208} INFO - Processing /opt/airflow/dags/crawl_search_page.py took 0.387 seconds
[2025-11-22T04:09:05.841+0000] {processor.py:186} INFO - Started process (PID=209) to work on /opt/airflow/dags/crawl_search_page.py
[2025-11-22T04:09:05.842+0000] {processor.py:914} INFO - Processing file /opt/airflow/dags/crawl_search_page.py for tasks to queue
[2025-11-22T04:09:05.845+0000] {logging_mixin.py:190} INFO - [2025-11-22T04:09:05.845+0000] {dagbag.py:588} INFO - Filling up the DagBag from /opt/airflow/dags/crawl_search_page.py
[2025-11-22T04:09:06.123+0000] {logging_mixin.py:190} INFO - [2025-11-22T04:09:06.116+0000] {dagbag.py:387} ERROR - Failed to import: /opt/airflow/dags/crawl_search_page.py
Traceback (most recent call last):
  File "/home/airflow/.local/lib/python3.12/site-packages/airflow/models/dagbag.py", line 383, in parse
    loader.exec_module(new_module)
  File "<frozen importlib._bootstrap_external>", line 999, in exec_module
  File "<frozen importlib._bootstrap>", line 488, in _call_with_frames_removed
  File "/opt/airflow/dags/crawl_search_page.py", line 5, in <module>
    from job_crawler.beautifulsoup.crawl_search_page import crawl_multiple_keywords
  File "/opt/airflow/dags/job_crawler/beautifulsoup/crawl_search_page.py", line 12, in <module>
    from beautifulsoup_utils import *
ModuleNotFoundError: No module named 'beautifulsoup_utils'
[2025-11-22T04:09:06.125+0000] {processor.py:927} WARNING - No viable dags retrieved from /opt/airflow/dags/crawl_search_page.py
[2025-11-22T04:09:06.167+0000] {processor.py:208} INFO - Processing /opt/airflow/dags/crawl_search_page.py took 0.336 seconds
[2025-11-22T04:09:36.228+0000] {processor.py:186} INFO - Started process (PID=220) to work on /opt/airflow/dags/crawl_search_page.py
[2025-11-22T04:09:36.230+0000] {processor.py:914} INFO - Processing file /opt/airflow/dags/crawl_search_page.py for tasks to queue
[2025-11-22T04:09:36.232+0000] {logging_mixin.py:190} INFO - [2025-11-22T04:09:36.231+0000] {dagbag.py:588} INFO - Filling up the DagBag from /opt/airflow/dags/crawl_search_page.py
[2025-11-22T04:09:36.443+0000] {logging_mixin.py:190} INFO - [2025-11-22T04:09:36.435+0000] {dagbag.py:387} ERROR - Failed to import: /opt/airflow/dags/crawl_search_page.py
Traceback (most recent call last):
  File "/home/airflow/.local/lib/python3.12/site-packages/airflow/models/dagbag.py", line 383, in parse
    loader.exec_module(new_module)
  File "<frozen importlib._bootstrap_external>", line 999, in exec_module
  File "<frozen importlib._bootstrap>", line 488, in _call_with_frames_removed
  File "/opt/airflow/dags/crawl_search_page.py", line 5, in <module>
    from job_crawler.beautifulsoup.crawl_search_page import crawl_multiple_keywords
  File "/opt/airflow/dags/job_crawler/beautifulsoup/crawl_search_page.py", line 12, in <module>
    from beautifulsoup_utils import *
ModuleNotFoundError: No module named 'beautifulsoup_utils'
[2025-11-22T04:09:36.447+0000] {processor.py:927} WARNING - No viable dags retrieved from /opt/airflow/dags/crawl_search_page.py
[2025-11-22T04:09:36.479+0000] {processor.py:208} INFO - Processing /opt/airflow/dags/crawl_search_page.py took 0.257 seconds
[2025-11-22T04:10:06.607+0000] {processor.py:186} INFO - Started process (PID=231) to work on /opt/airflow/dags/crawl_search_page.py
[2025-11-22T04:10:06.612+0000] {processor.py:914} INFO - Processing file /opt/airflow/dags/crawl_search_page.py for tasks to queue
[2025-11-22T04:10:06.621+0000] {logging_mixin.py:190} INFO - [2025-11-22T04:10:06.620+0000] {dagbag.py:588} INFO - Filling up the DagBag from /opt/airflow/dags/crawl_search_page.py
[2025-11-22T04:10:06.918+0000] {logging_mixin.py:190} INFO - [2025-11-22T04:10:06.910+0000] {dagbag.py:387} ERROR - Failed to import: /opt/airflow/dags/crawl_search_page.py
Traceback (most recent call last):
  File "/home/airflow/.local/lib/python3.12/site-packages/airflow/models/dagbag.py", line 383, in parse
    loader.exec_module(new_module)
  File "<frozen importlib._bootstrap_external>", line 999, in exec_module
  File "<frozen importlib._bootstrap>", line 488, in _call_with_frames_removed
  File "/opt/airflow/dags/crawl_search_page.py", line 5, in <module>
    from job_crawler.beautifulsoup.crawl_search_page import crawl_multiple_keywords
  File "/opt/airflow/dags/job_crawler/beautifulsoup/crawl_search_page.py", line 12, in <module>
    from beautifulsoup_utils import *
ModuleNotFoundError: No module named 'beautifulsoup_utils'
[2025-11-22T04:10:06.920+0000] {processor.py:927} WARNING - No viable dags retrieved from /opt/airflow/dags/crawl_search_page.py
[2025-11-22T04:10:06.951+0000] {processor.py:208} INFO - Processing /opt/airflow/dags/crawl_search_page.py took 0.381 seconds
[2025-11-22T04:10:37.161+0000] {processor.py:186} INFO - Started process (PID=248) to work on /opt/airflow/dags/crawl_search_page.py
[2025-11-22T04:10:37.162+0000] {processor.py:914} INFO - Processing file /opt/airflow/dags/crawl_search_page.py for tasks to queue
[2025-11-22T04:10:37.164+0000] {logging_mixin.py:190} INFO - [2025-11-22T04:10:37.164+0000] {dagbag.py:588} INFO - Filling up the DagBag from /opt/airflow/dags/crawl_search_page.py
[2025-11-22T04:10:37.339+0000] {logging_mixin.py:190} INFO - [2025-11-22T04:10:37.334+0000] {dagbag.py:387} ERROR - Failed to import: /opt/airflow/dags/crawl_search_page.py
Traceback (most recent call last):
  File "/home/airflow/.local/lib/python3.12/site-packages/airflow/models/dagbag.py", line 383, in parse
    loader.exec_module(new_module)
  File "<frozen importlib._bootstrap_external>", line 999, in exec_module
  File "<frozen importlib._bootstrap>", line 488, in _call_with_frames_removed
  File "/opt/airflow/dags/crawl_search_page.py", line 5, in <module>
    from job_crawler.beautifulsoup.crawl_search_page import crawl_multiple_keywords
  File "/opt/airflow/dags/job_crawler/beautifulsoup/crawl_search_page.py", line 12, in <module>
    from beautifulsoup_utils import *
ModuleNotFoundError: No module named 'beautifulsoup_utils'
[2025-11-22T04:10:37.341+0000] {processor.py:927} WARNING - No viable dags retrieved from /opt/airflow/dags/crawl_search_page.py
[2025-11-22T04:10:37.357+0000] {processor.py:208} INFO - Processing /opt/airflow/dags/crawl_search_page.py took 0.201 seconds
[2025-11-22T04:11:07.623+0000] {processor.py:186} INFO - Started process (PID=259) to work on /opt/airflow/dags/crawl_search_page.py
[2025-11-22T04:11:07.625+0000] {processor.py:914} INFO - Processing file /opt/airflow/dags/crawl_search_page.py for tasks to queue
[2025-11-22T04:11:07.627+0000] {logging_mixin.py:190} INFO - [2025-11-22T04:11:07.627+0000] {dagbag.py:588} INFO - Filling up the DagBag from /opt/airflow/dags/crawl_search_page.py
[2025-11-22T04:11:07.798+0000] {logging_mixin.py:190} INFO - [2025-11-22T04:11:07.793+0000] {dagbag.py:387} ERROR - Failed to import: /opt/airflow/dags/crawl_search_page.py
Traceback (most recent call last):
  File "/home/airflow/.local/lib/python3.12/site-packages/airflow/models/dagbag.py", line 383, in parse
    loader.exec_module(new_module)
  File "<frozen importlib._bootstrap_external>", line 999, in exec_module
  File "<frozen importlib._bootstrap>", line 488, in _call_with_frames_removed
  File "/opt/airflow/dags/crawl_search_page.py", line 5, in <module>
    from job_crawler.beautifulsoup.crawl_search_page import crawl_multiple_keywords
  File "/opt/airflow/dags/job_crawler/beautifulsoup/crawl_search_page.py", line 12, in <module>
    from beautifulsoup_utils import *
ModuleNotFoundError: No module named 'beautifulsoup_utils'
[2025-11-22T04:11:07.801+0000] {processor.py:927} WARNING - No viable dags retrieved from /opt/airflow/dags/crawl_search_page.py
[2025-11-22T04:11:07.818+0000] {processor.py:208} INFO - Processing /opt/airflow/dags/crawl_search_page.py took 0.200 seconds
[2025-11-22T04:11:38.043+0000] {processor.py:186} INFO - Started process (PID=270) to work on /opt/airflow/dags/crawl_search_page.py
[2025-11-22T04:11:38.044+0000] {processor.py:914} INFO - Processing file /opt/airflow/dags/crawl_search_page.py for tasks to queue
[2025-11-22T04:11:38.047+0000] {logging_mixin.py:190} INFO - [2025-11-22T04:11:38.047+0000] {dagbag.py:588} INFO - Filling up the DagBag from /opt/airflow/dags/crawl_search_page.py
[2025-11-22T04:11:38.218+0000] {logging_mixin.py:190} INFO - [2025-11-22T04:11:38.211+0000] {dagbag.py:387} ERROR - Failed to import: /opt/airflow/dags/crawl_search_page.py
Traceback (most recent call last):
  File "/home/airflow/.local/lib/python3.12/site-packages/airflow/models/dagbag.py", line 383, in parse
    loader.exec_module(new_module)
  File "<frozen importlib._bootstrap_external>", line 999, in exec_module
  File "<frozen importlib._bootstrap>", line 488, in _call_with_frames_removed
  File "/opt/airflow/dags/crawl_search_page.py", line 5, in <module>
    from job_crawler.beautifulsoup.crawl_search_page import crawl_multiple_keywords
  File "/opt/airflow/dags/job_crawler/beautifulsoup/crawl_search_page.py", line 12, in <module>
    from beautifulsoup_utils import *
ModuleNotFoundError: No module named 'beautifulsoup_utils'
[2025-11-22T04:11:38.221+0000] {processor.py:927} WARNING - No viable dags retrieved from /opt/airflow/dags/crawl_search_page.py
[2025-11-22T04:11:38.240+0000] {processor.py:208} INFO - Processing /opt/airflow/dags/crawl_search_page.py took 0.203 seconds
[2025-11-22T04:12:08.501+0000] {processor.py:186} INFO - Started process (PID=281) to work on /opt/airflow/dags/crawl_search_page.py
[2025-11-22T04:12:08.511+0000] {processor.py:914} INFO - Processing file /opt/airflow/dags/crawl_search_page.py for tasks to queue
[2025-11-22T04:12:08.520+0000] {logging_mixin.py:190} INFO - [2025-11-22T04:12:08.518+0000] {dagbag.py:588} INFO - Filling up the DagBag from /opt/airflow/dags/crawl_search_page.py
[2025-11-22T04:12:11.411+0000] {logging_mixin.py:190} INFO - [2025-11-22T04:12:11.401+0000] {dagbag.py:387} ERROR - Failed to import: /opt/airflow/dags/crawl_search_page.py
Traceback (most recent call last):
  File "/home/airflow/.local/lib/python3.12/site-packages/airflow/models/dagbag.py", line 383, in parse
    loader.exec_module(new_module)
  File "<frozen importlib._bootstrap_external>", line 999, in exec_module
  File "<frozen importlib._bootstrap>", line 488, in _call_with_frames_removed
  File "/opt/airflow/dags/crawl_search_page.py", line 5, in <module>
    from job_crawler.beautifulsoup.crawl_search_page import crawl_multiple_keywords
  File "/opt/airflow/dags/job_crawler/beautifulsoup/crawl_search_page.py", line 14, in <module>
    from JobDBClient.JobDBSpliteClient import JobDBClient
ModuleNotFoundError: No module named 'JobDBClient'
[2025-11-22T04:12:11.413+0000] {processor.py:927} WARNING - No viable dags retrieved from /opt/airflow/dags/crawl_search_page.py
[2025-11-22T04:12:11.426+0000] {processor.py:208} INFO - Processing /opt/airflow/dags/crawl_search_page.py took 2.955 seconds
[2025-11-22T04:12:41.819+0000] {processor.py:186} INFO - Started process (PID=293) to work on /opt/airflow/dags/crawl_search_page.py
[2025-11-22T04:12:41.820+0000] {processor.py:914} INFO - Processing file /opt/airflow/dags/crawl_search_page.py for tasks to queue
[2025-11-22T04:12:41.822+0000] {logging_mixin.py:190} INFO - [2025-11-22T04:12:41.822+0000] {dagbag.py:588} INFO - Filling up the DagBag from /opt/airflow/dags/crawl_search_page.py
[2025-11-22T04:12:42.573+0000] {processor.py:925} INFO - DAG(s) 'crawl_search_page' retrieved from /opt/airflow/dags/crawl_search_page.py
[2025-11-22T04:12:42.925+0000] {logging_mixin.py:190} INFO - [2025-11-22T04:12:42.924+0000] {override.py:1912} INFO - Created Permission View: can read on DAG:crawl_search_page
[2025-11-22T04:12:42.935+0000] {logging_mixin.py:190} INFO - [2025-11-22T04:12:42.934+0000] {override.py:1912} INFO - Created Permission View: can edit on DAG:crawl_search_page
[2025-11-22T04:12:42.942+0000] {logging_mixin.py:190} INFO - [2025-11-22T04:12:42.941+0000] {override.py:1912} INFO - Created Permission View: can delete on DAG:crawl_search_page
[2025-11-22T04:12:42.950+0000] {logging_mixin.py:190} INFO - [2025-11-22T04:12:42.950+0000] {override.py:1912} INFO - Created Permission View: can read on DAG Run:crawl_search_page
[2025-11-22T04:12:42.957+0000] {logging_mixin.py:190} INFO - [2025-11-22T04:12:42.957+0000] {override.py:1912} INFO - Created Permission View: can create on DAG Run:crawl_search_page
[2025-11-22T04:12:42.963+0000] {logging_mixin.py:190} INFO - [2025-11-22T04:12:42.963+0000] {override.py:1912} INFO - Created Permission View: menu access on DAG Run:crawl_search_page
[2025-11-22T04:12:42.970+0000] {logging_mixin.py:190} INFO - [2025-11-22T04:12:42.970+0000] {override.py:1912} INFO - Created Permission View: can delete on DAG Run:crawl_search_page
[2025-11-22T04:12:42.971+0000] {logging_mixin.py:190} INFO - [2025-11-22T04:12:42.971+0000] {dag.py:3239} INFO - Sync 1 DAGs
[2025-11-22T04:12:42.987+0000] {logging_mixin.py:190} INFO - [2025-11-22T04:12:42.987+0000] {dag.py:3262} INFO - Creating ORM DAG for crawl_search_page
[2025-11-22T04:12:42.988+0000] {logging_mixin.py:190} INFO - [2025-11-22T04:12:42.988+0000] {dag.py:4180} INFO - Setting next_dagrun for crawl_search_page to None, run_after=None
[2025-11-22T04:12:43.010+0000] {processor.py:208} INFO - Processing /opt/airflow/dags/crawl_search_page.py took 1.197 seconds
[2025-11-22T04:13:13.710+0000] {processor.py:186} INFO - Started process (PID=305) to work on /opt/airflow/dags/crawl_search_page.py
[2025-11-22T04:13:13.711+0000] {processor.py:914} INFO - Processing file /opt/airflow/dags/crawl_search_page.py for tasks to queue
[2025-11-22T04:13:13.714+0000] {logging_mixin.py:190} INFO - [2025-11-22T04:13:13.714+0000] {dagbag.py:588} INFO - Filling up the DagBag from /opt/airflow/dags/crawl_search_page.py
[2025-11-22T04:13:14.486+0000] {processor.py:925} INFO - DAG(s) 'crawl_search_page' retrieved from /opt/airflow/dags/crawl_search_page.py
[2025-11-22T04:13:14.506+0000] {logging_mixin.py:190} INFO - [2025-11-22T04:13:14.505+0000] {dag.py:3239} INFO - Sync 1 DAGs
[2025-11-22T04:13:14.517+0000] {logging_mixin.py:190} INFO - [2025-11-22T04:13:14.517+0000] {dag.py:4180} INFO - Setting next_dagrun for crawl_search_page to None, run_after=None
[2025-11-22T04:13:14.538+0000] {processor.py:208} INFO - Processing /opt/airflow/dags/crawl_search_page.py took 0.833 seconds
[2025-11-22T04:13:44.955+0000] {processor.py:186} INFO - Started process (PID=317) to work on /opt/airflow/dags/crawl_search_page.py
[2025-11-22T04:13:44.956+0000] {processor.py:914} INFO - Processing file /opt/airflow/dags/crawl_search_page.py for tasks to queue
[2025-11-22T04:13:44.959+0000] {logging_mixin.py:190} INFO - [2025-11-22T04:13:44.959+0000] {dagbag.py:588} INFO - Filling up the DagBag from /opt/airflow/dags/crawl_search_page.py
[2025-11-22T04:13:45.546+0000] {processor.py:925} INFO - DAG(s) 'crawl_search_page' retrieved from /opt/airflow/dags/crawl_search_page.py
[2025-11-22T04:13:45.564+0000] {logging_mixin.py:190} INFO - [2025-11-22T04:13:45.564+0000] {dag.py:3239} INFO - Sync 1 DAGs
[2025-11-22T04:13:45.575+0000] {logging_mixin.py:190} INFO - [2025-11-22T04:13:45.575+0000] {dag.py:4180} INFO - Setting next_dagrun for crawl_search_page to None, run_after=None
[2025-11-22T04:13:45.597+0000] {processor.py:208} INFO - Processing /opt/airflow/dags/crawl_search_page.py took 0.648 seconds
[2025-11-22T04:14:16.014+0000] {processor.py:186} INFO - Started process (PID=329) to work on /opt/airflow/dags/crawl_search_page.py
[2025-11-22T04:14:16.015+0000] {processor.py:914} INFO - Processing file /opt/airflow/dags/crawl_search_page.py for tasks to queue
[2025-11-22T04:14:16.018+0000] {logging_mixin.py:190} INFO - [2025-11-22T04:14:16.017+0000] {dagbag.py:588} INFO - Filling up the DagBag from /opt/airflow/dags/crawl_search_page.py
[2025-11-22T04:14:16.616+0000] {processor.py:925} INFO - DAG(s) 'crawl_search_page' retrieved from /opt/airflow/dags/crawl_search_page.py
[2025-11-22T04:14:16.643+0000] {logging_mixin.py:190} INFO - [2025-11-22T04:14:16.643+0000] {dag.py:3239} INFO - Sync 1 DAGs
[2025-11-22T04:14:16.656+0000] {logging_mixin.py:190} INFO - [2025-11-22T04:14:16.656+0000] {dag.py:4180} INFO - Setting next_dagrun for crawl_search_page to None, run_after=None
[2025-11-22T04:14:16.681+0000] {processor.py:208} INFO - Processing /opt/airflow/dags/crawl_search_page.py took 0.673 seconds
[2025-11-22T04:14:46.790+0000] {processor.py:186} INFO - Started process (PID=341) to work on /opt/airflow/dags/crawl_search_page.py
[2025-11-22T04:14:46.791+0000] {processor.py:914} INFO - Processing file /opt/airflow/dags/crawl_search_page.py for tasks to queue
[2025-11-22T04:14:46.793+0000] {logging_mixin.py:190} INFO - [2025-11-22T04:14:46.793+0000] {dagbag.py:588} INFO - Filling up the DagBag from /opt/airflow/dags/crawl_search_page.py
[2025-11-22T04:14:47.391+0000] {processor.py:925} INFO - DAG(s) 'crawl_search_page' retrieved from /opt/airflow/dags/crawl_search_page.py
[2025-11-22T04:14:47.410+0000] {logging_mixin.py:190} INFO - [2025-11-22T04:14:47.409+0000] {dag.py:3239} INFO - Sync 1 DAGs
[2025-11-22T04:14:47.421+0000] {logging_mixin.py:190} INFO - [2025-11-22T04:14:47.421+0000] {dag.py:4180} INFO - Setting next_dagrun for crawl_search_page to None, run_after=None
[2025-11-22T04:14:47.439+0000] {processor.py:208} INFO - Processing /opt/airflow/dags/crawl_search_page.py took 0.656 seconds
[2025-11-22T04:15:17.541+0000] {processor.py:186} INFO - Started process (PID=355) to work on /opt/airflow/dags/crawl_search_page.py
[2025-11-22T04:15:17.548+0000] {processor.py:914} INFO - Processing file /opt/airflow/dags/crawl_search_page.py for tasks to queue
[2025-11-22T04:15:17.559+0000] {logging_mixin.py:190} INFO - [2025-11-22T04:15:17.558+0000] {dagbag.py:588} INFO - Filling up the DagBag from /opt/airflow/dags/crawl_search_page.py
[2025-11-22T04:15:18.543+0000] {processor.py:925} INFO - DAG(s) 'crawl_search_page' retrieved from /opt/airflow/dags/crawl_search_page.py
[2025-11-22T04:15:18.560+0000] {logging_mixin.py:190} INFO - [2025-11-22T04:15:18.559+0000] {dag.py:3239} INFO - Sync 1 DAGs
[2025-11-22T04:15:18.569+0000] {logging_mixin.py:190} INFO - [2025-11-22T04:15:18.569+0000] {dag.py:4180} INFO - Setting next_dagrun for crawl_search_page to None, run_after=None
[2025-11-22T04:15:18.586+0000] {processor.py:208} INFO - Processing /opt/airflow/dags/crawl_search_page.py took 1.088 seconds
[2025-11-22T04:15:48.905+0000] {processor.py:186} INFO - Started process (PID=369) to work on /opt/airflow/dags/crawl_search_page.py
[2025-11-22T04:15:48.906+0000] {processor.py:914} INFO - Processing file /opt/airflow/dags/crawl_search_page.py for tasks to queue
[2025-11-22T04:15:48.908+0000] {logging_mixin.py:190} INFO - [2025-11-22T04:15:48.908+0000] {dagbag.py:588} INFO - Filling up the DagBag from /opt/airflow/dags/crawl_search_page.py
[2025-11-22T04:15:49.532+0000] {processor.py:925} INFO - DAG(s) 'crawl_search_page' retrieved from /opt/airflow/dags/crawl_search_page.py
[2025-11-22T04:15:49.550+0000] {logging_mixin.py:190} INFO - [2025-11-22T04:15:49.550+0000] {dag.py:3239} INFO - Sync 1 DAGs
[2025-11-22T04:15:49.560+0000] {logging_mixin.py:190} INFO - [2025-11-22T04:15:49.560+0000] {dag.py:4180} INFO - Setting next_dagrun for crawl_search_page to None, run_after=None
[2025-11-22T04:15:49.588+0000] {processor.py:208} INFO - Processing /opt/airflow/dags/crawl_search_page.py took 0.689 seconds
[2025-11-22T04:16:19.970+0000] {processor.py:186} INFO - Started process (PID=381) to work on /opt/airflow/dags/crawl_search_page.py
[2025-11-22T04:16:19.971+0000] {processor.py:914} INFO - Processing file /opt/airflow/dags/crawl_search_page.py for tasks to queue
[2025-11-22T04:16:19.973+0000] {logging_mixin.py:190} INFO - [2025-11-22T04:16:19.973+0000] {dagbag.py:588} INFO - Filling up the DagBag from /opt/airflow/dags/crawl_search_page.py
[2025-11-22T04:16:20.553+0000] {processor.py:925} INFO - DAG(s) 'crawl_search_page' retrieved from /opt/airflow/dags/crawl_search_page.py
[2025-11-22T04:16:20.571+0000] {logging_mixin.py:190} INFO - [2025-11-22T04:16:20.571+0000] {dag.py:3239} INFO - Sync 1 DAGs
[2025-11-22T04:16:20.581+0000] {logging_mixin.py:190} INFO - [2025-11-22T04:16:20.581+0000] {dag.py:4180} INFO - Setting next_dagrun for crawl_search_page to None, run_after=None
[2025-11-22T04:16:20.601+0000] {processor.py:208} INFO - Processing /opt/airflow/dags/crawl_search_page.py took 0.637 seconds
[2025-11-22T04:16:50.915+0000] {processor.py:186} INFO - Started process (PID=393) to work on /opt/airflow/dags/crawl_search_page.py
[2025-11-22T04:16:50.916+0000] {processor.py:914} INFO - Processing file /opt/airflow/dags/crawl_search_page.py for tasks to queue
[2025-11-22T04:16:50.918+0000] {logging_mixin.py:190} INFO - [2025-11-22T04:16:50.918+0000] {dagbag.py:588} INFO - Filling up the DagBag from /opt/airflow/dags/crawl_search_page.py
[2025-11-22T04:16:51.519+0000] {processor.py:925} INFO - DAG(s) 'crawl_search_page' retrieved from /opt/airflow/dags/crawl_search_page.py
[2025-11-22T04:16:51.538+0000] {logging_mixin.py:190} INFO - [2025-11-22T04:16:51.538+0000] {dag.py:3239} INFO - Sync 1 DAGs
[2025-11-22T04:16:51.549+0000] {logging_mixin.py:190} INFO - [2025-11-22T04:16:51.549+0000] {dag.py:4180} INFO - Setting next_dagrun for crawl_search_page to None, run_after=None
[2025-11-22T04:16:51.569+0000] {processor.py:208} INFO - Processing /opt/airflow/dags/crawl_search_page.py took 0.660 seconds
[2025-11-22T04:17:21.955+0000] {processor.py:186} INFO - Started process (PID=405) to work on /opt/airflow/dags/crawl_search_page.py
[2025-11-22T04:17:21.956+0000] {processor.py:914} INFO - Processing file /opt/airflow/dags/crawl_search_page.py for tasks to queue
[2025-11-22T04:17:21.960+0000] {logging_mixin.py:190} INFO - [2025-11-22T04:17:21.959+0000] {dagbag.py:588} INFO - Filling up the DagBag from /opt/airflow/dags/crawl_search_page.py
[2025-11-22T04:17:22.916+0000] {processor.py:925} INFO - DAG(s) 'crawl_search_page' retrieved from /opt/airflow/dags/crawl_search_page.py
[2025-11-22T04:17:22.949+0000] {logging_mixin.py:190} INFO - [2025-11-22T04:17:22.949+0000] {dag.py:3239} INFO - Sync 1 DAGs
[2025-11-22T04:17:22.971+0000] {logging_mixin.py:190} INFO - [2025-11-22T04:17:22.970+0000] {dag.py:4180} INFO - Setting next_dagrun for crawl_search_page to None, run_after=None
[2025-11-22T04:17:22.991+0000] {processor.py:208} INFO - Processing /opt/airflow/dags/crawl_search_page.py took 1.043 seconds
[2025-11-22T04:17:53.349+0000] {processor.py:186} INFO - Started process (PID=417) to work on /opt/airflow/dags/crawl_search_page.py
[2025-11-22T04:17:53.350+0000] {processor.py:914} INFO - Processing file /opt/airflow/dags/crawl_search_page.py for tasks to queue
[2025-11-22T04:17:53.353+0000] {logging_mixin.py:190} INFO - [2025-11-22T04:17:53.353+0000] {dagbag.py:588} INFO - Filling up the DagBag from /opt/airflow/dags/crawl_search_page.py
[2025-11-22T04:17:54.022+0000] {processor.py:925} INFO - DAG(s) 'crawl_search_page' retrieved from /opt/airflow/dags/crawl_search_page.py
[2025-11-22T04:17:54.078+0000] {logging_mixin.py:190} INFO - [2025-11-22T04:17:54.077+0000] {dag.py:3239} INFO - Sync 1 DAGs
[2025-11-22T04:17:54.104+0000] {logging_mixin.py:190} INFO - [2025-11-22T04:17:54.104+0000] {dag.py:4180} INFO - Setting next_dagrun for crawl_search_page to None, run_after=None
[2025-11-22T04:17:54.129+0000] {processor.py:208} INFO - Processing /opt/airflow/dags/crawl_search_page.py took 0.786 seconds
[2025-11-22T04:18:24.732+0000] {processor.py:186} INFO - Started process (PID=429) to work on /opt/airflow/dags/crawl_search_page.py
[2025-11-22T04:18:24.733+0000] {processor.py:914} INFO - Processing file /opt/airflow/dags/crawl_search_page.py for tasks to queue
[2025-11-22T04:18:24.736+0000] {logging_mixin.py:190} INFO - [2025-11-22T04:18:24.736+0000] {dagbag.py:588} INFO - Filling up the DagBag from /opt/airflow/dags/crawl_search_page.py
[2025-11-22T04:18:25.454+0000] {processor.py:925} INFO - DAG(s) 'crawl_search_page' retrieved from /opt/airflow/dags/crawl_search_page.py
[2025-11-22T04:18:25.476+0000] {logging_mixin.py:190} INFO - [2025-11-22T04:18:25.476+0000] {dag.py:3239} INFO - Sync 1 DAGs
[2025-11-22T04:18:25.490+0000] {logging_mixin.py:190} INFO - [2025-11-22T04:18:25.489+0000] {dag.py:4180} INFO - Setting next_dagrun for crawl_search_page to None, run_after=None
[2025-11-22T04:18:25.511+0000] {processor.py:208} INFO - Processing /opt/airflow/dags/crawl_search_page.py took 0.787 seconds
[2025-11-22T04:18:55.913+0000] {processor.py:186} INFO - Started process (PID=441) to work on /opt/airflow/dags/crawl_search_page.py
[2025-11-22T04:18:55.914+0000] {processor.py:914} INFO - Processing file /opt/airflow/dags/crawl_search_page.py for tasks to queue
[2025-11-22T04:18:55.916+0000] {logging_mixin.py:190} INFO - [2025-11-22T04:18:55.915+0000] {dagbag.py:588} INFO - Filling up the DagBag from /opt/airflow/dags/crawl_search_page.py
[2025-11-22T04:18:56.518+0000] {processor.py:925} INFO - DAG(s) 'crawl_search_page' retrieved from /opt/airflow/dags/crawl_search_page.py
[2025-11-22T04:18:56.536+0000] {logging_mixin.py:190} INFO - [2025-11-22T04:18:56.536+0000] {dag.py:3239} INFO - Sync 1 DAGs
[2025-11-22T04:18:56.548+0000] {logging_mixin.py:190} INFO - [2025-11-22T04:18:56.547+0000] {dag.py:4180} INFO - Setting next_dagrun for crawl_search_page to None, run_after=None
[2025-11-22T04:18:56.566+0000] {processor.py:208} INFO - Processing /opt/airflow/dags/crawl_search_page.py took 0.659 seconds
[2025-11-22T04:24:32.411+0000] {processor.py:186} INFO - Started process (PID=180) to work on /opt/airflow/dags/crawl_search_page.py
[2025-11-22T04:24:32.413+0000] {processor.py:914} INFO - Processing file /opt/airflow/dags/crawl_search_page.py for tasks to queue
[2025-11-22T04:24:32.416+0000] {logging_mixin.py:190} INFO - [2025-11-22T04:24:32.416+0000] {dagbag.py:588} INFO - Filling up the DagBag from /opt/airflow/dags/crawl_search_page.py
[2025-11-22T04:24:33.251+0000] {processor.py:925} INFO - DAG(s) 'crawl_search_page' retrieved from /opt/airflow/dags/crawl_search_page.py
[2025-11-22T04:24:33.276+0000] {logging_mixin.py:190} INFO - [2025-11-22T04:24:33.276+0000] {dag.py:3239} INFO - Sync 1 DAGs
[2025-11-22T04:24:33.292+0000] {logging_mixin.py:190} INFO - [2025-11-22T04:24:33.292+0000] {dag.py:4180} INFO - Setting next_dagrun for crawl_search_page to None, run_after=None
[2025-11-22T04:24:33.319+0000] {processor.py:208} INFO - Processing /opt/airflow/dags/crawl_search_page.py took 0.921 seconds
[2025-11-22T04:25:03.682+0000] {processor.py:186} INFO - Started process (PID=192) to work on /opt/airflow/dags/crawl_search_page.py
[2025-11-22T04:25:03.683+0000] {processor.py:914} INFO - Processing file /opt/airflow/dags/crawl_search_page.py for tasks to queue
[2025-11-22T04:25:03.685+0000] {logging_mixin.py:190} INFO - [2025-11-22T04:25:03.685+0000] {dagbag.py:588} INFO - Filling up the DagBag from /opt/airflow/dags/crawl_search_page.py
[2025-11-22T04:25:04.202+0000] {processor.py:925} INFO - DAG(s) 'crawl_search_page' retrieved from /opt/airflow/dags/crawl_search_page.py
[2025-11-22T04:25:04.217+0000] {logging_mixin.py:190} INFO - [2025-11-22T04:25:04.217+0000] {dag.py:3239} INFO - Sync 1 DAGs
[2025-11-22T04:25:04.227+0000] {logging_mixin.py:190} INFO - [2025-11-22T04:25:04.226+0000] {dag.py:4180} INFO - Setting next_dagrun for crawl_search_page to None, run_after=None
[2025-11-22T04:25:04.244+0000] {processor.py:208} INFO - Processing /opt/airflow/dags/crawl_search_page.py took 0.567 seconds
[2025-11-22T04:25:34.616+0000] {processor.py:186} INFO - Started process (PID=204) to work on /opt/airflow/dags/crawl_search_page.py
[2025-11-22T04:25:34.617+0000] {processor.py:914} INFO - Processing file /opt/airflow/dags/crawl_search_page.py for tasks to queue
[2025-11-22T04:25:34.619+0000] {logging_mixin.py:190} INFO - [2025-11-22T04:25:34.618+0000] {dagbag.py:588} INFO - Filling up the DagBag from /opt/airflow/dags/crawl_search_page.py
[2025-11-22T04:25:35.149+0000] {processor.py:925} INFO - DAG(s) 'crawl_search_page' retrieved from /opt/airflow/dags/crawl_search_page.py
[2025-11-22T04:25:35.165+0000] {logging_mixin.py:190} INFO - [2025-11-22T04:25:35.165+0000] {dag.py:3239} INFO - Sync 1 DAGs
[2025-11-22T04:25:35.174+0000] {logging_mixin.py:190} INFO - [2025-11-22T04:25:35.174+0000] {dag.py:4180} INFO - Setting next_dagrun for crawl_search_page to None, run_after=None
[2025-11-22T04:25:35.192+0000] {processor.py:208} INFO - Processing /opt/airflow/dags/crawl_search_page.py took 0.581 seconds
[2025-11-22T04:26:14.924+0000] {processor.py:186} INFO - Started process (PID=174) to work on /opt/airflow/dags/crawl_search_page.py
[2025-11-22T04:26:14.925+0000] {processor.py:914} INFO - Processing file /opt/airflow/dags/crawl_search_page.py for tasks to queue
[2025-11-22T04:26:14.928+0000] {logging_mixin.py:190} INFO - [2025-11-22T04:26:14.927+0000] {dagbag.py:588} INFO - Filling up the DagBag from /opt/airflow/dags/crawl_search_page.py
[2025-11-22T04:26:15.749+0000] {processor.py:925} INFO - DAG(s) 'crawl_search_page' retrieved from /opt/airflow/dags/crawl_search_page.py
[2025-11-22T04:26:15.782+0000] {logging_mixin.py:190} INFO - [2025-11-22T04:26:15.781+0000] {dag.py:3239} INFO - Sync 1 DAGs
[2025-11-22T04:26:15.800+0000] {logging_mixin.py:190} INFO - [2025-11-22T04:26:15.800+0000] {dag.py:4180} INFO - Setting next_dagrun for crawl_search_page to None, run_after=None
[2025-11-22T04:26:15.824+0000] {processor.py:208} INFO - Processing /opt/airflow/dags/crawl_search_page.py took 0.908 seconds
[2025-11-22T04:26:46.240+0000] {processor.py:186} INFO - Started process (PID=192) to work on /opt/airflow/dags/crawl_search_page.py
[2025-11-22T04:26:46.241+0000] {processor.py:914} INFO - Processing file /opt/airflow/dags/crawl_search_page.py for tasks to queue
[2025-11-22T04:26:46.243+0000] {logging_mixin.py:190} INFO - [2025-11-22T04:26:46.242+0000] {dagbag.py:588} INFO - Filling up the DagBag from /opt/airflow/dags/crawl_search_page.py
[2025-11-22T04:26:46.790+0000] {processor.py:925} INFO - DAG(s) 'crawl_search_page' retrieved from /opt/airflow/dags/crawl_search_page.py
[2025-11-22T04:26:46.806+0000] {logging_mixin.py:190} INFO - [2025-11-22T04:26:46.806+0000] {dag.py:3239} INFO - Sync 1 DAGs
[2025-11-22T04:26:46.815+0000] {logging_mixin.py:190} INFO - [2025-11-22T04:26:46.815+0000] {dag.py:4180} INFO - Setting next_dagrun for crawl_search_page to None, run_after=None
[2025-11-22T04:26:46.832+0000] {processor.py:208} INFO - Processing /opt/airflow/dags/crawl_search_page.py took 0.597 seconds
[2025-11-22T04:27:17.159+0000] {processor.py:186} INFO - Started process (PID=204) to work on /opt/airflow/dags/crawl_search_page.py
[2025-11-22T04:27:17.160+0000] {processor.py:914} INFO - Processing file /opt/airflow/dags/crawl_search_page.py for tasks to queue
[2025-11-22T04:27:17.162+0000] {logging_mixin.py:190} INFO - [2025-11-22T04:27:17.162+0000] {dagbag.py:588} INFO - Filling up the DagBag from /opt/airflow/dags/crawl_search_page.py
[2025-11-22T04:27:17.712+0000] {processor.py:925} INFO - DAG(s) 'crawl_search_page' retrieved from /opt/airflow/dags/crawl_search_page.py
[2025-11-22T04:27:17.729+0000] {logging_mixin.py:190} INFO - [2025-11-22T04:27:17.729+0000] {dag.py:3239} INFO - Sync 1 DAGs
[2025-11-22T04:27:17.739+0000] {logging_mixin.py:190} INFO - [2025-11-22T04:27:17.739+0000] {dag.py:4180} INFO - Setting next_dagrun for crawl_search_page to None, run_after=None
[2025-11-22T04:27:17.765+0000] {processor.py:208} INFO - Processing /opt/airflow/dags/crawl_search_page.py took 0.612 seconds
[2025-11-22T04:27:47.903+0000] {processor.py:186} INFO - Started process (PID=216) to work on /opt/airflow/dags/crawl_search_page.py
[2025-11-22T04:27:47.904+0000] {processor.py:914} INFO - Processing file /opt/airflow/dags/crawl_search_page.py for tasks to queue
[2025-11-22T04:27:47.906+0000] {logging_mixin.py:190} INFO - [2025-11-22T04:27:47.906+0000] {dagbag.py:588} INFO - Filling up the DagBag from /opt/airflow/dags/crawl_search_page.py
[2025-11-22T04:27:48.445+0000] {processor.py:925} INFO - DAG(s) 'crawl_search_page' retrieved from /opt/airflow/dags/crawl_search_page.py
[2025-11-22T04:27:48.462+0000] {logging_mixin.py:190} INFO - [2025-11-22T04:27:48.461+0000] {dag.py:3239} INFO - Sync 1 DAGs
[2025-11-22T04:27:48.471+0000] {logging_mixin.py:190} INFO - [2025-11-22T04:27:48.471+0000] {dag.py:4180} INFO - Setting next_dagrun for crawl_search_page to None, run_after=None
[2025-11-22T04:27:48.490+0000] {processor.py:208} INFO - Processing /opt/airflow/dags/crawl_search_page.py took 0.594 seconds
[2025-11-22T04:28:18.940+0000] {processor.py:186} INFO - Started process (PID=228) to work on /opt/airflow/dags/crawl_search_page.py
[2025-11-22T04:28:18.942+0000] {processor.py:914} INFO - Processing file /opt/airflow/dags/crawl_search_page.py for tasks to queue
[2025-11-22T04:28:18.947+0000] {logging_mixin.py:190} INFO - [2025-11-22T04:28:18.946+0000] {dagbag.py:588} INFO - Filling up the DagBag from /opt/airflow/dags/crawl_search_page.py
[2025-11-22T04:28:19.781+0000] {processor.py:925} INFO - DAG(s) 'crawl_search_page' retrieved from /opt/airflow/dags/crawl_search_page.py
[2025-11-22T04:28:19.801+0000] {logging_mixin.py:190} INFO - [2025-11-22T04:28:19.800+0000] {dag.py:3239} INFO - Sync 1 DAGs
[2025-11-22T04:28:19.812+0000] {logging_mixin.py:190} INFO - [2025-11-22T04:28:19.812+0000] {dag.py:4180} INFO - Setting next_dagrun for crawl_search_page to None, run_after=None
[2025-11-22T04:28:19.842+0000] {processor.py:208} INFO - Processing /opt/airflow/dags/crawl_search_page.py took 0.921 seconds
[2025-11-22T04:29:58.349+0000] {processor.py:186} INFO - Started process (PID=187) to work on /opt/airflow/dags/crawl_search_page.py
[2025-11-22T04:29:58.350+0000] {processor.py:914} INFO - Processing file /opt/airflow/dags/crawl_search_page.py for tasks to queue
[2025-11-22T04:29:58.353+0000] {logging_mixin.py:190} INFO - [2025-11-22T04:29:58.353+0000] {dagbag.py:588} INFO - Filling up the DagBag from /opt/airflow/dags/crawl_search_page.py
[2025-11-22T04:29:59.505+0000] {processor.py:925} INFO - DAG(s) 'crawl_search_page' retrieved from /opt/airflow/dags/crawl_search_page.py
[2025-11-22T04:29:59.562+0000] {logging_mixin.py:190} INFO - [2025-11-22T04:29:59.561+0000] {dag.py:3239} INFO - Sync 1 DAGs
[2025-11-22T04:29:59.581+0000] {logging_mixin.py:190} INFO - [2025-11-22T04:29:59.581+0000] {dag.py:4180} INFO - Setting next_dagrun for crawl_search_page to None, run_after=None
[2025-11-22T04:29:59.611+0000] {processor.py:208} INFO - Processing /opt/airflow/dags/crawl_search_page.py took 1.271 seconds
[2025-11-22T04:30:29.726+0000] {processor.py:186} INFO - Started process (PID=199) to work on /opt/airflow/dags/crawl_search_page.py
[2025-11-22T04:30:29.727+0000] {processor.py:914} INFO - Processing file /opt/airflow/dags/crawl_search_page.py for tasks to queue
[2025-11-22T04:30:29.730+0000] {logging_mixin.py:190} INFO - [2025-11-22T04:30:29.729+0000] {dagbag.py:588} INFO - Filling up the DagBag from /opt/airflow/dags/crawl_search_page.py
[2025-11-22T04:30:30.367+0000] {processor.py:925} INFO - DAG(s) 'crawl_search_page' retrieved from /opt/airflow/dags/crawl_search_page.py
[2025-11-22T04:30:30.391+0000] {logging_mixin.py:190} INFO - [2025-11-22T04:30:30.390+0000] {dag.py:3239} INFO - Sync 1 DAGs
[2025-11-22T04:30:30.404+0000] {logging_mixin.py:190} INFO - [2025-11-22T04:30:30.404+0000] {dag.py:4180} INFO - Setting next_dagrun for crawl_search_page to None, run_after=None
[2025-11-22T04:30:30.424+0000] {processor.py:208} INFO - Processing /opt/airflow/dags/crawl_search_page.py took 0.706 seconds
[2025-11-22T04:31:00.872+0000] {processor.py:186} INFO - Started process (PID=211) to work on /opt/airflow/dags/crawl_search_page.py
[2025-11-22T04:31:00.873+0000] {processor.py:914} INFO - Processing file /opt/airflow/dags/crawl_search_page.py for tasks to queue
[2025-11-22T04:31:00.875+0000] {logging_mixin.py:190} INFO - [2025-11-22T04:31:00.875+0000] {dagbag.py:588} INFO - Filling up the DagBag from /opt/airflow/dags/crawl_search_page.py
[2025-11-22T04:31:01.470+0000] {processor.py:925} INFO - DAG(s) 'crawl_search_page' retrieved from /opt/airflow/dags/crawl_search_page.py
[2025-11-22T04:31:01.490+0000] {logging_mixin.py:190} INFO - [2025-11-22T04:31:01.489+0000] {dag.py:3239} INFO - Sync 1 DAGs
[2025-11-22T04:31:01.500+0000] {logging_mixin.py:190} INFO - [2025-11-22T04:31:01.500+0000] {dag.py:4180} INFO - Setting next_dagrun for crawl_search_page to None, run_after=None
[2025-11-22T04:31:01.517+0000] {processor.py:208} INFO - Processing /opt/airflow/dags/crawl_search_page.py took 0.651 seconds
[2025-11-22T04:31:31.687+0000] {processor.py:186} INFO - Started process (PID=223) to work on /opt/airflow/dags/crawl_search_page.py
[2025-11-22T04:31:31.688+0000] {processor.py:914} INFO - Processing file /opt/airflow/dags/crawl_search_page.py for tasks to queue
[2025-11-22T04:31:31.691+0000] {logging_mixin.py:190} INFO - [2025-11-22T04:31:31.690+0000] {dagbag.py:588} INFO - Filling up the DagBag from /opt/airflow/dags/crawl_search_page.py
[2025-11-22T04:31:32.261+0000] {processor.py:925} INFO - DAG(s) 'crawl_search_page' retrieved from /opt/airflow/dags/crawl_search_page.py
[2025-11-22T04:31:32.280+0000] {logging_mixin.py:190} INFO - [2025-11-22T04:31:32.279+0000] {dag.py:3239} INFO - Sync 1 DAGs
[2025-11-22T04:31:32.289+0000] {logging_mixin.py:190} INFO - [2025-11-22T04:31:32.289+0000] {dag.py:4180} INFO - Setting next_dagrun for crawl_search_page to None, run_after=None
[2025-11-22T04:31:32.308+0000] {processor.py:208} INFO - Processing /opt/airflow/dags/crawl_search_page.py took 0.628 seconds
[2025-11-22T04:32:02.687+0000] {processor.py:186} INFO - Started process (PID=235) to work on /opt/airflow/dags/crawl_search_page.py
[2025-11-22T04:32:02.688+0000] {processor.py:914} INFO - Processing file /opt/airflow/dags/crawl_search_page.py for tasks to queue
[2025-11-22T04:32:02.690+0000] {logging_mixin.py:190} INFO - [2025-11-22T04:32:02.690+0000] {dagbag.py:588} INFO - Filling up the DagBag from /opt/airflow/dags/crawl_search_page.py
[2025-11-22T04:32:03.326+0000] {processor.py:925} INFO - DAG(s) 'crawl_search_page' retrieved from /opt/airflow/dags/crawl_search_page.py
[2025-11-22T04:32:03.348+0000] {logging_mixin.py:190} INFO - [2025-11-22T04:32:03.348+0000] {dag.py:3239} INFO - Sync 1 DAGs
[2025-11-22T04:32:03.363+0000] {logging_mixin.py:190} INFO - [2025-11-22T04:32:03.363+0000] {dag.py:4180} INFO - Setting next_dagrun for crawl_search_page to None, run_after=None
[2025-11-22T04:32:03.384+0000] {processor.py:208} INFO - Processing /opt/airflow/dags/crawl_search_page.py took 0.702 seconds
[2025-11-22T04:32:33.639+0000] {processor.py:186} INFO - Started process (PID=253) to work on /opt/airflow/dags/crawl_search_page.py
[2025-11-22T04:32:33.640+0000] {processor.py:914} INFO - Processing file /opt/airflow/dags/crawl_search_page.py for tasks to queue
[2025-11-22T04:32:33.643+0000] {logging_mixin.py:190} INFO - [2025-11-22T04:32:33.642+0000] {dagbag.py:588} INFO - Filling up the DagBag from /opt/airflow/dags/crawl_search_page.py
[2025-11-22T04:32:34.265+0000] {processor.py:925} INFO - DAG(s) 'crawl_search_page' retrieved from /opt/airflow/dags/crawl_search_page.py
[2025-11-22T04:32:34.282+0000] {logging_mixin.py:190} INFO - [2025-11-22T04:32:34.282+0000] {dag.py:3239} INFO - Sync 1 DAGs
[2025-11-22T04:32:34.292+0000] {logging_mixin.py:190} INFO - [2025-11-22T04:32:34.292+0000] {dag.py:4180} INFO - Setting next_dagrun for crawl_search_page to None, run_after=None
[2025-11-22T04:32:34.309+0000] {processor.py:208} INFO - Processing /opt/airflow/dags/crawl_search_page.py took 0.675 seconds
[2025-11-22T04:33:04.716+0000] {processor.py:186} INFO - Started process (PID=265) to work on /opt/airflow/dags/crawl_search_page.py
[2025-11-22T04:33:04.718+0000] {processor.py:914} INFO - Processing file /opt/airflow/dags/crawl_search_page.py for tasks to queue
[2025-11-22T04:33:04.723+0000] {logging_mixin.py:190} INFO - [2025-11-22T04:33:04.723+0000] {dagbag.py:588} INFO - Filling up the DagBag from /opt/airflow/dags/crawl_search_page.py
[2025-11-22T04:33:05.345+0000] {processor.py:925} INFO - DAG(s) 'crawl_search_page' retrieved from /opt/airflow/dags/crawl_search_page.py
[2025-11-22T04:33:05.365+0000] {logging_mixin.py:190} INFO - [2025-11-22T04:33:05.365+0000] {dag.py:3239} INFO - Sync 1 DAGs
[2025-11-22T04:33:05.384+0000] {logging_mixin.py:190} INFO - [2025-11-22T04:33:05.384+0000] {dag.py:4180} INFO - Setting next_dagrun for crawl_search_page to None, run_after=None
[2025-11-22T04:33:05.404+0000] {processor.py:208} INFO - Processing /opt/airflow/dags/crawl_search_page.py took 0.701 seconds
[2025-11-22T04:33:35.752+0000] {processor.py:186} INFO - Started process (PID=277) to work on /opt/airflow/dags/crawl_search_page.py
[2025-11-22T04:33:35.754+0000] {processor.py:914} INFO - Processing file /opt/airflow/dags/crawl_search_page.py for tasks to queue
[2025-11-22T04:33:35.756+0000] {logging_mixin.py:190} INFO - [2025-11-22T04:33:35.756+0000] {dagbag.py:588} INFO - Filling up the DagBag from /opt/airflow/dags/crawl_search_page.py
[2025-11-22T04:33:36.374+0000] {processor.py:925} INFO - DAG(s) 'crawl_search_page' retrieved from /opt/airflow/dags/crawl_search_page.py
[2025-11-22T04:33:36.393+0000] {logging_mixin.py:190} INFO - [2025-11-22T04:33:36.393+0000] {dag.py:3239} INFO - Sync 1 DAGs
[2025-11-22T04:33:36.405+0000] {logging_mixin.py:190} INFO - [2025-11-22T04:33:36.404+0000] {dag.py:4180} INFO - Setting next_dagrun for crawl_search_page to None, run_after=None
[2025-11-22T04:33:36.422+0000] {processor.py:208} INFO - Processing /opt/airflow/dags/crawl_search_page.py took 0.676 seconds
[2025-11-22T04:34:06.774+0000] {processor.py:186} INFO - Started process (PID=289) to work on /opt/airflow/dags/crawl_search_page.py
[2025-11-22T04:34:06.775+0000] {processor.py:914} INFO - Processing file /opt/airflow/dags/crawl_search_page.py for tasks to queue
[2025-11-22T04:34:06.777+0000] {logging_mixin.py:190} INFO - [2025-11-22T04:34:06.777+0000] {dagbag.py:588} INFO - Filling up the DagBag from /opt/airflow/dags/crawl_search_page.py
[2025-11-22T04:34:07.364+0000] {processor.py:925} INFO - DAG(s) 'crawl_search_page' retrieved from /opt/airflow/dags/crawl_search_page.py
[2025-11-22T04:34:07.382+0000] {logging_mixin.py:190} INFO - [2025-11-22T04:34:07.382+0000] {dag.py:3239} INFO - Sync 1 DAGs
[2025-11-22T04:34:07.393+0000] {logging_mixin.py:190} INFO - [2025-11-22T04:34:07.393+0000] {dag.py:4180} INFO - Setting next_dagrun for crawl_search_page to None, run_after=None
[2025-11-22T04:34:07.410+0000] {processor.py:208} INFO - Processing /opt/airflow/dags/crawl_search_page.py took 0.641 seconds
[2025-11-22T04:34:37.819+0000] {processor.py:186} INFO - Started process (PID=301) to work on /opt/airflow/dags/crawl_search_page.py
[2025-11-22T04:34:37.820+0000] {processor.py:914} INFO - Processing file /opt/airflow/dags/crawl_search_page.py for tasks to queue
[2025-11-22T04:34:37.822+0000] {logging_mixin.py:190} INFO - [2025-11-22T04:34:37.822+0000] {dagbag.py:588} INFO - Filling up the DagBag from /opt/airflow/dags/crawl_search_page.py
[2025-11-22T04:34:38.392+0000] {processor.py:925} INFO - DAG(s) 'crawl_search_page' retrieved from /opt/airflow/dags/crawl_search_page.py
[2025-11-22T04:34:38.410+0000] {logging_mixin.py:190} INFO - [2025-11-22T04:34:38.410+0000] {dag.py:3239} INFO - Sync 1 DAGs
[2025-11-22T04:34:38.422+0000] {logging_mixin.py:190} INFO - [2025-11-22T04:34:38.422+0000] {dag.py:4180} INFO - Setting next_dagrun for crawl_search_page to None, run_after=None
[2025-11-22T04:34:38.449+0000] {processor.py:208} INFO - Processing /opt/airflow/dags/crawl_search_page.py took 0.635 seconds
[2025-11-22T04:35:08.772+0000] {processor.py:186} INFO - Started process (PID=313) to work on /opt/airflow/dags/crawl_search_page.py
[2025-11-22T04:35:08.773+0000] {processor.py:914} INFO - Processing file /opt/airflow/dags/crawl_search_page.py for tasks to queue
[2025-11-22T04:35:08.776+0000] {logging_mixin.py:190} INFO - [2025-11-22T04:35:08.776+0000] {dagbag.py:588} INFO - Filling up the DagBag from /opt/airflow/dags/crawl_search_page.py
[2025-11-22T04:35:09.353+0000] {processor.py:925} INFO - DAG(s) 'crawl_search_page' retrieved from /opt/airflow/dags/crawl_search_page.py
[2025-11-22T04:35:09.370+0000] {logging_mixin.py:190} INFO - [2025-11-22T04:35:09.370+0000] {dag.py:3239} INFO - Sync 1 DAGs
[2025-11-22T04:35:09.380+0000] {logging_mixin.py:190} INFO - [2025-11-22T04:35:09.380+0000] {dag.py:4180} INFO - Setting next_dagrun for crawl_search_page to None, run_after=None
[2025-11-22T04:35:09.406+0000] {processor.py:208} INFO - Processing /opt/airflow/dags/crawl_search_page.py took 0.641 seconds
[2025-11-22T04:35:39.835+0000] {processor.py:186} INFO - Started process (PID=325) to work on /opt/airflow/dags/crawl_search_page.py
[2025-11-22T04:35:39.836+0000] {processor.py:914} INFO - Processing file /opt/airflow/dags/crawl_search_page.py for tasks to queue
[2025-11-22T04:35:39.839+0000] {logging_mixin.py:190} INFO - [2025-11-22T04:35:39.838+0000] {dagbag.py:588} INFO - Filling up the DagBag from /opt/airflow/dags/crawl_search_page.py
[2025-11-22T04:35:40.427+0000] {processor.py:925} INFO - DAG(s) 'crawl_search_page' retrieved from /opt/airflow/dags/crawl_search_page.py
[2025-11-22T04:35:40.444+0000] {logging_mixin.py:190} INFO - [2025-11-22T04:35:40.444+0000] {dag.py:3239} INFO - Sync 1 DAGs
[2025-11-22T04:35:40.454+0000] {logging_mixin.py:190} INFO - [2025-11-22T04:35:40.454+0000] {dag.py:4180} INFO - Setting next_dagrun for crawl_search_page to None, run_after=None
[2025-11-22T04:35:40.474+0000] {processor.py:208} INFO - Processing /opt/airflow/dags/crawl_search_page.py took 0.644 seconds
[2025-11-22T04:36:10.575+0000] {processor.py:186} INFO - Started process (PID=337) to work on /opt/airflow/dags/crawl_search_page.py
[2025-11-22T04:36:10.576+0000] {processor.py:914} INFO - Processing file /opt/airflow/dags/crawl_search_page.py for tasks to queue
[2025-11-22T04:36:10.579+0000] {logging_mixin.py:190} INFO - [2025-11-22T04:36:10.578+0000] {dagbag.py:588} INFO - Filling up the DagBag from /opt/airflow/dags/crawl_search_page.py
[2025-11-22T04:36:11.192+0000] {processor.py:925} INFO - DAG(s) 'crawl_search_page' retrieved from /opt/airflow/dags/crawl_search_page.py
[2025-11-22T04:36:11.210+0000] {logging_mixin.py:190} INFO - [2025-11-22T04:36:11.210+0000] {dag.py:3239} INFO - Sync 1 DAGs
[2025-11-22T04:36:11.225+0000] {logging_mixin.py:190} INFO - [2025-11-22T04:36:11.225+0000] {dag.py:4180} INFO - Setting next_dagrun for crawl_search_page to None, run_after=None
[2025-11-22T04:36:11.259+0000] {processor.py:208} INFO - Processing /opt/airflow/dags/crawl_search_page.py took 0.690 seconds
[2025-11-22T04:36:41.675+0000] {processor.py:186} INFO - Started process (PID=349) to work on /opt/airflow/dags/crawl_search_page.py
[2025-11-22T04:36:41.676+0000] {processor.py:914} INFO - Processing file /opt/airflow/dags/crawl_search_page.py for tasks to queue
[2025-11-22T04:36:41.678+0000] {logging_mixin.py:190} INFO - [2025-11-22T04:36:41.678+0000] {dagbag.py:588} INFO - Filling up the DagBag from /opt/airflow/dags/crawl_search_page.py
[2025-11-22T04:36:42.239+0000] {processor.py:925} INFO - DAG(s) 'crawl_search_page' retrieved from /opt/airflow/dags/crawl_search_page.py
[2025-11-22T04:36:42.256+0000] {logging_mixin.py:190} INFO - [2025-11-22T04:36:42.255+0000] {dag.py:3239} INFO - Sync 1 DAGs
[2025-11-22T04:36:42.266+0000] {logging_mixin.py:190} INFO - [2025-11-22T04:36:42.266+0000] {dag.py:4180} INFO - Setting next_dagrun for crawl_search_page to None, run_after=None
[2025-11-22T04:36:42.293+0000] {processor.py:208} INFO - Processing /opt/airflow/dags/crawl_search_page.py took 0.624 seconds
[2025-11-22T04:37:12.625+0000] {processor.py:186} INFO - Started process (PID=361) to work on /opt/airflow/dags/crawl_search_page.py
[2025-11-22T04:37:12.625+0000] {processor.py:914} INFO - Processing file /opt/airflow/dags/crawl_search_page.py for tasks to queue
[2025-11-22T04:37:12.627+0000] {logging_mixin.py:190} INFO - [2025-11-22T04:37:12.627+0000] {dagbag.py:588} INFO - Filling up the DagBag from /opt/airflow/dags/crawl_search_page.py
[2025-11-22T04:37:13.265+0000] {processor.py:925} INFO - DAG(s) 'crawl_search_page' retrieved from /opt/airflow/dags/crawl_search_page.py
[2025-11-22T04:37:13.284+0000] {logging_mixin.py:190} INFO - [2025-11-22T04:37:13.284+0000] {dag.py:3239} INFO - Sync 1 DAGs
[2025-11-22T04:37:13.294+0000] {logging_mixin.py:190} INFO - [2025-11-22T04:37:13.294+0000] {dag.py:4180} INFO - Setting next_dagrun for crawl_search_page to None, run_after=None
[2025-11-22T04:37:13.312+0000] {processor.py:208} INFO - Processing /opt/airflow/dags/crawl_search_page.py took 0.693 seconds
[2025-11-22T04:37:43.714+0000] {processor.py:186} INFO - Started process (PID=373) to work on /opt/airflow/dags/crawl_search_page.py
[2025-11-22T04:37:43.715+0000] {processor.py:914} INFO - Processing file /opt/airflow/dags/crawl_search_page.py for tasks to queue
[2025-11-22T04:37:43.717+0000] {logging_mixin.py:190} INFO - [2025-11-22T04:37:43.717+0000] {dagbag.py:588} INFO - Filling up the DagBag from /opt/airflow/dags/crawl_search_page.py
[2025-11-22T04:37:44.301+0000] {processor.py:925} INFO - DAG(s) 'crawl_search_page' retrieved from /opt/airflow/dags/crawl_search_page.py
[2025-11-22T04:37:44.320+0000] {logging_mixin.py:190} INFO - [2025-11-22T04:37:44.319+0000] {dag.py:3239} INFO - Sync 1 DAGs
[2025-11-22T04:37:44.330+0000] {logging_mixin.py:190} INFO - [2025-11-22T04:37:44.329+0000] {dag.py:4180} INFO - Setting next_dagrun for crawl_search_page to None, run_after=None
[2025-11-22T04:37:44.352+0000] {processor.py:208} INFO - Processing /opt/airflow/dags/crawl_search_page.py took 0.644 seconds
[2025-11-22T04:38:14.462+0000] {processor.py:186} INFO - Started process (PID=385) to work on /opt/airflow/dags/crawl_search_page.py
[2025-11-22T04:38:14.463+0000] {processor.py:914} INFO - Processing file /opt/airflow/dags/crawl_search_page.py for tasks to queue
[2025-11-22T04:38:14.465+0000] {logging_mixin.py:190} INFO - [2025-11-22T04:38:14.465+0000] {dagbag.py:588} INFO - Filling up the DagBag from /opt/airflow/dags/crawl_search_page.py
[2025-11-22T04:38:15.073+0000] {processor.py:925} INFO - DAG(s) 'crawl_search_page' retrieved from /opt/airflow/dags/crawl_search_page.py
[2025-11-22T04:38:15.101+0000] {logging_mixin.py:190} INFO - [2025-11-22T04:38:15.100+0000] {dag.py:3239} INFO - Sync 1 DAGs
[2025-11-22T04:38:15.113+0000] {logging_mixin.py:190} INFO - [2025-11-22T04:38:15.113+0000] {dag.py:4180} INFO - Setting next_dagrun for crawl_search_page to None, run_after=None
[2025-11-22T04:38:15.132+0000] {processor.py:208} INFO - Processing /opt/airflow/dags/crawl_search_page.py took 0.675 seconds
[2025-11-22T04:38:45.557+0000] {processor.py:186} INFO - Started process (PID=397) to work on /opt/airflow/dags/crawl_search_page.py
[2025-11-22T04:38:45.558+0000] {processor.py:914} INFO - Processing file /opt/airflow/dags/crawl_search_page.py for tasks to queue
[2025-11-22T04:38:45.560+0000] {logging_mixin.py:190} INFO - [2025-11-22T04:38:45.560+0000] {dagbag.py:588} INFO - Filling up the DagBag from /opt/airflow/dags/crawl_search_page.py
[2025-11-22T04:38:46.153+0000] {processor.py:925} INFO - DAG(s) 'crawl_search_page' retrieved from /opt/airflow/dags/crawl_search_page.py
[2025-11-22T04:38:46.170+0000] {logging_mixin.py:190} INFO - [2025-11-22T04:38:46.170+0000] {dag.py:3239} INFO - Sync 1 DAGs
[2025-11-22T04:38:46.180+0000] {logging_mixin.py:190} INFO - [2025-11-22T04:38:46.180+0000] {dag.py:4180} INFO - Setting next_dagrun for crawl_search_page to None, run_after=None
[2025-11-22T04:38:46.205+0000] {processor.py:208} INFO - Processing /opt/airflow/dags/crawl_search_page.py took 0.655 seconds
[2025-11-22T04:39:16.529+0000] {processor.py:186} INFO - Started process (PID=409) to work on /opt/airflow/dags/crawl_search_page.py
[2025-11-22T04:39:16.530+0000] {processor.py:914} INFO - Processing file /opt/airflow/dags/crawl_search_page.py for tasks to queue
[2025-11-22T04:39:16.532+0000] {logging_mixin.py:190} INFO - [2025-11-22T04:39:16.532+0000] {dagbag.py:588} INFO - Filling up the DagBag from /opt/airflow/dags/crawl_search_page.py
[2025-11-22T04:39:17.088+0000] {processor.py:925} INFO - DAG(s) 'crawl_search_page' retrieved from /opt/airflow/dags/crawl_search_page.py
[2025-11-22T04:39:17.107+0000] {logging_mixin.py:190} INFO - [2025-11-22T04:39:17.106+0000] {dag.py:3239} INFO - Sync 1 DAGs
[2025-11-22T04:39:17.118+0000] {logging_mixin.py:190} INFO - [2025-11-22T04:39:17.118+0000] {dag.py:4180} INFO - Setting next_dagrun for crawl_search_page to None, run_after=None
[2025-11-22T04:39:17.135+0000] {processor.py:208} INFO - Processing /opt/airflow/dags/crawl_search_page.py took 0.612 seconds
[2025-11-22T04:39:47.563+0000] {processor.py:186} INFO - Started process (PID=421) to work on /opt/airflow/dags/crawl_search_page.py
[2025-11-22T04:39:47.564+0000] {processor.py:914} INFO - Processing file /opt/airflow/dags/crawl_search_page.py for tasks to queue
[2025-11-22T04:39:47.566+0000] {logging_mixin.py:190} INFO - [2025-11-22T04:39:47.566+0000] {dagbag.py:588} INFO - Filling up the DagBag from /opt/airflow/dags/crawl_search_page.py
[2025-11-22T04:39:48.134+0000] {processor.py:925} INFO - DAG(s) 'crawl_search_page' retrieved from /opt/airflow/dags/crawl_search_page.py
[2025-11-22T04:39:48.152+0000] {logging_mixin.py:190} INFO - [2025-11-22T04:39:48.152+0000] {dag.py:3239} INFO - Sync 1 DAGs
[2025-11-22T04:39:48.162+0000] {logging_mixin.py:190} INFO - [2025-11-22T04:39:48.162+0000] {dag.py:4180} INFO - Setting next_dagrun for crawl_search_page to None, run_after=None
[2025-11-22T04:39:48.188+0000] {processor.py:208} INFO - Processing /opt/airflow/dags/crawl_search_page.py took 0.631 seconds
[2025-11-22T04:40:18.525+0000] {processor.py:186} INFO - Started process (PID=433) to work on /opt/airflow/dags/crawl_search_page.py
[2025-11-22T04:40:18.526+0000] {processor.py:914} INFO - Processing file /opt/airflow/dags/crawl_search_page.py for tasks to queue
[2025-11-22T04:40:18.528+0000] {logging_mixin.py:190} INFO - [2025-11-22T04:40:18.528+0000] {dagbag.py:588} INFO - Filling up the DagBag from /opt/airflow/dags/crawl_search_page.py
[2025-11-22T04:40:19.117+0000] {processor.py:925} INFO - DAG(s) 'crawl_search_page' retrieved from /opt/airflow/dags/crawl_search_page.py
[2025-11-22T04:40:19.135+0000] {logging_mixin.py:190} INFO - [2025-11-22T04:40:19.135+0000] {dag.py:3239} INFO - Sync 1 DAGs
[2025-11-22T04:40:19.146+0000] {logging_mixin.py:190} INFO - [2025-11-22T04:40:19.145+0000] {dag.py:4180} INFO - Setting next_dagrun for crawl_search_page to None, run_after=None
[2025-11-22T04:40:19.172+0000] {processor.py:208} INFO - Processing /opt/airflow/dags/crawl_search_page.py took 0.653 seconds
[2025-11-22T04:40:49.559+0000] {processor.py:186} INFO - Started process (PID=445) to work on /opt/airflow/dags/crawl_search_page.py
[2025-11-22T04:40:49.560+0000] {processor.py:914} INFO - Processing file /opt/airflow/dags/crawl_search_page.py for tasks to queue
[2025-11-22T04:40:49.563+0000] {logging_mixin.py:190} INFO - [2025-11-22T04:40:49.562+0000] {dagbag.py:588} INFO - Filling up the DagBag from /opt/airflow/dags/crawl_search_page.py
[2025-11-22T04:40:50.167+0000] {processor.py:925} INFO - DAG(s) 'crawl_search_page' retrieved from /opt/airflow/dags/crawl_search_page.py
[2025-11-22T04:40:50.193+0000] {logging_mixin.py:190} INFO - [2025-11-22T04:40:50.193+0000] {dag.py:3239} INFO - Sync 1 DAGs
[2025-11-22T04:40:50.204+0000] {logging_mixin.py:190} INFO - [2025-11-22T04:40:50.204+0000] {dag.py:4180} INFO - Setting next_dagrun for crawl_search_page to None, run_after=None
[2025-11-22T04:40:50.221+0000] {processor.py:208} INFO - Processing /opt/airflow/dags/crawl_search_page.py took 0.668 seconds
[2025-11-22T04:41:20.330+0000] {processor.py:186} INFO - Started process (PID=457) to work on /opt/airflow/dags/crawl_search_page.py
[2025-11-22T04:41:20.331+0000] {processor.py:914} INFO - Processing file /opt/airflow/dags/crawl_search_page.py for tasks to queue
[2025-11-22T04:41:20.333+0000] {logging_mixin.py:190} INFO - [2025-11-22T04:41:20.332+0000] {dagbag.py:588} INFO - Filling up the DagBag from /opt/airflow/dags/crawl_search_page.py
[2025-11-22T04:41:20.913+0000] {processor.py:925} INFO - DAG(s) 'crawl_search_page' retrieved from /opt/airflow/dags/crawl_search_page.py
[2025-11-22T04:41:20.930+0000] {logging_mixin.py:190} INFO - [2025-11-22T04:41:20.930+0000] {dag.py:3239} INFO - Sync 1 DAGs
[2025-11-22T04:41:20.941+0000] {logging_mixin.py:190} INFO - [2025-11-22T04:41:20.941+0000] {dag.py:4180} INFO - Setting next_dagrun for crawl_search_page to None, run_after=None
[2025-11-22T04:41:20.958+0000] {processor.py:208} INFO - Processing /opt/airflow/dags/crawl_search_page.py took 0.634 seconds
[2025-11-22T04:41:51.035+0000] {processor.py:186} INFO - Started process (PID=469) to work on /opt/airflow/dags/crawl_search_page.py
[2025-11-22T04:41:51.036+0000] {processor.py:914} INFO - Processing file /opt/airflow/dags/crawl_search_page.py for tasks to queue
[2025-11-22T04:41:51.039+0000] {logging_mixin.py:190} INFO - [2025-11-22T04:41:51.038+0000] {dagbag.py:588} INFO - Filling up the DagBag from /opt/airflow/dags/crawl_search_page.py
[2025-11-22T04:41:51.620+0000] {processor.py:925} INFO - DAG(s) 'crawl_search_page' retrieved from /opt/airflow/dags/crawl_search_page.py
[2025-11-22T04:41:51.636+0000] {logging_mixin.py:190} INFO - [2025-11-22T04:41:51.636+0000] {dag.py:3239} INFO - Sync 1 DAGs
[2025-11-22T04:41:51.646+0000] {logging_mixin.py:190} INFO - [2025-11-22T04:41:51.646+0000] {dag.py:4180} INFO - Setting next_dagrun for crawl_search_page to None, run_after=None
[2025-11-22T04:41:51.672+0000] {processor.py:208} INFO - Processing /opt/airflow/dags/crawl_search_page.py took 0.642 seconds
[2025-11-22T04:42:22.069+0000] {processor.py:186} INFO - Started process (PID=481) to work on /opt/airflow/dags/crawl_search_page.py
[2025-11-22T04:42:22.070+0000] {processor.py:914} INFO - Processing file /opt/airflow/dags/crawl_search_page.py for tasks to queue
[2025-11-22T04:42:22.073+0000] {logging_mixin.py:190} INFO - [2025-11-22T04:42:22.073+0000] {dagbag.py:588} INFO - Filling up the DagBag from /opt/airflow/dags/crawl_search_page.py
[2025-11-22T04:42:22.703+0000] {processor.py:925} INFO - DAG(s) 'crawl_search_page' retrieved from /opt/airflow/dags/crawl_search_page.py
[2025-11-22T04:42:22.721+0000] {logging_mixin.py:190} INFO - [2025-11-22T04:42:22.720+0000] {dag.py:3239} INFO - Sync 1 DAGs
[2025-11-22T04:42:22.732+0000] {logging_mixin.py:190} INFO - [2025-11-22T04:42:22.731+0000] {dag.py:4180} INFO - Setting next_dagrun for crawl_search_page to None, run_after=None
[2025-11-22T04:42:22.750+0000] {processor.py:208} INFO - Processing /opt/airflow/dags/crawl_search_page.py took 0.687 seconds
[2025-11-22T04:42:53.076+0000] {processor.py:186} INFO - Started process (PID=493) to work on /opt/airflow/dags/crawl_search_page.py
[2025-11-22T04:42:53.077+0000] {processor.py:914} INFO - Processing file /opt/airflow/dags/crawl_search_page.py for tasks to queue
[2025-11-22T04:42:53.080+0000] {logging_mixin.py:190} INFO - [2025-11-22T04:42:53.080+0000] {dagbag.py:588} INFO - Filling up the DagBag from /opt/airflow/dags/crawl_search_page.py
[2025-11-22T04:42:53.785+0000] {processor.py:925} INFO - DAG(s) 'crawl_search_page' retrieved from /opt/airflow/dags/crawl_search_page.py
[2025-11-22T04:42:53.804+0000] {logging_mixin.py:190} INFO - [2025-11-22T04:42:53.803+0000] {dag.py:3239} INFO - Sync 1 DAGs
[2025-11-22T04:42:53.814+0000] {logging_mixin.py:190} INFO - [2025-11-22T04:42:53.814+0000] {dag.py:4180} INFO - Setting next_dagrun for crawl_search_page to None, run_after=None
[2025-11-22T04:42:53.841+0000] {processor.py:208} INFO - Processing /opt/airflow/dags/crawl_search_page.py took 0.771 seconds
[2025-11-22T04:43:24.265+0000] {processor.py:186} INFO - Started process (PID=505) to work on /opt/airflow/dags/crawl_search_page.py
[2025-11-22T04:43:24.266+0000] {processor.py:914} INFO - Processing file /opt/airflow/dags/crawl_search_page.py for tasks to queue
[2025-11-22T04:43:24.270+0000] {logging_mixin.py:190} INFO - [2025-11-22T04:43:24.269+0000] {dagbag.py:588} INFO - Filling up the DagBag from /opt/airflow/dags/crawl_search_page.py
[2025-11-22T04:43:24.863+0000] {processor.py:925} INFO - DAG(s) 'crawl_search_page' retrieved from /opt/airflow/dags/crawl_search_page.py
[2025-11-22T04:43:24.881+0000] {logging_mixin.py:190} INFO - [2025-11-22T04:43:24.880+0000] {dag.py:3239} INFO - Sync 1 DAGs
[2025-11-22T04:43:24.890+0000] {logging_mixin.py:190} INFO - [2025-11-22T04:43:24.890+0000] {dag.py:4180} INFO - Setting next_dagrun for crawl_search_page to None, run_after=None
[2025-11-22T04:43:24.918+0000] {processor.py:208} INFO - Processing /opt/airflow/dags/crawl_search_page.py took 0.659 seconds
[2025-11-22T04:43:55.325+0000] {processor.py:186} INFO - Started process (PID=517) to work on /opt/airflow/dags/crawl_search_page.py
[2025-11-22T04:43:55.326+0000] {processor.py:914} INFO - Processing file /opt/airflow/dags/crawl_search_page.py for tasks to queue
[2025-11-22T04:43:55.328+0000] {logging_mixin.py:190} INFO - [2025-11-22T04:43:55.328+0000] {dagbag.py:588} INFO - Filling up the DagBag from /opt/airflow/dags/crawl_search_page.py
[2025-11-22T04:43:55.922+0000] {processor.py:925} INFO - DAG(s) 'crawl_search_page' retrieved from /opt/airflow/dags/crawl_search_page.py
[2025-11-22T04:43:55.940+0000] {logging_mixin.py:190} INFO - [2025-11-22T04:43:55.940+0000] {dag.py:3239} INFO - Sync 1 DAGs
[2025-11-22T04:43:55.951+0000] {logging_mixin.py:190} INFO - [2025-11-22T04:43:55.950+0000] {dag.py:4180} INFO - Setting next_dagrun for crawl_search_page to None, run_after=None
[2025-11-22T04:43:55.982+0000] {processor.py:208} INFO - Processing /opt/airflow/dags/crawl_search_page.py took 0.663 seconds
[2025-11-22T04:44:26.260+0000] {processor.py:186} INFO - Started process (PID=529) to work on /opt/airflow/dags/crawl_search_page.py
[2025-11-22T04:44:26.261+0000] {processor.py:914} INFO - Processing file /opt/airflow/dags/crawl_search_page.py for tasks to queue
[2025-11-22T04:44:26.263+0000] {logging_mixin.py:190} INFO - [2025-11-22T04:44:26.263+0000] {dagbag.py:588} INFO - Filling up the DagBag from /opt/airflow/dags/crawl_search_page.py
[2025-11-22T04:44:26.815+0000] {processor.py:925} INFO - DAG(s) 'crawl_search_page' retrieved from /opt/airflow/dags/crawl_search_page.py
[2025-11-22T04:44:26.833+0000] {logging_mixin.py:190} INFO - [2025-11-22T04:44:26.832+0000] {dag.py:3239} INFO - Sync 1 DAGs
[2025-11-22T04:44:26.843+0000] {logging_mixin.py:190} INFO - [2025-11-22T04:44:26.842+0000] {dag.py:4180} INFO - Setting next_dagrun for crawl_search_page to None, run_after=None
[2025-11-22T04:44:26.868+0000] {processor.py:208} INFO - Processing /opt/airflow/dags/crawl_search_page.py took 0.614 seconds
[2025-11-22T04:44:57.298+0000] {processor.py:186} INFO - Started process (PID=541) to work on /opt/airflow/dags/crawl_search_page.py
[2025-11-22T04:44:57.299+0000] {processor.py:914} INFO - Processing file /opt/airflow/dags/crawl_search_page.py for tasks to queue
[2025-11-22T04:44:57.302+0000] {logging_mixin.py:190} INFO - [2025-11-22T04:44:57.301+0000] {dagbag.py:588} INFO - Filling up the DagBag from /opt/airflow/dags/crawl_search_page.py
[2025-11-22T04:44:57.869+0000] {processor.py:925} INFO - DAG(s) 'crawl_search_page' retrieved from /opt/airflow/dags/crawl_search_page.py
[2025-11-22T04:44:57.886+0000] {logging_mixin.py:190} INFO - [2025-11-22T04:44:57.886+0000] {dag.py:3239} INFO - Sync 1 DAGs
[2025-11-22T04:44:57.897+0000] {logging_mixin.py:190} INFO - [2025-11-22T04:44:57.897+0000] {dag.py:4180} INFO - Setting next_dagrun for crawl_search_page to None, run_after=None
[2025-11-22T04:44:57.917+0000] {processor.py:208} INFO - Processing /opt/airflow/dags/crawl_search_page.py took 0.625 seconds
[2025-11-22T04:45:28.337+0000] {processor.py:186} INFO - Started process (PID=553) to work on /opt/airflow/dags/crawl_search_page.py
[2025-11-22T04:45:28.338+0000] {processor.py:914} INFO - Processing file /opt/airflow/dags/crawl_search_page.py for tasks to queue
[2025-11-22T04:45:28.339+0000] {logging_mixin.py:190} INFO - [2025-11-22T04:45:28.339+0000] {dagbag.py:588} INFO - Filling up the DagBag from /opt/airflow/dags/crawl_search_page.py
[2025-11-22T04:45:28.914+0000] {processor.py:925} INFO - DAG(s) 'crawl_search_page' retrieved from /opt/airflow/dags/crawl_search_page.py
[2025-11-22T04:45:28.932+0000] {logging_mixin.py:190} INFO - [2025-11-22T04:45:28.932+0000] {dag.py:3239} INFO - Sync 1 DAGs
[2025-11-22T04:45:28.942+0000] {logging_mixin.py:190} INFO - [2025-11-22T04:45:28.942+0000] {dag.py:4180} INFO - Setting next_dagrun for crawl_search_page to None, run_after=None
[2025-11-22T04:45:28.964+0000] {processor.py:208} INFO - Processing /opt/airflow/dags/crawl_search_page.py took 0.633 seconds
[2025-11-22T04:45:59.365+0000] {processor.py:186} INFO - Started process (PID=565) to work on /opt/airflow/dags/crawl_search_page.py
[2025-11-22T04:45:59.366+0000] {processor.py:914} INFO - Processing file /opt/airflow/dags/crawl_search_page.py for tasks to queue
[2025-11-22T04:45:59.369+0000] {logging_mixin.py:190} INFO - [2025-11-22T04:45:59.368+0000] {dagbag.py:588} INFO - Filling up the DagBag from /opt/airflow/dags/crawl_search_page.py
[2025-11-22T04:46:00.007+0000] {processor.py:925} INFO - DAG(s) 'crawl_search_page' retrieved from /opt/airflow/dags/crawl_search_page.py
[2025-11-22T04:46:00.027+0000] {logging_mixin.py:190} INFO - [2025-11-22T04:46:00.027+0000] {dag.py:3239} INFO - Sync 1 DAGs
[2025-11-22T04:46:00.037+0000] {logging_mixin.py:190} INFO - [2025-11-22T04:46:00.037+0000] {dag.py:4180} INFO - Setting next_dagrun for crawl_search_page to None, run_after=None
[2025-11-22T04:46:00.067+0000] {processor.py:208} INFO - Processing /opt/airflow/dags/crawl_search_page.py took 0.708 seconds
[2025-11-22T04:46:30.403+0000] {processor.py:186} INFO - Started process (PID=577) to work on /opt/airflow/dags/crawl_search_page.py
[2025-11-22T04:46:30.406+0000] {processor.py:914} INFO - Processing file /opt/airflow/dags/crawl_search_page.py for tasks to queue
[2025-11-22T04:46:30.409+0000] {logging_mixin.py:190} INFO - [2025-11-22T04:46:30.408+0000] {dagbag.py:588} INFO - Filling up the DagBag from /opt/airflow/dags/crawl_search_page.py
[2025-11-22T04:46:30.973+0000] {processor.py:925} INFO - DAG(s) 'crawl_search_page' retrieved from /opt/airflow/dags/crawl_search_page.py
[2025-11-22T04:46:30.991+0000] {logging_mixin.py:190} INFO - [2025-11-22T04:46:30.991+0000] {dag.py:3239} INFO - Sync 1 DAGs
[2025-11-22T04:46:31.001+0000] {logging_mixin.py:190} INFO - [2025-11-22T04:46:31.001+0000] {dag.py:4180} INFO - Setting next_dagrun for crawl_search_page to None, run_after=None
[2025-11-22T04:46:31.019+0000] {processor.py:208} INFO - Processing /opt/airflow/dags/crawl_search_page.py took 0.623 seconds
[2025-11-22T04:47:01.470+0000] {processor.py:186} INFO - Started process (PID=589) to work on /opt/airflow/dags/crawl_search_page.py
[2025-11-22T04:47:01.471+0000] {processor.py:914} INFO - Processing file /opt/airflow/dags/crawl_search_page.py for tasks to queue
[2025-11-22T04:47:01.474+0000] {logging_mixin.py:190} INFO - [2025-11-22T04:47:01.473+0000] {dagbag.py:588} INFO - Filling up the DagBag from /opt/airflow/dags/crawl_search_page.py
[2025-11-22T04:47:02.096+0000] {processor.py:925} INFO - DAG(s) 'crawl_search_page' retrieved from /opt/airflow/dags/crawl_search_page.py
[2025-11-22T04:47:02.113+0000] {logging_mixin.py:190} INFO - [2025-11-22T04:47:02.113+0000] {dag.py:3239} INFO - Sync 1 DAGs
[2025-11-22T04:47:02.124+0000] {logging_mixin.py:190} INFO - [2025-11-22T04:47:02.124+0000] {dag.py:4180} INFO - Setting next_dagrun for crawl_search_page to None, run_after=None
[2025-11-22T04:47:02.142+0000] {processor.py:208} INFO - Processing /opt/airflow/dags/crawl_search_page.py took 0.678 seconds
[2025-11-22T04:47:32.539+0000] {processor.py:186} INFO - Started process (PID=601) to work on /opt/airflow/dags/crawl_search_page.py
[2025-11-22T04:47:32.540+0000] {processor.py:914} INFO - Processing file /opt/airflow/dags/crawl_search_page.py for tasks to queue
[2025-11-22T04:47:32.542+0000] {logging_mixin.py:190} INFO - [2025-11-22T04:47:32.542+0000] {dagbag.py:588} INFO - Filling up the DagBag from /opt/airflow/dags/crawl_search_page.py
[2025-11-22T04:47:33.123+0000] {processor.py:925} INFO - DAG(s) 'crawl_search_page' retrieved from /opt/airflow/dags/crawl_search_page.py
[2025-11-22T04:47:33.141+0000] {logging_mixin.py:190} INFO - [2025-11-22T04:47:33.140+0000] {dag.py:3239} INFO - Sync 1 DAGs
[2025-11-22T04:47:33.151+0000] {logging_mixin.py:190} INFO - [2025-11-22T04:47:33.151+0000] {dag.py:4180} INFO - Setting next_dagrun for crawl_search_page to None, run_after=None
[2025-11-22T04:47:33.171+0000] {processor.py:208} INFO - Processing /opt/airflow/dags/crawl_search_page.py took 0.638 seconds
[2025-11-22T04:48:03.520+0000] {processor.py:186} INFO - Started process (PID=613) to work on /opt/airflow/dags/crawl_search_page.py
[2025-11-22T04:48:03.521+0000] {processor.py:914} INFO - Processing file /opt/airflow/dags/crawl_search_page.py for tasks to queue
[2025-11-22T04:48:03.523+0000] {logging_mixin.py:190} INFO - [2025-11-22T04:48:03.522+0000] {dagbag.py:588} INFO - Filling up the DagBag from /opt/airflow/dags/crawl_search_page.py
[2025-11-22T04:48:04.091+0000] {processor.py:925} INFO - DAG(s) 'crawl_search_page' retrieved from /opt/airflow/dags/crawl_search_page.py
[2025-11-22T04:48:04.108+0000] {logging_mixin.py:190} INFO - [2025-11-22T04:48:04.107+0000] {dag.py:3239} INFO - Sync 1 DAGs
[2025-11-22T04:48:04.118+0000] {logging_mixin.py:190} INFO - [2025-11-22T04:48:04.118+0000] {dag.py:4180} INFO - Setting next_dagrun for crawl_search_page to None, run_after=None
[2025-11-22T04:48:04.137+0000] {processor.py:208} INFO - Processing /opt/airflow/dags/crawl_search_page.py took 0.622 seconds
[2025-11-22T04:48:34.555+0000] {processor.py:186} INFO - Started process (PID=625) to work on /opt/airflow/dags/crawl_search_page.py
[2025-11-22T04:48:34.556+0000] {processor.py:914} INFO - Processing file /opt/airflow/dags/crawl_search_page.py for tasks to queue
[2025-11-22T04:48:34.558+0000] {logging_mixin.py:190} INFO - [2025-11-22T04:48:34.558+0000] {dagbag.py:588} INFO - Filling up the DagBag from /opt/airflow/dags/crawl_search_page.py
[2025-11-22T04:48:35.126+0000] {processor.py:925} INFO - DAG(s) 'crawl_search_page' retrieved from /opt/airflow/dags/crawl_search_page.py
[2025-11-22T04:48:35.144+0000] {logging_mixin.py:190} INFO - [2025-11-22T04:48:35.144+0000] {dag.py:3239} INFO - Sync 1 DAGs
[2025-11-22T04:48:35.154+0000] {logging_mixin.py:190} INFO - [2025-11-22T04:48:35.154+0000] {dag.py:4180} INFO - Setting next_dagrun for crawl_search_page to None, run_after=None
[2025-11-22T04:48:35.179+0000] {processor.py:208} INFO - Processing /opt/airflow/dags/crawl_search_page.py took 0.630 seconds
[2025-11-22T04:49:05.307+0000] {processor.py:186} INFO - Started process (PID=637) to work on /opt/airflow/dags/crawl_search_page.py
[2025-11-22T04:49:05.308+0000] {processor.py:914} INFO - Processing file /opt/airflow/dags/crawl_search_page.py for tasks to queue
[2025-11-22T04:49:05.310+0000] {logging_mixin.py:190} INFO - [2025-11-22T04:49:05.310+0000] {dagbag.py:588} INFO - Filling up the DagBag from /opt/airflow/dags/crawl_search_page.py
[2025-11-22T04:49:05.891+0000] {processor.py:925} INFO - DAG(s) 'crawl_search_page' retrieved from /opt/airflow/dags/crawl_search_page.py
[2025-11-22T04:49:05.909+0000] {logging_mixin.py:190} INFO - [2025-11-22T04:49:05.909+0000] {dag.py:3239} INFO - Sync 1 DAGs
[2025-11-22T04:49:05.919+0000] {logging_mixin.py:190} INFO - [2025-11-22T04:49:05.919+0000] {dag.py:4180} INFO - Setting next_dagrun for crawl_search_page to None, run_after=None
[2025-11-22T04:49:05.944+0000] {processor.py:208} INFO - Processing /opt/airflow/dags/crawl_search_page.py took 0.643 seconds
[2025-11-22T04:49:36.346+0000] {processor.py:186} INFO - Started process (PID=655) to work on /opt/airflow/dags/crawl_search_page.py
[2025-11-22T04:49:36.347+0000] {processor.py:914} INFO - Processing file /opt/airflow/dags/crawl_search_page.py for tasks to queue
[2025-11-22T04:49:36.350+0000] {logging_mixin.py:190} INFO - [2025-11-22T04:49:36.349+0000] {dagbag.py:588} INFO - Filling up the DagBag from /opt/airflow/dags/crawl_search_page.py
[2025-11-22T04:49:36.955+0000] {processor.py:925} INFO - DAG(s) 'crawl_search_page' retrieved from /opt/airflow/dags/crawl_search_page.py
[2025-11-22T04:49:36.972+0000] {logging_mixin.py:190} INFO - [2025-11-22T04:49:36.972+0000] {dag.py:3239} INFO - Sync 1 DAGs
[2025-11-22T04:49:36.982+0000] {logging_mixin.py:190} INFO - [2025-11-22T04:49:36.982+0000] {dag.py:4180} INFO - Setting next_dagrun for crawl_search_page to None, run_after=None
[2025-11-22T04:49:37.009+0000] {processor.py:208} INFO - Processing /opt/airflow/dags/crawl_search_page.py took 0.669 seconds
[2025-11-22T04:50:07.568+0000] {processor.py:186} INFO - Started process (PID=667) to work on /opt/airflow/dags/crawl_search_page.py
[2025-11-22T04:50:07.569+0000] {processor.py:914} INFO - Processing file /opt/airflow/dags/crawl_search_page.py for tasks to queue
[2025-11-22T04:50:07.572+0000] {logging_mixin.py:190} INFO - [2025-11-22T04:50:07.572+0000] {dagbag.py:588} INFO - Filling up the DagBag from /opt/airflow/dags/crawl_search_page.py
[2025-11-22T04:50:08.144+0000] {processor.py:925} INFO - DAG(s) 'crawl_search_page' retrieved from /opt/airflow/dags/crawl_search_page.py
[2025-11-22T04:50:08.162+0000] {logging_mixin.py:190} INFO - [2025-11-22T04:50:08.161+0000] {dag.py:3239} INFO - Sync 1 DAGs
[2025-11-22T04:50:08.172+0000] {logging_mixin.py:190} INFO - [2025-11-22T04:50:08.171+0000] {dag.py:4180} INFO - Setting next_dagrun for crawl_search_page to None, run_after=None
[2025-11-22T04:50:08.197+0000] {processor.py:208} INFO - Processing /opt/airflow/dags/crawl_search_page.py took 0.634 seconds
[2025-11-22T04:50:38.624+0000] {processor.py:186} INFO - Started process (PID=679) to work on /opt/airflow/dags/crawl_search_page.py
[2025-11-22T04:50:38.625+0000] {processor.py:914} INFO - Processing file /opt/airflow/dags/crawl_search_page.py for tasks to queue
[2025-11-22T04:50:38.627+0000] {logging_mixin.py:190} INFO - [2025-11-22T04:50:38.627+0000] {dagbag.py:588} INFO - Filling up the DagBag from /opt/airflow/dags/crawl_search_page.py
[2025-11-22T04:50:39.222+0000] {processor.py:925} INFO - DAG(s) 'crawl_search_page' retrieved from /opt/airflow/dags/crawl_search_page.py
[2025-11-22T04:50:39.240+0000] {logging_mixin.py:190} INFO - [2025-11-22T04:50:39.239+0000] {dag.py:3239} INFO - Sync 1 DAGs
[2025-11-22T04:50:39.250+0000] {logging_mixin.py:190} INFO - [2025-11-22T04:50:39.249+0000] {dag.py:4180} INFO - Setting next_dagrun for crawl_search_page to None, run_after=None
[2025-11-22T04:50:39.267+0000] {processor.py:208} INFO - Processing /opt/airflow/dags/crawl_search_page.py took 0.649 seconds
[2025-11-22T04:51:09.364+0000] {processor.py:186} INFO - Started process (PID=691) to work on /opt/airflow/dags/crawl_search_page.py
[2025-11-22T04:51:09.365+0000] {processor.py:914} INFO - Processing file /opt/airflow/dags/crawl_search_page.py for tasks to queue
[2025-11-22T04:51:09.367+0000] {logging_mixin.py:190} INFO - [2025-11-22T04:51:09.366+0000] {dagbag.py:588} INFO - Filling up the DagBag from /opt/airflow/dags/crawl_search_page.py
[2025-11-22T04:51:09.944+0000] {processor.py:925} INFO - DAG(s) 'crawl_search_page' retrieved from /opt/airflow/dags/crawl_search_page.py
[2025-11-22T04:51:09.961+0000] {logging_mixin.py:190} INFO - [2025-11-22T04:51:09.961+0000] {dag.py:3239} INFO - Sync 1 DAGs
[2025-11-22T04:51:09.972+0000] {logging_mixin.py:190} INFO - [2025-11-22T04:51:09.972+0000] {dag.py:4180} INFO - Setting next_dagrun for crawl_search_page to None, run_after=None
[2025-11-22T04:51:10.005+0000] {processor.py:208} INFO - Processing /opt/airflow/dags/crawl_search_page.py took 0.647 seconds
[2025-11-22T04:51:40.418+0000] {processor.py:186} INFO - Started process (PID=703) to work on /opt/airflow/dags/crawl_search_page.py
[2025-11-22T04:51:40.419+0000] {processor.py:914} INFO - Processing file /opt/airflow/dags/crawl_search_page.py for tasks to queue
[2025-11-22T04:51:40.421+0000] {logging_mixin.py:190} INFO - [2025-11-22T04:51:40.421+0000] {dagbag.py:588} INFO - Filling up the DagBag from /opt/airflow/dags/crawl_search_page.py
[2025-11-22T04:51:40.999+0000] {processor.py:925} INFO - DAG(s) 'crawl_search_page' retrieved from /opt/airflow/dags/crawl_search_page.py
[2025-11-22T04:51:41.017+0000] {logging_mixin.py:190} INFO - [2025-11-22T04:51:41.017+0000] {dag.py:3239} INFO - Sync 1 DAGs
[2025-11-22T04:51:41.028+0000] {logging_mixin.py:190} INFO - [2025-11-22T04:51:41.027+0000] {dag.py:4180} INFO - Setting next_dagrun for crawl_search_page to None, run_after=None
[2025-11-22T04:51:41.045+0000] {processor.py:208} INFO - Processing /opt/airflow/dags/crawl_search_page.py took 0.633 seconds
[2025-11-22T04:52:11.438+0000] {processor.py:186} INFO - Started process (PID=715) to work on /opt/airflow/dags/crawl_search_page.py
[2025-11-22T04:52:11.439+0000] {processor.py:914} INFO - Processing file /opt/airflow/dags/crawl_search_page.py for tasks to queue
[2025-11-22T04:52:11.441+0000] {logging_mixin.py:190} INFO - [2025-11-22T04:52:11.441+0000] {dagbag.py:588} INFO - Filling up the DagBag from /opt/airflow/dags/crawl_search_page.py
[2025-11-22T04:52:12.051+0000] {processor.py:925} INFO - DAG(s) 'crawl_search_page' retrieved from /opt/airflow/dags/crawl_search_page.py
[2025-11-22T04:52:12.069+0000] {logging_mixin.py:190} INFO - [2025-11-22T04:52:12.068+0000] {dag.py:3239} INFO - Sync 1 DAGs
[2025-11-22T04:52:12.079+0000] {logging_mixin.py:190} INFO - [2025-11-22T04:52:12.079+0000] {dag.py:4180} INFO - Setting next_dagrun for crawl_search_page to None, run_after=None
[2025-11-22T04:52:12.098+0000] {processor.py:208} INFO - Processing /opt/airflow/dags/crawl_search_page.py took 0.665 seconds
[2025-11-22T04:52:42.514+0000] {processor.py:186} INFO - Started process (PID=727) to work on /opt/airflow/dags/crawl_search_page.py
[2025-11-22T04:52:42.515+0000] {processor.py:914} INFO - Processing file /opt/airflow/dags/crawl_search_page.py for tasks to queue
[2025-11-22T04:52:42.517+0000] {logging_mixin.py:190} INFO - [2025-11-22T04:52:42.517+0000] {dagbag.py:588} INFO - Filling up the DagBag from /opt/airflow/dags/crawl_search_page.py
[2025-11-22T04:52:43.080+0000] {processor.py:925} INFO - DAG(s) 'crawl_search_page' retrieved from /opt/airflow/dags/crawl_search_page.py
[2025-11-22T04:52:43.098+0000] {logging_mixin.py:190} INFO - [2025-11-22T04:52:43.097+0000] {dag.py:3239} INFO - Sync 1 DAGs
[2025-11-22T04:52:43.107+0000] {logging_mixin.py:190} INFO - [2025-11-22T04:52:43.107+0000] {dag.py:4180} INFO - Setting next_dagrun for crawl_search_page to None, run_after=None
[2025-11-22T04:52:43.127+0000] {processor.py:208} INFO - Processing /opt/airflow/dags/crawl_search_page.py took 0.618 seconds
[2025-11-22T04:53:13.567+0000] {processor.py:186} INFO - Started process (PID=739) to work on /opt/airflow/dags/crawl_search_page.py
[2025-11-22T04:53:13.568+0000] {processor.py:914} INFO - Processing file /opt/airflow/dags/crawl_search_page.py for tasks to queue
[2025-11-22T04:53:13.571+0000] {logging_mixin.py:190} INFO - [2025-11-22T04:53:13.570+0000] {dagbag.py:588} INFO - Filling up the DagBag from /opt/airflow/dags/crawl_search_page.py
[2025-11-22T04:53:14.130+0000] {processor.py:925} INFO - DAG(s) 'crawl_search_page' retrieved from /opt/airflow/dags/crawl_search_page.py
[2025-11-22T04:53:14.148+0000] {logging_mixin.py:190} INFO - [2025-11-22T04:53:14.148+0000] {dag.py:3239} INFO - Sync 1 DAGs
[2025-11-22T04:53:14.158+0000] {logging_mixin.py:190} INFO - [2025-11-22T04:53:14.158+0000] {dag.py:4180} INFO - Setting next_dagrun for crawl_search_page to None, run_after=None
[2025-11-22T04:53:14.185+0000] {processor.py:208} INFO - Processing /opt/airflow/dags/crawl_search_page.py took 0.623 seconds
[2025-11-22T04:53:44.580+0000] {processor.py:186} INFO - Started process (PID=751) to work on /opt/airflow/dags/crawl_search_page.py
[2025-11-22T04:53:44.582+0000] {processor.py:914} INFO - Processing file /opt/airflow/dags/crawl_search_page.py for tasks to queue
[2025-11-22T04:53:44.585+0000] {logging_mixin.py:190} INFO - [2025-11-22T04:53:44.585+0000] {dagbag.py:588} INFO - Filling up the DagBag from /opt/airflow/dags/crawl_search_page.py
[2025-11-22T04:53:45.272+0000] {processor.py:925} INFO - DAG(s) 'crawl_search_page' retrieved from /opt/airflow/dags/crawl_search_page.py
[2025-11-22T04:53:45.289+0000] {logging_mixin.py:190} INFO - [2025-11-22T04:53:45.289+0000] {dag.py:3239} INFO - Sync 1 DAGs
[2025-11-22T04:53:45.300+0000] {logging_mixin.py:190} INFO - [2025-11-22T04:53:45.300+0000] {dag.py:4180} INFO - Setting next_dagrun for crawl_search_page to None, run_after=None
[2025-11-22T04:53:45.326+0000] {processor.py:208} INFO - Processing /opt/airflow/dags/crawl_search_page.py took 0.754 seconds
[2025-11-22T04:54:15.742+0000] {processor.py:186} INFO - Started process (PID=763) to work on /opt/airflow/dags/crawl_search_page.py
[2025-11-22T04:54:15.743+0000] {processor.py:914} INFO - Processing file /opt/airflow/dags/crawl_search_page.py for tasks to queue
[2025-11-22T04:54:15.745+0000] {logging_mixin.py:190} INFO - [2025-11-22T04:54:15.745+0000] {dagbag.py:588} INFO - Filling up the DagBag from /opt/airflow/dags/crawl_search_page.py
[2025-11-22T04:54:16.341+0000] {processor.py:925} INFO - DAG(s) 'crawl_search_page' retrieved from /opt/airflow/dags/crawl_search_page.py
[2025-11-22T04:54:16.359+0000] {logging_mixin.py:190} INFO - [2025-11-22T04:54:16.358+0000] {dag.py:3239} INFO - Sync 1 DAGs
[2025-11-22T04:54:16.370+0000] {logging_mixin.py:190} INFO - [2025-11-22T04:54:16.369+0000] {dag.py:4180} INFO - Setting next_dagrun for crawl_search_page to None, run_after=None
[2025-11-22T04:54:16.388+0000] {processor.py:208} INFO - Processing /opt/airflow/dags/crawl_search_page.py took 0.652 seconds
[2025-11-22T04:54:46.790+0000] {processor.py:186} INFO - Started process (PID=775) to work on /opt/airflow/dags/crawl_search_page.py
[2025-11-22T04:54:46.791+0000] {processor.py:914} INFO - Processing file /opt/airflow/dags/crawl_search_page.py for tasks to queue
[2025-11-22T04:54:46.793+0000] {logging_mixin.py:190} INFO - [2025-11-22T04:54:46.793+0000] {dagbag.py:588} INFO - Filling up the DagBag from /opt/airflow/dags/crawl_search_page.py
[2025-11-22T04:54:47.400+0000] {processor.py:925} INFO - DAG(s) 'crawl_search_page' retrieved from /opt/airflow/dags/crawl_search_page.py
[2025-11-22T04:54:47.427+0000] {logging_mixin.py:190} INFO - [2025-11-22T04:54:47.427+0000] {dag.py:3239} INFO - Sync 1 DAGs
[2025-11-22T04:54:47.438+0000] {logging_mixin.py:190} INFO - [2025-11-22T04:54:47.438+0000] {dag.py:4180} INFO - Setting next_dagrun for crawl_search_page to None, run_after=None
[2025-11-22T04:54:47.457+0000] {processor.py:208} INFO - Processing /opt/airflow/dags/crawl_search_page.py took 0.672 seconds
[2025-11-22T04:55:17.990+0000] {processor.py:186} INFO - Started process (PID=787) to work on /opt/airflow/dags/crawl_search_page.py
[2025-11-22T04:55:17.991+0000] {processor.py:914} INFO - Processing file /opt/airflow/dags/crawl_search_page.py for tasks to queue
[2025-11-22T04:55:17.993+0000] {logging_mixin.py:190} INFO - [2025-11-22T04:55:17.993+0000] {dagbag.py:588} INFO - Filling up the DagBag from /opt/airflow/dags/crawl_search_page.py
[2025-11-22T04:55:18.555+0000] {processor.py:925} INFO - DAG(s) 'crawl_search_page' retrieved from /opt/airflow/dags/crawl_search_page.py
[2025-11-22T04:55:18.574+0000] {logging_mixin.py:190} INFO - [2025-11-22T04:55:18.573+0000] {dag.py:3239} INFO - Sync 1 DAGs
[2025-11-22T04:55:18.584+0000] {logging_mixin.py:190} INFO - [2025-11-22T04:55:18.583+0000] {dag.py:4180} INFO - Setting next_dagrun for crawl_search_page to None, run_after=None
[2025-11-22T04:55:18.603+0000] {processor.py:208} INFO - Processing /opt/airflow/dags/crawl_search_page.py took 0.618 seconds
[2025-11-22T04:55:49.037+0000] {processor.py:186} INFO - Started process (PID=799) to work on /opt/airflow/dags/crawl_search_page.py
[2025-11-22T04:55:49.038+0000] {processor.py:914} INFO - Processing file /opt/airflow/dags/crawl_search_page.py for tasks to queue
[2025-11-22T04:55:49.040+0000] {logging_mixin.py:190} INFO - [2025-11-22T04:55:49.040+0000] {dagbag.py:588} INFO - Filling up the DagBag from /opt/airflow/dags/crawl_search_page.py
[2025-11-22T04:55:49.624+0000] {processor.py:925} INFO - DAG(s) 'crawl_search_page' retrieved from /opt/airflow/dags/crawl_search_page.py
[2025-11-22T04:55:49.641+0000] {logging_mixin.py:190} INFO - [2025-11-22T04:55:49.641+0000] {dag.py:3239} INFO - Sync 1 DAGs
[2025-11-22T04:55:49.653+0000] {logging_mixin.py:190} INFO - [2025-11-22T04:55:49.652+0000] {dag.py:4180} INFO - Setting next_dagrun for crawl_search_page to None, run_after=None
[2025-11-22T04:55:49.670+0000] {processor.py:208} INFO - Processing /opt/airflow/dags/crawl_search_page.py took 0.641 seconds
[2025-11-22T04:56:19.759+0000] {processor.py:186} INFO - Started process (PID=811) to work on /opt/airflow/dags/crawl_search_page.py
[2025-11-22T04:56:19.760+0000] {processor.py:914} INFO - Processing file /opt/airflow/dags/crawl_search_page.py for tasks to queue
[2025-11-22T04:56:19.762+0000] {logging_mixin.py:190} INFO - [2025-11-22T04:56:19.762+0000] {dagbag.py:588} INFO - Filling up the DagBag from /opt/airflow/dags/crawl_search_page.py
[2025-11-22T04:56:20.367+0000] {processor.py:925} INFO - DAG(s) 'crawl_search_page' retrieved from /opt/airflow/dags/crawl_search_page.py
[2025-11-22T04:56:20.385+0000] {logging_mixin.py:190} INFO - [2025-11-22T04:56:20.384+0000] {dag.py:3239} INFO - Sync 1 DAGs
[2025-11-22T04:56:20.394+0000] {logging_mixin.py:190} INFO - [2025-11-22T04:56:20.394+0000] {dag.py:4180} INFO - Setting next_dagrun for crawl_search_page to None, run_after=None
[2025-11-22T04:56:20.423+0000] {processor.py:208} INFO - Processing /opt/airflow/dags/crawl_search_page.py took 0.669 seconds
[2025-11-22T04:56:50.893+0000] {processor.py:186} INFO - Started process (PID=823) to work on /opt/airflow/dags/crawl_search_page.py
[2025-11-22T04:56:50.894+0000] {processor.py:914} INFO - Processing file /opt/airflow/dags/crawl_search_page.py for tasks to queue
[2025-11-22T04:56:50.897+0000] {logging_mixin.py:190} INFO - [2025-11-22T04:56:50.897+0000] {dagbag.py:588} INFO - Filling up the DagBag from /opt/airflow/dags/crawl_search_page.py
[2025-11-22T04:56:51.486+0000] {processor.py:925} INFO - DAG(s) 'crawl_search_page' retrieved from /opt/airflow/dags/crawl_search_page.py
[2025-11-22T04:56:51.503+0000] {logging_mixin.py:190} INFO - [2025-11-22T04:56:51.503+0000] {dag.py:3239} INFO - Sync 1 DAGs
[2025-11-22T04:56:51.514+0000] {logging_mixin.py:190} INFO - [2025-11-22T04:56:51.514+0000] {dag.py:4180} INFO - Setting next_dagrun for crawl_search_page to None, run_after=None
[2025-11-22T04:56:51.540+0000] {processor.py:208} INFO - Processing /opt/airflow/dags/crawl_search_page.py took 0.652 seconds
[2025-11-22T04:57:21.846+0000] {processor.py:186} INFO - Started process (PID=835) to work on /opt/airflow/dags/crawl_search_page.py
[2025-11-22T04:57:21.847+0000] {processor.py:914} INFO - Processing file /opt/airflow/dags/crawl_search_page.py for tasks to queue
[2025-11-22T04:57:21.849+0000] {logging_mixin.py:190} INFO - [2025-11-22T04:57:21.849+0000] {dagbag.py:588} INFO - Filling up the DagBag from /opt/airflow/dags/crawl_search_page.py
[2025-11-22T04:57:22.464+0000] {processor.py:925} INFO - DAG(s) 'crawl_search_page' retrieved from /opt/airflow/dags/crawl_search_page.py
[2025-11-22T04:57:22.481+0000] {logging_mixin.py:190} INFO - [2025-11-22T04:57:22.481+0000] {dag.py:3239} INFO - Sync 1 DAGs
[2025-11-22T04:57:22.490+0000] {logging_mixin.py:190} INFO - [2025-11-22T04:57:22.490+0000] {dag.py:4180} INFO - Setting next_dagrun for crawl_search_page to None, run_after=None
[2025-11-22T04:57:22.509+0000] {processor.py:208} INFO - Processing /opt/airflow/dags/crawl_search_page.py took 0.669 seconds
[2025-11-22T04:57:52.942+0000] {processor.py:186} INFO - Started process (PID=847) to work on /opt/airflow/dags/crawl_search_page.py
[2025-11-22T04:57:52.943+0000] {processor.py:914} INFO - Processing file /opt/airflow/dags/crawl_search_page.py for tasks to queue
[2025-11-22T04:57:52.945+0000] {logging_mixin.py:190} INFO - [2025-11-22T04:57:52.945+0000] {dagbag.py:588} INFO - Filling up the DagBag from /opt/airflow/dags/crawl_search_page.py
[2025-11-22T04:57:53.529+0000] {processor.py:925} INFO - DAG(s) 'crawl_search_page' retrieved from /opt/airflow/dags/crawl_search_page.py
[2025-11-22T04:57:53.547+0000] {logging_mixin.py:190} INFO - [2025-11-22T04:57:53.547+0000] {dag.py:3239} INFO - Sync 1 DAGs
[2025-11-22T04:57:53.558+0000] {logging_mixin.py:190} INFO - [2025-11-22T04:57:53.557+0000] {dag.py:4180} INFO - Setting next_dagrun for crawl_search_page to None, run_after=None
[2025-11-22T04:57:53.575+0000] {processor.py:208} INFO - Processing /opt/airflow/dags/crawl_search_page.py took 0.639 seconds
[2025-11-22T04:58:23.693+0000] {processor.py:186} INFO - Started process (PID=859) to work on /opt/airflow/dags/crawl_search_page.py
[2025-11-22T04:58:23.694+0000] {processor.py:914} INFO - Processing file /opt/airflow/dags/crawl_search_page.py for tasks to queue
[2025-11-22T04:58:23.696+0000] {logging_mixin.py:190} INFO - [2025-11-22T04:58:23.695+0000] {dagbag.py:588} INFO - Filling up the DagBag from /opt/airflow/dags/crawl_search_page.py
[2025-11-22T04:58:24.275+0000] {processor.py:925} INFO - DAG(s) 'crawl_search_page' retrieved from /opt/airflow/dags/crawl_search_page.py
[2025-11-22T04:58:24.292+0000] {logging_mixin.py:190} INFO - [2025-11-22T04:58:24.292+0000] {dag.py:3239} INFO - Sync 1 DAGs
[2025-11-22T04:58:24.302+0000] {logging_mixin.py:190} INFO - [2025-11-22T04:58:24.302+0000] {dag.py:4180} INFO - Setting next_dagrun for crawl_search_page to None, run_after=None
[2025-11-22T04:58:24.330+0000] {processor.py:208} INFO - Processing /opt/airflow/dags/crawl_search_page.py took 0.644 seconds
[2025-11-22T04:58:54.748+0000] {processor.py:186} INFO - Started process (PID=871) to work on /opt/airflow/dags/crawl_search_page.py
[2025-11-22T04:58:54.749+0000] {processor.py:914} INFO - Processing file /opt/airflow/dags/crawl_search_page.py for tasks to queue
[2025-11-22T04:58:54.751+0000] {logging_mixin.py:190} INFO - [2025-11-22T04:58:54.751+0000] {dagbag.py:588} INFO - Filling up the DagBag from /opt/airflow/dags/crawl_search_page.py
[2025-11-22T04:58:55.378+0000] {processor.py:925} INFO - DAG(s) 'crawl_search_page' retrieved from /opt/airflow/dags/crawl_search_page.py
[2025-11-22T04:58:55.396+0000] {logging_mixin.py:190} INFO - [2025-11-22T04:58:55.395+0000] {dag.py:3239} INFO - Sync 1 DAGs
[2025-11-22T04:58:55.405+0000] {logging_mixin.py:190} INFO - [2025-11-22T04:58:55.405+0000] {dag.py:4180} INFO - Setting next_dagrun for crawl_search_page to None, run_after=None
[2025-11-22T04:58:55.423+0000] {processor.py:208} INFO - Processing /opt/airflow/dags/crawl_search_page.py took 0.680 seconds
[2025-11-22T04:59:25.723+0000] {processor.py:186} INFO - Started process (PID=883) to work on /opt/airflow/dags/crawl_search_page.py
[2025-11-22T04:59:25.724+0000] {processor.py:914} INFO - Processing file /opt/airflow/dags/crawl_search_page.py for tasks to queue
[2025-11-22T04:59:25.727+0000] {logging_mixin.py:190} INFO - [2025-11-22T04:59:25.726+0000] {dagbag.py:588} INFO - Filling up the DagBag from /opt/airflow/dags/crawl_search_page.py
[2025-11-22T04:59:26.353+0000] {processor.py:925} INFO - DAG(s) 'crawl_search_page' retrieved from /opt/airflow/dags/crawl_search_page.py
[2025-11-22T04:59:26.372+0000] {logging_mixin.py:190} INFO - [2025-11-22T04:59:26.371+0000] {dag.py:3239} INFO - Sync 1 DAGs
[2025-11-22T04:59:26.382+0000] {logging_mixin.py:190} INFO - [2025-11-22T04:59:26.382+0000] {dag.py:4180} INFO - Setting next_dagrun for crawl_search_page to None, run_after=None
[2025-11-22T04:59:26.402+0000] {processor.py:208} INFO - Processing /opt/airflow/dags/crawl_search_page.py took 0.685 seconds
[2025-11-22T04:59:56.851+0000] {processor.py:186} INFO - Started process (PID=895) to work on /opt/airflow/dags/crawl_search_page.py
[2025-11-22T04:59:56.852+0000] {processor.py:914} INFO - Processing file /opt/airflow/dags/crawl_search_page.py for tasks to queue
[2025-11-22T04:59:56.854+0000] {logging_mixin.py:190} INFO - [2025-11-22T04:59:56.854+0000] {dagbag.py:588} INFO - Filling up the DagBag from /opt/airflow/dags/crawl_search_page.py
[2025-11-22T04:59:57.440+0000] {processor.py:925} INFO - DAG(s) 'crawl_search_page' retrieved from /opt/airflow/dags/crawl_search_page.py
[2025-11-22T04:59:57.457+0000] {logging_mixin.py:190} INFO - [2025-11-22T04:59:57.457+0000] {dag.py:3239} INFO - Sync 1 DAGs
[2025-11-22T04:59:57.468+0000] {logging_mixin.py:190} INFO - [2025-11-22T04:59:57.468+0000] {dag.py:4180} INFO - Setting next_dagrun for crawl_search_page to None, run_after=None
[2025-11-22T04:59:57.495+0000] {processor.py:208} INFO - Processing /opt/airflow/dags/crawl_search_page.py took 0.650 seconds
[2025-11-22T05:00:27.589+0000] {processor.py:186} INFO - Started process (PID=907) to work on /opt/airflow/dags/crawl_search_page.py
[2025-11-22T05:00:27.591+0000] {processor.py:914} INFO - Processing file /opt/airflow/dags/crawl_search_page.py for tasks to queue
[2025-11-22T05:00:27.593+0000] {logging_mixin.py:190} INFO - [2025-11-22T05:00:27.593+0000] {dagbag.py:588} INFO - Filling up the DagBag from /opt/airflow/dags/crawl_search_page.py
[2025-11-22T05:00:28.230+0000] {processor.py:925} INFO - DAG(s) 'crawl_search_page' retrieved from /opt/airflow/dags/crawl_search_page.py
[2025-11-22T05:00:28.249+0000] {logging_mixin.py:190} INFO - [2025-11-22T05:00:28.248+0000] {dag.py:3239} INFO - Sync 1 DAGs
[2025-11-22T05:00:28.259+0000] {logging_mixin.py:190} INFO - [2025-11-22T05:00:28.258+0000] {dag.py:4180} INFO - Setting next_dagrun for crawl_search_page to None, run_after=None
[2025-11-22T05:00:28.285+0000] {processor.py:208} INFO - Processing /opt/airflow/dags/crawl_search_page.py took 0.702 seconds
[2025-11-22T05:00:58.519+0000] {processor.py:186} INFO - Started process (PID=919) to work on /opt/airflow/dags/crawl_search_page.py
[2025-11-22T05:00:58.520+0000] {processor.py:914} INFO - Processing file /opt/airflow/dags/crawl_search_page.py for tasks to queue
[2025-11-22T05:00:58.522+0000] {logging_mixin.py:190} INFO - [2025-11-22T05:00:58.522+0000] {dagbag.py:588} INFO - Filling up the DagBag from /opt/airflow/dags/crawl_search_page.py
[2025-11-22T05:00:59.101+0000] {processor.py:925} INFO - DAG(s) 'crawl_search_page' retrieved from /opt/airflow/dags/crawl_search_page.py
[2025-11-22T05:00:59.111+0000] {logging_mixin.py:190} INFO - [2025-11-22T05:00:59.111+0000] {dag.py:3239} INFO - Sync 1 DAGs
[2025-11-22T05:00:59.122+0000] {logging_mixin.py:190} INFO - [2025-11-22T05:00:59.121+0000] {dag.py:4180} INFO - Setting next_dagrun for crawl_search_page to None, run_after=None
[2025-11-22T05:00:59.139+0000] {processor.py:208} INFO - Processing /opt/airflow/dags/crawl_search_page.py took 0.635 seconds
[2025-11-22T05:01:29.543+0000] {processor.py:186} INFO - Started process (PID=931) to work on /opt/airflow/dags/crawl_search_page.py
[2025-11-22T05:01:29.544+0000] {processor.py:914} INFO - Processing file /opt/airflow/dags/crawl_search_page.py for tasks to queue
[2025-11-22T05:01:29.546+0000] {logging_mixin.py:190} INFO - [2025-11-22T05:01:29.546+0000] {dagbag.py:588} INFO - Filling up the DagBag from /opt/airflow/dags/crawl_search_page.py
[2025-11-22T05:01:30.128+0000] {processor.py:925} INFO - DAG(s) 'crawl_search_page' retrieved from /opt/airflow/dags/crawl_search_page.py
[2025-11-22T05:01:30.154+0000] {logging_mixin.py:190} INFO - [2025-11-22T05:01:30.153+0000] {dag.py:3239} INFO - Sync 1 DAGs
[2025-11-22T05:01:30.165+0000] {logging_mixin.py:190} INFO - [2025-11-22T05:01:30.165+0000] {dag.py:4180} INFO - Setting next_dagrun for crawl_search_page to None, run_after=None
[2025-11-22T05:01:30.183+0000] {processor.py:208} INFO - Processing /opt/airflow/dags/crawl_search_page.py took 0.646 seconds
[2025-11-22T05:02:00.420+0000] {processor.py:186} INFO - Started process (PID=943) to work on /opt/airflow/dags/crawl_search_page.py
[2025-11-22T05:02:00.421+0000] {processor.py:914} INFO - Processing file /opt/airflow/dags/crawl_search_page.py for tasks to queue
[2025-11-22T05:02:00.423+0000] {logging_mixin.py:190} INFO - [2025-11-22T05:02:00.423+0000] {dagbag.py:588} INFO - Filling up the DagBag from /opt/airflow/dags/crawl_search_page.py
[2025-11-22T05:02:00.984+0000] {processor.py:925} INFO - DAG(s) 'crawl_search_page' retrieved from /opt/airflow/dags/crawl_search_page.py
[2025-11-22T05:02:01.001+0000] {logging_mixin.py:190} INFO - [2025-11-22T05:02:01.001+0000] {dag.py:3239} INFO - Sync 1 DAGs
[2025-11-22T05:02:01.011+0000] {logging_mixin.py:190} INFO - [2025-11-22T05:02:01.011+0000] {dag.py:4180} INFO - Setting next_dagrun for crawl_search_page to None, run_after=None
[2025-11-22T05:02:01.038+0000] {processor.py:208} INFO - Processing /opt/airflow/dags/crawl_search_page.py took 0.623 seconds
[2025-11-22T05:02:31.411+0000] {processor.py:186} INFO - Started process (PID=955) to work on /opt/airflow/dags/crawl_search_page.py
[2025-11-22T05:02:31.412+0000] {processor.py:914} INFO - Processing file /opt/airflow/dags/crawl_search_page.py for tasks to queue
[2025-11-22T05:02:31.414+0000] {logging_mixin.py:190} INFO - [2025-11-22T05:02:31.413+0000] {dagbag.py:588} INFO - Filling up the DagBag from /opt/airflow/dags/crawl_search_page.py
[2025-11-22T05:02:31.971+0000] {processor.py:925} INFO - DAG(s) 'crawl_search_page' retrieved from /opt/airflow/dags/crawl_search_page.py
[2025-11-22T05:02:31.989+0000] {logging_mixin.py:190} INFO - [2025-11-22T05:02:31.989+0000] {dag.py:3239} INFO - Sync 1 DAGs
[2025-11-22T05:02:32.000+0000] {logging_mixin.py:190} INFO - [2025-11-22T05:02:32.000+0000] {dag.py:4180} INFO - Setting next_dagrun for crawl_search_page to None, run_after=None
[2025-11-22T05:02:32.018+0000] {processor.py:208} INFO - Processing /opt/airflow/dags/crawl_search_page.py took 0.613 seconds
[2025-11-22T05:03:02.400+0000] {processor.py:186} INFO - Started process (PID=967) to work on /opt/airflow/dags/crawl_search_page.py
[2025-11-22T05:03:02.402+0000] {processor.py:914} INFO - Processing file /opt/airflow/dags/crawl_search_page.py for tasks to queue
[2025-11-22T05:03:02.404+0000] {logging_mixin.py:190} INFO - [2025-11-22T05:03:02.404+0000] {dagbag.py:588} INFO - Filling up the DagBag from /opt/airflow/dags/crawl_search_page.py
[2025-11-22T05:03:02.972+0000] {processor.py:925} INFO - DAG(s) 'crawl_search_page' retrieved from /opt/airflow/dags/crawl_search_page.py
[2025-11-22T05:03:02.990+0000] {logging_mixin.py:190} INFO - [2025-11-22T05:03:02.989+0000] {dag.py:3239} INFO - Sync 1 DAGs
[2025-11-22T05:03:03.000+0000] {logging_mixin.py:190} INFO - [2025-11-22T05:03:03.000+0000] {dag.py:4180} INFO - Setting next_dagrun for crawl_search_page to None, run_after=None
[2025-11-22T05:03:03.033+0000] {processor.py:208} INFO - Processing /opt/airflow/dags/crawl_search_page.py took 0.638 seconds
[2025-11-22T05:03:33.473+0000] {processor.py:186} INFO - Started process (PID=979) to work on /opt/airflow/dags/crawl_search_page.py
[2025-11-22T05:03:33.475+0000] {processor.py:914} INFO - Processing file /opt/airflow/dags/crawl_search_page.py for tasks to queue
[2025-11-22T05:03:33.477+0000] {logging_mixin.py:190} INFO - [2025-11-22T05:03:33.476+0000] {dagbag.py:588} INFO - Filling up the DagBag from /opt/airflow/dags/crawl_search_page.py
[2025-11-22T05:03:34.045+0000] {processor.py:925} INFO - DAG(s) 'crawl_search_page' retrieved from /opt/airflow/dags/crawl_search_page.py
[2025-11-22T05:03:34.063+0000] {logging_mixin.py:190} INFO - [2025-11-22T05:03:34.063+0000] {dag.py:3239} INFO - Sync 1 DAGs
[2025-11-22T05:03:34.073+0000] {logging_mixin.py:190} INFO - [2025-11-22T05:03:34.073+0000] {dag.py:4180} INFO - Setting next_dagrun for crawl_search_page to None, run_after=None
[2025-11-22T05:03:34.091+0000] {processor.py:208} INFO - Processing /opt/airflow/dags/crawl_search_page.py took 0.623 seconds
[2025-11-22T05:04:04.162+0000] {processor.py:186} INFO - Started process (PID=991) to work on /opt/airflow/dags/crawl_search_page.py
[2025-11-22T05:04:04.163+0000] {processor.py:914} INFO - Processing file /opt/airflow/dags/crawl_search_page.py for tasks to queue
[2025-11-22T05:04:04.165+0000] {logging_mixin.py:190} INFO - [2025-11-22T05:04:04.164+0000] {dagbag.py:588} INFO - Filling up the DagBag from /opt/airflow/dags/crawl_search_page.py
[2025-11-22T05:04:04.727+0000] {processor.py:925} INFO - DAG(s) 'crawl_search_page' retrieved from /opt/airflow/dags/crawl_search_page.py
[2025-11-22T05:04:04.744+0000] {logging_mixin.py:190} INFO - [2025-11-22T05:04:04.743+0000] {dag.py:3239} INFO - Sync 1 DAGs
[2025-11-22T05:04:04.754+0000] {logging_mixin.py:190} INFO - [2025-11-22T05:04:04.754+0000] {dag.py:4180} INFO - Setting next_dagrun for crawl_search_page to None, run_after=None
[2025-11-22T05:04:04.780+0000] {processor.py:208} INFO - Processing /opt/airflow/dags/crawl_search_page.py took 0.624 seconds
[2025-11-22T05:04:34.881+0000] {processor.py:186} INFO - Started process (PID=1003) to work on /opt/airflow/dags/crawl_search_page.py
[2025-11-22T05:04:34.882+0000] {processor.py:914} INFO - Processing file /opt/airflow/dags/crawl_search_page.py for tasks to queue
[2025-11-22T05:04:34.884+0000] {logging_mixin.py:190} INFO - [2025-11-22T05:04:34.884+0000] {dagbag.py:588} INFO - Filling up the DagBag from /opt/airflow/dags/crawl_search_page.py
[2025-11-22T05:04:35.503+0000] {processor.py:925} INFO - DAG(s) 'crawl_search_page' retrieved from /opt/airflow/dags/crawl_search_page.py
[2025-11-22T05:04:35.520+0000] {logging_mixin.py:190} INFO - [2025-11-22T05:04:35.520+0000] {dag.py:3239} INFO - Sync 1 DAGs
[2025-11-22T05:04:35.530+0000] {logging_mixin.py:190} INFO - [2025-11-22T05:04:35.530+0000] {dag.py:4180} INFO - Setting next_dagrun for crawl_search_page to None, run_after=None
[2025-11-22T05:04:35.557+0000] {processor.py:208} INFO - Processing /opt/airflow/dags/crawl_search_page.py took 0.681 seconds
[2025-11-22T05:05:06.194+0000] {processor.py:186} INFO - Started process (PID=1015) to work on /opt/airflow/dags/crawl_search_page.py
[2025-11-22T05:05:06.195+0000] {processor.py:914} INFO - Processing file /opt/airflow/dags/crawl_search_page.py for tasks to queue
[2025-11-22T05:05:06.197+0000] {logging_mixin.py:190} INFO - [2025-11-22T05:05:06.197+0000] {dagbag.py:588} INFO - Filling up the DagBag from /opt/airflow/dags/crawl_search_page.py
[2025-11-22T05:05:06.770+0000] {processor.py:925} INFO - DAG(s) 'crawl_search_page' retrieved from /opt/airflow/dags/crawl_search_page.py
[2025-11-22T05:05:06.787+0000] {logging_mixin.py:190} INFO - [2025-11-22T05:05:06.786+0000] {dag.py:3239} INFO - Sync 1 DAGs
[2025-11-22T05:05:06.798+0000] {logging_mixin.py:190} INFO - [2025-11-22T05:05:06.798+0000] {dag.py:4180} INFO - Setting next_dagrun for crawl_search_page to None, run_after=None
[2025-11-22T05:05:06.829+0000] {processor.py:208} INFO - Processing /opt/airflow/dags/crawl_search_page.py took 0.641 seconds
[2025-11-22T05:05:36.924+0000] {processor.py:186} INFO - Started process (PID=1027) to work on /opt/airflow/dags/crawl_search_page.py
[2025-11-22T05:05:36.925+0000] {processor.py:914} INFO - Processing file /opt/airflow/dags/crawl_search_page.py for tasks to queue
[2025-11-22T05:05:36.927+0000] {logging_mixin.py:190} INFO - [2025-11-22T05:05:36.927+0000] {dagbag.py:588} INFO - Filling up the DagBag from /opt/airflow/dags/crawl_search_page.py
[2025-11-22T05:05:37.493+0000] {processor.py:925} INFO - DAG(s) 'crawl_search_page' retrieved from /opt/airflow/dags/crawl_search_page.py
[2025-11-22T05:05:37.511+0000] {logging_mixin.py:190} INFO - [2025-11-22T05:05:37.510+0000] {dag.py:3239} INFO - Sync 1 DAGs
[2025-11-22T05:05:37.522+0000] {logging_mixin.py:190} INFO - [2025-11-22T05:05:37.521+0000] {dag.py:4180} INFO - Setting next_dagrun for crawl_search_page to None, run_after=None
[2025-11-22T05:05:37.540+0000] {processor.py:208} INFO - Processing /opt/airflow/dags/crawl_search_page.py took 0.621 seconds
[2025-11-22T05:06:07.957+0000] {processor.py:186} INFO - Started process (PID=1039) to work on /opt/airflow/dags/crawl_search_page.py
[2025-11-22T05:06:07.959+0000] {processor.py:914} INFO - Processing file /opt/airflow/dags/crawl_search_page.py for tasks to queue
[2025-11-22T05:06:07.961+0000] {logging_mixin.py:190} INFO - [2025-11-22T05:06:07.961+0000] {dagbag.py:588} INFO - Filling up the DagBag from /opt/airflow/dags/crawl_search_page.py
[2025-11-22T05:06:08.573+0000] {processor.py:925} INFO - DAG(s) 'crawl_search_page' retrieved from /opt/airflow/dags/crawl_search_page.py
[2025-11-22T05:06:08.590+0000] {logging_mixin.py:190} INFO - [2025-11-22T05:06:08.590+0000] {dag.py:3239} INFO - Sync 1 DAGs
[2025-11-22T05:06:08.601+0000] {logging_mixin.py:190} INFO - [2025-11-22T05:06:08.601+0000] {dag.py:4180} INFO - Setting next_dagrun for crawl_search_page to None, run_after=None
[2025-11-22T05:06:08.618+0000] {processor.py:208} INFO - Processing /opt/airflow/dags/crawl_search_page.py took 0.666 seconds
[2025-11-22T05:06:38.997+0000] {processor.py:186} INFO - Started process (PID=1057) to work on /opt/airflow/dags/crawl_search_page.py
[2025-11-22T05:06:38.998+0000] {processor.py:914} INFO - Processing file /opt/airflow/dags/crawl_search_page.py for tasks to queue
[2025-11-22T05:06:39.000+0000] {logging_mixin.py:190} INFO - [2025-11-22T05:06:39.000+0000] {dagbag.py:588} INFO - Filling up the DagBag from /opt/airflow/dags/crawl_search_page.py
[2025-11-22T05:06:39.578+0000] {processor.py:925} INFO - DAG(s) 'crawl_search_page' retrieved from /opt/airflow/dags/crawl_search_page.py
[2025-11-22T05:06:39.596+0000] {logging_mixin.py:190} INFO - [2025-11-22T05:06:39.596+0000] {dag.py:3239} INFO - Sync 1 DAGs
[2025-11-22T05:06:39.606+0000] {logging_mixin.py:190} INFO - [2025-11-22T05:06:39.606+0000] {dag.py:4180} INFO - Setting next_dagrun for crawl_search_page to None, run_after=None
[2025-11-22T05:06:39.634+0000] {processor.py:208} INFO - Processing /opt/airflow/dags/crawl_search_page.py took 0.642 seconds
[2025-11-22T05:07:10.092+0000] {processor.py:186} INFO - Started process (PID=1069) to work on /opt/airflow/dags/crawl_search_page.py
[2025-11-22T05:07:10.093+0000] {processor.py:914} INFO - Processing file /opt/airflow/dags/crawl_search_page.py for tasks to queue
[2025-11-22T05:07:10.095+0000] {logging_mixin.py:190} INFO - [2025-11-22T05:07:10.095+0000] {dagbag.py:588} INFO - Filling up the DagBag from /opt/airflow/dags/crawl_search_page.py
[2025-11-22T05:07:10.657+0000] {processor.py:925} INFO - DAG(s) 'crawl_search_page' retrieved from /opt/airflow/dags/crawl_search_page.py
[2025-11-22T05:07:10.675+0000] {logging_mixin.py:190} INFO - [2025-11-22T05:07:10.675+0000] {dag.py:3239} INFO - Sync 1 DAGs
[2025-11-22T05:07:10.688+0000] {logging_mixin.py:190} INFO - [2025-11-22T05:07:10.688+0000] {dag.py:4180} INFO - Setting next_dagrun for crawl_search_page to None, run_after=None
[2025-11-22T05:07:10.720+0000] {processor.py:208} INFO - Processing /opt/airflow/dags/crawl_search_page.py took 0.634 seconds
[2025-11-22T05:07:41.149+0000] {processor.py:186} INFO - Started process (PID=1081) to work on /opt/airflow/dags/crawl_search_page.py
[2025-11-22T05:07:41.150+0000] {processor.py:914} INFO - Processing file /opt/airflow/dags/crawl_search_page.py for tasks to queue
[2025-11-22T05:07:41.152+0000] {logging_mixin.py:190} INFO - [2025-11-22T05:07:41.152+0000] {dagbag.py:588} INFO - Filling up the DagBag from /opt/airflow/dags/crawl_search_page.py
[2025-11-22T05:07:41.744+0000] {processor.py:925} INFO - DAG(s) 'crawl_search_page' retrieved from /opt/airflow/dags/crawl_search_page.py
[2025-11-22T05:07:41.760+0000] {logging_mixin.py:190} INFO - [2025-11-22T05:07:41.760+0000] {dag.py:3239} INFO - Sync 1 DAGs
[2025-11-22T05:07:41.772+0000] {logging_mixin.py:190} INFO - [2025-11-22T05:07:41.772+0000] {dag.py:4180} INFO - Setting next_dagrun for crawl_search_page to None, run_after=None
[2025-11-22T05:07:41.800+0000] {processor.py:208} INFO - Processing /opt/airflow/dags/crawl_search_page.py took 0.657 seconds
[2025-11-22T05:08:12.099+0000] {processor.py:186} INFO - Started process (PID=1093) to work on /opt/airflow/dags/crawl_search_page.py
[2025-11-22T05:08:12.100+0000] {processor.py:914} INFO - Processing file /opt/airflow/dags/crawl_search_page.py for tasks to queue
[2025-11-22T05:08:12.102+0000] {logging_mixin.py:190} INFO - [2025-11-22T05:08:12.102+0000] {dagbag.py:588} INFO - Filling up the DagBag from /opt/airflow/dags/crawl_search_page.py
[2025-11-22T05:08:12.668+0000] {processor.py:925} INFO - DAG(s) 'crawl_search_page' retrieved from /opt/airflow/dags/crawl_search_page.py
[2025-11-22T05:08:12.686+0000] {logging_mixin.py:190} INFO - [2025-11-22T05:08:12.686+0000] {dag.py:3239} INFO - Sync 1 DAGs
[2025-11-22T05:08:12.697+0000] {logging_mixin.py:190} INFO - [2025-11-22T05:08:12.697+0000] {dag.py:4180} INFO - Setting next_dagrun for crawl_search_page to None, run_after=None
[2025-11-22T05:08:12.720+0000] {processor.py:208} INFO - Processing /opt/airflow/dags/crawl_search_page.py took 0.626 seconds
[2025-11-22T05:08:43.178+0000] {processor.py:186} INFO - Started process (PID=1105) to work on /opt/airflow/dags/crawl_search_page.py
[2025-11-22T05:08:43.179+0000] {processor.py:914} INFO - Processing file /opt/airflow/dags/crawl_search_page.py for tasks to queue
[2025-11-22T05:08:43.182+0000] {logging_mixin.py:190} INFO - [2025-11-22T05:08:43.181+0000] {dagbag.py:588} INFO - Filling up the DagBag from /opt/airflow/dags/crawl_search_page.py
[2025-11-22T05:08:43.751+0000] {processor.py:925} INFO - DAG(s) 'crawl_search_page' retrieved from /opt/airflow/dags/crawl_search_page.py
[2025-11-22T05:08:43.769+0000] {logging_mixin.py:190} INFO - [2025-11-22T05:08:43.769+0000] {dag.py:3239} INFO - Sync 1 DAGs
[2025-11-22T05:08:43.779+0000] {logging_mixin.py:190} INFO - [2025-11-22T05:08:43.779+0000] {dag.py:4180} INFO - Setting next_dagrun for crawl_search_page to None, run_after=None
[2025-11-22T05:08:43.805+0000] {processor.py:208} INFO - Processing /opt/airflow/dags/crawl_search_page.py took 0.632 seconds
[2025-11-22T05:09:13.941+0000] {processor.py:186} INFO - Started process (PID=1117) to work on /opt/airflow/dags/crawl_search_page.py
[2025-11-22T05:09:13.942+0000] {processor.py:914} INFO - Processing file /opt/airflow/dags/crawl_search_page.py for tasks to queue
[2025-11-22T05:09:13.944+0000] {logging_mixin.py:190} INFO - [2025-11-22T05:09:13.944+0000] {dagbag.py:588} INFO - Filling up the DagBag from /opt/airflow/dags/crawl_search_page.py
[2025-11-22T05:09:14.544+0000] {processor.py:925} INFO - DAG(s) 'crawl_search_page' retrieved from /opt/airflow/dags/crawl_search_page.py
[2025-11-22T05:09:14.562+0000] {logging_mixin.py:190} INFO - [2025-11-22T05:09:14.562+0000] {dag.py:3239} INFO - Sync 1 DAGs
[2025-11-22T05:09:14.577+0000] {logging_mixin.py:190} INFO - [2025-11-22T05:09:14.576+0000] {dag.py:4180} INFO - Setting next_dagrun for crawl_search_page to None, run_after=None
[2025-11-22T05:09:14.610+0000] {processor.py:208} INFO - Processing /opt/airflow/dags/crawl_search_page.py took 0.675 seconds
[2025-11-22T05:09:45.025+0000] {processor.py:186} INFO - Started process (PID=1129) to work on /opt/airflow/dags/crawl_search_page.py
[2025-11-22T05:09:45.026+0000] {processor.py:914} INFO - Processing file /opt/airflow/dags/crawl_search_page.py for tasks to queue
[2025-11-22T05:09:45.029+0000] {logging_mixin.py:190} INFO - [2025-11-22T05:09:45.028+0000] {dagbag.py:588} INFO - Filling up the DagBag from /opt/airflow/dags/crawl_search_page.py
[2025-11-22T05:09:45.655+0000] {processor.py:925} INFO - DAG(s) 'crawl_search_page' retrieved from /opt/airflow/dags/crawl_search_page.py
[2025-11-22T05:09:45.684+0000] {logging_mixin.py:190} INFO - [2025-11-22T05:09:45.684+0000] {dag.py:3239} INFO - Sync 1 DAGs
[2025-11-22T05:09:45.695+0000] {logging_mixin.py:190} INFO - [2025-11-22T05:09:45.695+0000] {dag.py:4180} INFO - Setting next_dagrun for crawl_search_page to None, run_after=None
[2025-11-22T05:09:45.721+0000] {processor.py:208} INFO - Processing /opt/airflow/dags/crawl_search_page.py took 0.702 seconds
[2025-11-22T05:10:16.028+0000] {processor.py:186} INFO - Started process (PID=1141) to work on /opt/airflow/dags/crawl_search_page.py
[2025-11-22T05:10:16.029+0000] {processor.py:914} INFO - Processing file /opt/airflow/dags/crawl_search_page.py for tasks to queue
[2025-11-22T05:10:16.031+0000] {logging_mixin.py:190} INFO - [2025-11-22T05:10:16.031+0000] {dagbag.py:588} INFO - Filling up the DagBag from /opt/airflow/dags/crawl_search_page.py
[2025-11-22T05:10:16.596+0000] {processor.py:925} INFO - DAG(s) 'crawl_search_page' retrieved from /opt/airflow/dags/crawl_search_page.py
[2025-11-22T05:10:16.623+0000] {logging_mixin.py:190} INFO - [2025-11-22T05:10:16.623+0000] {dag.py:3239} INFO - Sync 1 DAGs
[2025-11-22T05:10:16.633+0000] {logging_mixin.py:190} INFO - [2025-11-22T05:10:16.633+0000] {dag.py:4180} INFO - Setting next_dagrun for crawl_search_page to None, run_after=None
[2025-11-22T05:10:16.652+0000] {processor.py:208} INFO - Processing /opt/airflow/dags/crawl_search_page.py took 0.630 seconds
[2025-11-22T05:10:46.735+0000] {processor.py:186} INFO - Started process (PID=1153) to work on /opt/airflow/dags/crawl_search_page.py
[2025-11-22T05:10:46.736+0000] {processor.py:914} INFO - Processing file /opt/airflow/dags/crawl_search_page.py for tasks to queue
[2025-11-22T05:10:46.740+0000] {logging_mixin.py:190} INFO - [2025-11-22T05:10:46.740+0000] {dagbag.py:588} INFO - Filling up the DagBag from /opt/airflow/dags/crawl_search_page.py
[2025-11-22T05:10:47.309+0000] {processor.py:925} INFO - DAG(s) 'crawl_search_page' retrieved from /opt/airflow/dags/crawl_search_page.py
[2025-11-22T05:10:47.327+0000] {logging_mixin.py:190} INFO - [2025-11-22T05:10:47.327+0000] {dag.py:3239} INFO - Sync 1 DAGs
[2025-11-22T05:10:47.337+0000] {logging_mixin.py:190} INFO - [2025-11-22T05:10:47.337+0000] {dag.py:4180} INFO - Setting next_dagrun for crawl_search_page to None, run_after=None
[2025-11-22T05:10:47.365+0000] {processor.py:208} INFO - Processing /opt/airflow/dags/crawl_search_page.py took 0.637 seconds
[2025-11-22T05:11:17.492+0000] {processor.py:186} INFO - Started process (PID=1165) to work on /opt/airflow/dags/crawl_search_page.py
[2025-11-22T05:11:17.493+0000] {processor.py:914} INFO - Processing file /opt/airflow/dags/crawl_search_page.py for tasks to queue
[2025-11-22T05:11:17.496+0000] {logging_mixin.py:190} INFO - [2025-11-22T05:11:17.495+0000] {dagbag.py:588} INFO - Filling up the DagBag from /opt/airflow/dags/crawl_search_page.py
[2025-11-22T05:11:18.076+0000] {processor.py:925} INFO - DAG(s) 'crawl_search_page' retrieved from /opt/airflow/dags/crawl_search_page.py
[2025-11-22T05:11:18.095+0000] {logging_mixin.py:190} INFO - [2025-11-22T05:11:18.094+0000] {dag.py:3239} INFO - Sync 1 DAGs
[2025-11-22T05:11:18.107+0000] {logging_mixin.py:190} INFO - [2025-11-22T05:11:18.107+0000] {dag.py:4180} INFO - Setting next_dagrun for crawl_search_page to None, run_after=None
[2025-11-22T05:11:18.134+0000] {processor.py:208} INFO - Processing /opt/airflow/dags/crawl_search_page.py took 0.651 seconds
[2025-11-22T05:11:48.573+0000] {processor.py:186} INFO - Started process (PID=1177) to work on /opt/airflow/dags/crawl_search_page.py
[2025-11-22T05:11:48.574+0000] {processor.py:914} INFO - Processing file /opt/airflow/dags/crawl_search_page.py for tasks to queue
[2025-11-22T05:11:48.577+0000] {logging_mixin.py:190} INFO - [2025-11-22T05:11:48.576+0000] {dagbag.py:588} INFO - Filling up the DagBag from /opt/airflow/dags/crawl_search_page.py
[2025-11-22T05:11:49.138+0000] {processor.py:925} INFO - DAG(s) 'crawl_search_page' retrieved from /opt/airflow/dags/crawl_search_page.py
[2025-11-22T05:11:49.156+0000] {logging_mixin.py:190} INFO - [2025-11-22T05:11:49.156+0000] {dag.py:3239} INFO - Sync 1 DAGs
[2025-11-22T05:11:49.166+0000] {logging_mixin.py:190} INFO - [2025-11-22T05:11:49.166+0000] {dag.py:4180} INFO - Setting next_dagrun for crawl_search_page to None, run_after=None
[2025-11-22T05:11:49.192+0000] {processor.py:208} INFO - Processing /opt/airflow/dags/crawl_search_page.py took 0.625 seconds
[2025-11-22T05:12:19.491+0000] {processor.py:186} INFO - Started process (PID=1189) to work on /opt/airflow/dags/crawl_search_page.py
[2025-11-22T05:12:19.492+0000] {processor.py:914} INFO - Processing file /opt/airflow/dags/crawl_search_page.py for tasks to queue
[2025-11-22T05:12:19.495+0000] {logging_mixin.py:190} INFO - [2025-11-22T05:12:19.495+0000] {dagbag.py:588} INFO - Filling up the DagBag from /opt/airflow/dags/crawl_search_page.py
[2025-11-22T05:12:20.095+0000] {processor.py:925} INFO - DAG(s) 'crawl_search_page' retrieved from /opt/airflow/dags/crawl_search_page.py
[2025-11-22T05:12:20.113+0000] {logging_mixin.py:190} INFO - [2025-11-22T05:12:20.113+0000] {dag.py:3239} INFO - Sync 1 DAGs
[2025-11-22T05:12:20.123+0000] {logging_mixin.py:190} INFO - [2025-11-22T05:12:20.123+0000] {dag.py:4180} INFO - Setting next_dagrun for crawl_search_page to None, run_after=None
[2025-11-22T05:12:20.151+0000] {processor.py:208} INFO - Processing /opt/airflow/dags/crawl_search_page.py took 0.666 seconds
[2025-11-22T05:12:50.577+0000] {processor.py:186} INFO - Started process (PID=1201) to work on /opt/airflow/dags/crawl_search_page.py
[2025-11-22T05:12:50.578+0000] {processor.py:914} INFO - Processing file /opt/airflow/dags/crawl_search_page.py for tasks to queue
[2025-11-22T05:12:50.581+0000] {logging_mixin.py:190} INFO - [2025-11-22T05:12:50.580+0000] {dagbag.py:588} INFO - Filling up the DagBag from /opt/airflow/dags/crawl_search_page.py
[2025-11-22T05:12:51.144+0000] {processor.py:925} INFO - DAG(s) 'crawl_search_page' retrieved from /opt/airflow/dags/crawl_search_page.py
[2025-11-22T05:12:51.162+0000] {logging_mixin.py:190} INFO - [2025-11-22T05:12:51.161+0000] {dag.py:3239} INFO - Sync 1 DAGs
[2025-11-22T05:12:51.172+0000] {logging_mixin.py:190} INFO - [2025-11-22T05:12:51.172+0000] {dag.py:4180} INFO - Setting next_dagrun for crawl_search_page to None, run_after=None
[2025-11-22T05:12:51.200+0000] {processor.py:208} INFO - Processing /opt/airflow/dags/crawl_search_page.py took 0.629 seconds
[2025-11-22T05:13:21.299+0000] {processor.py:186} INFO - Started process (PID=1213) to work on /opt/airflow/dags/crawl_search_page.py
[2025-11-22T05:13:21.300+0000] {processor.py:914} INFO - Processing file /opt/airflow/dags/crawl_search_page.py for tasks to queue
[2025-11-22T05:13:21.302+0000] {logging_mixin.py:190} INFO - [2025-11-22T05:13:21.302+0000] {dagbag.py:588} INFO - Filling up the DagBag from /opt/airflow/dags/crawl_search_page.py
[2025-11-22T05:13:21.856+0000] {processor.py:925} INFO - DAG(s) 'crawl_search_page' retrieved from /opt/airflow/dags/crawl_search_page.py
[2025-11-22T05:13:21.874+0000] {logging_mixin.py:190} INFO - [2025-11-22T05:13:21.873+0000] {dag.py:3239} INFO - Sync 1 DAGs
[2025-11-22T05:13:21.884+0000] {logging_mixin.py:190} INFO - [2025-11-22T05:13:21.883+0000] {dag.py:4180} INFO - Setting next_dagrun for crawl_search_page to None, run_after=None
[2025-11-22T05:13:21.911+0000] {processor.py:208} INFO - Processing /opt/airflow/dags/crawl_search_page.py took 0.618 seconds
[2025-11-22T05:13:51.991+0000] {processor.py:186} INFO - Started process (PID=1225) to work on /opt/airflow/dags/crawl_search_page.py
[2025-11-22T05:13:51.992+0000] {processor.py:914} INFO - Processing file /opt/airflow/dags/crawl_search_page.py for tasks to queue
[2025-11-22T05:13:51.994+0000] {logging_mixin.py:190} INFO - [2025-11-22T05:13:51.994+0000] {dagbag.py:588} INFO - Filling up the DagBag from /opt/airflow/dags/crawl_search_page.py
[2025-11-22T05:13:52.553+0000] {processor.py:925} INFO - DAG(s) 'crawl_search_page' retrieved from /opt/airflow/dags/crawl_search_page.py
[2025-11-22T05:13:52.571+0000] {logging_mixin.py:190} INFO - [2025-11-22T05:13:52.571+0000] {dag.py:3239} INFO - Sync 1 DAGs
[2025-11-22T05:13:52.581+0000] {logging_mixin.py:190} INFO - [2025-11-22T05:13:52.581+0000] {dag.py:4180} INFO - Setting next_dagrun for crawl_search_page to None, run_after=None
[2025-11-22T05:13:52.608+0000] {processor.py:208} INFO - Processing /opt/airflow/dags/crawl_search_page.py took 0.624 seconds
[2025-11-22T05:14:22.740+0000] {processor.py:186} INFO - Started process (PID=1238) to work on /opt/airflow/dags/crawl_search_page.py
[2025-11-22T05:14:22.741+0000] {processor.py:914} INFO - Processing file /opt/airflow/dags/crawl_search_page.py for tasks to queue
[2025-11-22T05:14:22.743+0000] {logging_mixin.py:190} INFO - [2025-11-22T05:14:22.743+0000] {dagbag.py:588} INFO - Filling up the DagBag from /opt/airflow/dags/crawl_search_page.py
[2025-11-22T05:14:23.276+0000] {processor.py:925} INFO - DAG(s) 'crawl_search_page' retrieved from /opt/airflow/dags/crawl_search_page.py
[2025-11-22T05:14:23.293+0000] {logging_mixin.py:190} INFO - [2025-11-22T05:14:23.293+0000] {dag.py:3239} INFO - Sync 1 DAGs
[2025-11-22T05:14:23.304+0000] {logging_mixin.py:190} INFO - [2025-11-22T05:14:23.304+0000] {dag.py:4180} INFO - Setting next_dagrun for crawl_search_page to None, run_after=None
[2025-11-22T05:14:23.329+0000] {processor.py:208} INFO - Processing /opt/airflow/dags/crawl_search_page.py took 0.595 seconds
[2025-11-22T05:14:53.741+0000] {processor.py:186} INFO - Started process (PID=1250) to work on /opt/airflow/dags/crawl_search_page.py
[2025-11-22T05:14:53.742+0000] {processor.py:914} INFO - Processing file /opt/airflow/dags/crawl_search_page.py for tasks to queue
[2025-11-22T05:14:53.744+0000] {logging_mixin.py:190} INFO - [2025-11-22T05:14:53.744+0000] {dagbag.py:588} INFO - Filling up the DagBag from /opt/airflow/dags/crawl_search_page.py
[2025-11-22T05:14:54.303+0000] {processor.py:925} INFO - DAG(s) 'crawl_search_page' retrieved from /opt/airflow/dags/crawl_search_page.py
[2025-11-22T05:14:54.323+0000] {logging_mixin.py:190} INFO - [2025-11-22T05:14:54.322+0000] {dag.py:3239} INFO - Sync 1 DAGs
[2025-11-22T05:14:54.334+0000] {logging_mixin.py:190} INFO - [2025-11-22T05:14:54.334+0000] {dag.py:4180} INFO - Setting next_dagrun for crawl_search_page to None, run_after=None
[2025-11-22T05:14:54.357+0000] {processor.py:208} INFO - Processing /opt/airflow/dags/crawl_search_page.py took 0.621 seconds
[2025-11-22T05:15:25.035+0000] {processor.py:186} INFO - Started process (PID=1262) to work on /opt/airflow/dags/crawl_search_page.py
[2025-11-22T05:15:25.036+0000] {processor.py:914} INFO - Processing file /opt/airflow/dags/crawl_search_page.py for tasks to queue
[2025-11-22T05:15:25.038+0000] {logging_mixin.py:190} INFO - [2025-11-22T05:15:25.038+0000] {dagbag.py:588} INFO - Filling up the DagBag from /opt/airflow/dags/crawl_search_page.py
[2025-11-22T05:15:25.586+0000] {processor.py:925} INFO - DAG(s) 'crawl_search_page' retrieved from /opt/airflow/dags/crawl_search_page.py
[2025-11-22T05:15:25.603+0000] {logging_mixin.py:190} INFO - [2025-11-22T05:15:25.602+0000] {dag.py:3239} INFO - Sync 1 DAGs
[2025-11-22T05:15:25.612+0000] {logging_mixin.py:190} INFO - [2025-11-22T05:15:25.612+0000] {dag.py:4180} INFO - Setting next_dagrun for crawl_search_page to None, run_after=None
[2025-11-22T05:15:25.638+0000] {processor.py:208} INFO - Processing /opt/airflow/dags/crawl_search_page.py took 0.609 seconds
[2025-11-22T05:15:56.068+0000] {processor.py:186} INFO - Started process (PID=1274) to work on /opt/airflow/dags/crawl_search_page.py
[2025-11-22T05:15:56.069+0000] {processor.py:914} INFO - Processing file /opt/airflow/dags/crawl_search_page.py for tasks to queue
[2025-11-22T05:15:56.072+0000] {logging_mixin.py:190} INFO - [2025-11-22T05:15:56.072+0000] {dagbag.py:588} INFO - Filling up the DagBag from /opt/airflow/dags/crawl_search_page.py
[2025-11-22T05:15:56.653+0000] {processor.py:925} INFO - DAG(s) 'crawl_search_page' retrieved from /opt/airflow/dags/crawl_search_page.py
[2025-11-22T05:15:56.670+0000] {logging_mixin.py:190} INFO - [2025-11-22T05:15:56.670+0000] {dag.py:3239} INFO - Sync 1 DAGs
[2025-11-22T05:15:56.680+0000] {logging_mixin.py:190} INFO - [2025-11-22T05:15:56.680+0000] {dag.py:4180} INFO - Setting next_dagrun for crawl_search_page to None, run_after=None
[2025-11-22T05:15:56.702+0000] {processor.py:208} INFO - Processing /opt/airflow/dags/crawl_search_page.py took 0.639 seconds
[2025-11-22T05:16:26.805+0000] {processor.py:186} INFO - Started process (PID=1286) to work on /opt/airflow/dags/crawl_search_page.py
[2025-11-22T05:16:26.806+0000] {processor.py:914} INFO - Processing file /opt/airflow/dags/crawl_search_page.py for tasks to queue
[2025-11-22T05:16:26.808+0000] {logging_mixin.py:190} INFO - [2025-11-22T05:16:26.807+0000] {dagbag.py:588} INFO - Filling up the DagBag from /opt/airflow/dags/crawl_search_page.py
[2025-11-22T05:16:27.350+0000] {processor.py:925} INFO - DAG(s) 'crawl_search_page' retrieved from /opt/airflow/dags/crawl_search_page.py
[2025-11-22T05:16:27.366+0000] {logging_mixin.py:190} INFO - [2025-11-22T05:16:27.365+0000] {dag.py:3239} INFO - Sync 1 DAGs
[2025-11-22T05:16:27.375+0000] {logging_mixin.py:190} INFO - [2025-11-22T05:16:27.375+0000] {dag.py:4180} INFO - Setting next_dagrun for crawl_search_page to None, run_after=None
[2025-11-22T05:16:27.402+0000] {processor.py:208} INFO - Processing /opt/airflow/dags/crawl_search_page.py took 0.603 seconds
[2025-11-22T05:16:57.521+0000] {processor.py:186} INFO - Started process (PID=1298) to work on /opt/airflow/dags/crawl_search_page.py
[2025-11-22T05:16:57.522+0000] {processor.py:914} INFO - Processing file /opt/airflow/dags/crawl_search_page.py for tasks to queue
[2025-11-22T05:16:57.524+0000] {logging_mixin.py:190} INFO - [2025-11-22T05:16:57.523+0000] {dagbag.py:588} INFO - Filling up the DagBag from /opt/airflow/dags/crawl_search_page.py
[2025-11-22T05:16:58.077+0000] {processor.py:925} INFO - DAG(s) 'crawl_search_page' retrieved from /opt/airflow/dags/crawl_search_page.py
[2025-11-22T05:16:58.093+0000] {logging_mixin.py:190} INFO - [2025-11-22T05:16:58.093+0000] {dag.py:3239} INFO - Sync 1 DAGs
[2025-11-22T05:16:58.104+0000] {logging_mixin.py:190} INFO - [2025-11-22T05:16:58.103+0000] {dag.py:4180} INFO - Setting next_dagrun for crawl_search_page to None, run_after=None
[2025-11-22T05:16:58.125+0000] {processor.py:208} INFO - Processing /opt/airflow/dags/crawl_search_page.py took 0.610 seconds
[2025-11-22T05:17:28.566+0000] {processor.py:186} INFO - Started process (PID=1310) to work on /opt/airflow/dags/crawl_search_page.py
[2025-11-22T05:17:28.567+0000] {processor.py:914} INFO - Processing file /opt/airflow/dags/crawl_search_page.py for tasks to queue
[2025-11-22T05:17:28.570+0000] {logging_mixin.py:190} INFO - [2025-11-22T05:17:28.570+0000] {dagbag.py:588} INFO - Filling up the DagBag from /opt/airflow/dags/crawl_search_page.py
[2025-11-22T05:17:29.159+0000] {processor.py:925} INFO - DAG(s) 'crawl_search_page' retrieved from /opt/airflow/dags/crawl_search_page.py
[2025-11-22T05:17:29.176+0000] {logging_mixin.py:190} INFO - [2025-11-22T05:17:29.176+0000] {dag.py:3239} INFO - Sync 1 DAGs
[2025-11-22T05:17:29.186+0000] {logging_mixin.py:190} INFO - [2025-11-22T05:17:29.185+0000] {dag.py:4180} INFO - Setting next_dagrun for crawl_search_page to None, run_after=None
[2025-11-22T05:17:29.202+0000] {processor.py:208} INFO - Processing /opt/airflow/dags/crawl_search_page.py took 0.645 seconds
[2025-11-22T05:17:59.521+0000] {processor.py:186} INFO - Started process (PID=1322) to work on /opt/airflow/dags/crawl_search_page.py
[2025-11-22T05:17:59.523+0000] {processor.py:914} INFO - Processing file /opt/airflow/dags/crawl_search_page.py for tasks to queue
[2025-11-22T05:17:59.525+0000] {logging_mixin.py:190} INFO - [2025-11-22T05:17:59.524+0000] {dagbag.py:588} INFO - Filling up the DagBag from /opt/airflow/dags/crawl_search_page.py
[2025-11-22T05:18:00.077+0000] {processor.py:925} INFO - DAG(s) 'crawl_search_page' retrieved from /opt/airflow/dags/crawl_search_page.py
[2025-11-22T05:18:00.094+0000] {logging_mixin.py:190} INFO - [2025-11-22T05:18:00.094+0000] {dag.py:3239} INFO - Sync 1 DAGs
[2025-11-22T05:18:00.105+0000] {logging_mixin.py:190} INFO - [2025-11-22T05:18:00.105+0000] {dag.py:4180} INFO - Setting next_dagrun for crawl_search_page to None, run_after=None
[2025-11-22T05:18:00.121+0000] {processor.py:208} INFO - Processing /opt/airflow/dags/crawl_search_page.py took 0.605 seconds
[2025-11-22T05:18:30.548+0000] {processor.py:186} INFO - Started process (PID=1334) to work on /opt/airflow/dags/crawl_search_page.py
[2025-11-22T05:18:30.549+0000] {processor.py:914} INFO - Processing file /opt/airflow/dags/crawl_search_page.py for tasks to queue
[2025-11-22T05:18:30.551+0000] {logging_mixin.py:190} INFO - [2025-11-22T05:18:30.551+0000] {dagbag.py:588} INFO - Filling up the DagBag from /opt/airflow/dags/crawl_search_page.py
[2025-11-22T05:18:31.094+0000] {processor.py:925} INFO - DAG(s) 'crawl_search_page' retrieved from /opt/airflow/dags/crawl_search_page.py
[2025-11-22T05:18:31.111+0000] {logging_mixin.py:190} INFO - [2025-11-22T05:18:31.110+0000] {dag.py:3239} INFO - Sync 1 DAGs
[2025-11-22T05:18:31.120+0000] {logging_mixin.py:190} INFO - [2025-11-22T05:18:31.120+0000] {dag.py:4180} INFO - Setting next_dagrun for crawl_search_page to None, run_after=None
[2025-11-22T05:18:31.146+0000] {processor.py:208} INFO - Processing /opt/airflow/dags/crawl_search_page.py took 0.604 seconds
[2025-11-22T05:19:01.351+0000] {processor.py:186} INFO - Started process (PID=1346) to work on /opt/airflow/dags/crawl_search_page.py
[2025-11-22T05:19:01.352+0000] {processor.py:914} INFO - Processing file /opt/airflow/dags/crawl_search_page.py for tasks to queue
[2025-11-22T05:19:01.354+0000] {logging_mixin.py:190} INFO - [2025-11-22T05:19:01.354+0000] {dagbag.py:588} INFO - Filling up the DagBag from /opt/airflow/dags/crawl_search_page.py
[2025-11-22T05:19:01.897+0000] {processor.py:925} INFO - DAG(s) 'crawl_search_page' retrieved from /opt/airflow/dags/crawl_search_page.py
[2025-11-22T05:19:01.913+0000] {logging_mixin.py:190} INFO - [2025-11-22T05:19:01.913+0000] {dag.py:3239} INFO - Sync 1 DAGs
[2025-11-22T05:19:01.922+0000] {logging_mixin.py:190} INFO - [2025-11-22T05:19:01.922+0000] {dag.py:4180} INFO - Setting next_dagrun for crawl_search_page to None, run_after=None
[2025-11-22T05:19:01.947+0000] {processor.py:208} INFO - Processing /opt/airflow/dags/crawl_search_page.py took 0.602 seconds
[2025-11-22T05:19:32.366+0000] {processor.py:186} INFO - Started process (PID=1359) to work on /opt/airflow/dags/crawl_search_page.py
[2025-11-22T05:19:32.367+0000] {processor.py:914} INFO - Processing file /opt/airflow/dags/crawl_search_page.py for tasks to queue
[2025-11-22T05:19:32.369+0000] {logging_mixin.py:190} INFO - [2025-11-22T05:19:32.369+0000] {dagbag.py:588} INFO - Filling up the DagBag from /opt/airflow/dags/crawl_search_page.py
[2025-11-22T05:19:32.903+0000] {processor.py:925} INFO - DAG(s) 'crawl_search_page' retrieved from /opt/airflow/dags/crawl_search_page.py
[2025-11-22T05:19:32.919+0000] {logging_mixin.py:190} INFO - [2025-11-22T05:19:32.919+0000] {dag.py:3239} INFO - Sync 1 DAGs
[2025-11-22T05:19:32.928+0000] {logging_mixin.py:190} INFO - [2025-11-22T05:19:32.928+0000] {dag.py:4180} INFO - Setting next_dagrun for crawl_search_page to None, run_after=None
[2025-11-22T05:19:32.948+0000] {processor.py:208} INFO - Processing /opt/airflow/dags/crawl_search_page.py took 0.588 seconds
[2025-11-22T05:20:03.610+0000] {processor.py:186} INFO - Started process (PID=1371) to work on /opt/airflow/dags/crawl_search_page.py
[2025-11-22T05:20:03.612+0000] {processor.py:914} INFO - Processing file /opt/airflow/dags/crawl_search_page.py for tasks to queue
[2025-11-22T05:20:03.614+0000] {logging_mixin.py:190} INFO - [2025-11-22T05:20:03.614+0000] {dagbag.py:588} INFO - Filling up the DagBag from /opt/airflow/dags/crawl_search_page.py
[2025-11-22T05:20:04.175+0000] {processor.py:925} INFO - DAG(s) 'crawl_search_page' retrieved from /opt/airflow/dags/crawl_search_page.py
[2025-11-22T05:20:04.191+0000] {logging_mixin.py:190} INFO - [2025-11-22T05:20:04.191+0000] {dag.py:3239} INFO - Sync 1 DAGs
[2025-11-22T05:20:04.201+0000] {logging_mixin.py:190} INFO - [2025-11-22T05:20:04.201+0000] {dag.py:4180} INFO - Setting next_dagrun for crawl_search_page to None, run_after=None
[2025-11-22T05:20:04.231+0000] {processor.py:208} INFO - Processing /opt/airflow/dags/crawl_search_page.py took 0.627 seconds
[2025-11-22T05:20:34.656+0000] {processor.py:186} INFO - Started process (PID=1383) to work on /opt/airflow/dags/crawl_search_page.py
[2025-11-22T05:20:34.657+0000] {processor.py:914} INFO - Processing file /opt/airflow/dags/crawl_search_page.py for tasks to queue
[2025-11-22T05:20:34.659+0000] {logging_mixin.py:190} INFO - [2025-11-22T05:20:34.659+0000] {dagbag.py:588} INFO - Filling up the DagBag from /opt/airflow/dags/crawl_search_page.py
[2025-11-22T05:20:35.193+0000] {processor.py:925} INFO - DAG(s) 'crawl_search_page' retrieved from /opt/airflow/dags/crawl_search_page.py
[2025-11-22T05:20:35.230+0000] {logging_mixin.py:190} INFO - [2025-11-22T05:20:35.229+0000] {dag.py:3239} INFO - Sync 1 DAGs
[2025-11-22T05:20:35.240+0000] {logging_mixin.py:190} INFO - [2025-11-22T05:20:35.240+0000] {dag.py:4180} INFO - Setting next_dagrun for crawl_search_page to None, run_after=None
[2025-11-22T05:20:35.256+0000] {processor.py:208} INFO - Processing /opt/airflow/dags/crawl_search_page.py took 0.606 seconds
[2025-11-22T05:21:05.386+0000] {processor.py:186} INFO - Started process (PID=1395) to work on /opt/airflow/dags/crawl_search_page.py
[2025-11-22T05:21:05.387+0000] {processor.py:914} INFO - Processing file /opt/airflow/dags/crawl_search_page.py for tasks to queue
[2025-11-22T05:21:05.389+0000] {logging_mixin.py:190} INFO - [2025-11-22T05:21:05.389+0000] {dagbag.py:588} INFO - Filling up the DagBag from /opt/airflow/dags/crawl_search_page.py
[2025-11-22T05:21:05.923+0000] {processor.py:925} INFO - DAG(s) 'crawl_search_page' retrieved from /opt/airflow/dags/crawl_search_page.py
[2025-11-22T05:21:05.940+0000] {logging_mixin.py:190} INFO - [2025-11-22T05:21:05.940+0000] {dag.py:3239} INFO - Sync 1 DAGs
[2025-11-22T05:21:05.950+0000] {logging_mixin.py:190} INFO - [2025-11-22T05:21:05.950+0000] {dag.py:4180} INFO - Setting next_dagrun for crawl_search_page to None, run_after=None
[2025-11-22T05:21:05.978+0000] {processor.py:208} INFO - Processing /opt/airflow/dags/crawl_search_page.py took 0.598 seconds
[2025-11-22T05:21:36.074+0000] {processor.py:186} INFO - Started process (PID=1407) to work on /opt/airflow/dags/crawl_search_page.py
[2025-11-22T05:21:36.075+0000] {processor.py:914} INFO - Processing file /opt/airflow/dags/crawl_search_page.py for tasks to queue
[2025-11-22T05:21:36.079+0000] {logging_mixin.py:190} INFO - [2025-11-22T05:21:36.078+0000] {dagbag.py:588} INFO - Filling up the DagBag from /opt/airflow/dags/crawl_search_page.py
[2025-11-22T05:21:36.644+0000] {processor.py:925} INFO - DAG(s) 'crawl_search_page' retrieved from /opt/airflow/dags/crawl_search_page.py
[2025-11-22T05:21:36.660+0000] {logging_mixin.py:190} INFO - [2025-11-22T05:21:36.660+0000] {dag.py:3239} INFO - Sync 1 DAGs
[2025-11-22T05:21:36.669+0000] {logging_mixin.py:190} INFO - [2025-11-22T05:21:36.669+0000] {dag.py:4180} INFO - Setting next_dagrun for crawl_search_page to None, run_after=None
[2025-11-22T05:21:36.688+0000] {processor.py:208} INFO - Processing /opt/airflow/dags/crawl_search_page.py took 0.626 seconds
[2025-11-22T05:22:06.809+0000] {processor.py:186} INFO - Started process (PID=1419) to work on /opt/airflow/dags/crawl_search_page.py
[2025-11-22T05:22:06.810+0000] {processor.py:914} INFO - Processing file /opt/airflow/dags/crawl_search_page.py for tasks to queue
[2025-11-22T05:22:06.813+0000] {logging_mixin.py:190} INFO - [2025-11-22T05:22:06.812+0000] {dagbag.py:588} INFO - Filling up the DagBag from /opt/airflow/dags/crawl_search_page.py
[2025-11-22T05:22:07.400+0000] {processor.py:925} INFO - DAG(s) 'crawl_search_page' retrieved from /opt/airflow/dags/crawl_search_page.py
[2025-11-22T05:22:07.417+0000] {logging_mixin.py:190} INFO - [2025-11-22T05:22:07.416+0000] {dag.py:3239} INFO - Sync 1 DAGs
[2025-11-22T05:22:07.425+0000] {logging_mixin.py:190} INFO - [2025-11-22T05:22:07.425+0000] {dag.py:4180} INFO - Setting next_dagrun for crawl_search_page to None, run_after=None
[2025-11-22T05:22:07.443+0000] {processor.py:208} INFO - Processing /opt/airflow/dags/crawl_search_page.py took 0.639 seconds
[2025-11-22T05:22:37.830+0000] {processor.py:186} INFO - Started process (PID=1431) to work on /opt/airflow/dags/crawl_search_page.py
[2025-11-22T05:22:37.831+0000] {processor.py:914} INFO - Processing file /opt/airflow/dags/crawl_search_page.py for tasks to queue
[2025-11-22T05:22:37.833+0000] {logging_mixin.py:190} INFO - [2025-11-22T05:22:37.833+0000] {dagbag.py:588} INFO - Filling up the DagBag from /opt/airflow/dags/crawl_search_page.py
[2025-11-22T05:22:38.365+0000] {processor.py:925} INFO - DAG(s) 'crawl_search_page' retrieved from /opt/airflow/dags/crawl_search_page.py
[2025-11-22T05:22:38.382+0000] {logging_mixin.py:190} INFO - [2025-11-22T05:22:38.381+0000] {dag.py:3239} INFO - Sync 1 DAGs
[2025-11-22T05:22:38.393+0000] {logging_mixin.py:190} INFO - [2025-11-22T05:22:38.392+0000] {dag.py:4180} INFO - Setting next_dagrun for crawl_search_page to None, run_after=None
[2025-11-22T05:22:38.421+0000] {processor.py:208} INFO - Processing /opt/airflow/dags/crawl_search_page.py took 0.597 seconds
[2025-11-22T05:23:08.858+0000] {processor.py:186} INFO - Started process (PID=1443) to work on /opt/airflow/dags/crawl_search_page.py
[2025-11-22T05:23:08.859+0000] {processor.py:914} INFO - Processing file /opt/airflow/dags/crawl_search_page.py for tasks to queue
[2025-11-22T05:23:08.862+0000] {logging_mixin.py:190} INFO - [2025-11-22T05:23:08.861+0000] {dagbag.py:588} INFO - Filling up the DagBag from /opt/airflow/dags/crawl_search_page.py
[2025-11-22T05:23:09.418+0000] {processor.py:925} INFO - DAG(s) 'crawl_search_page' retrieved from /opt/airflow/dags/crawl_search_page.py
[2025-11-22T05:23:09.435+0000] {logging_mixin.py:190} INFO - [2025-11-22T05:23:09.435+0000] {dag.py:3239} INFO - Sync 1 DAGs
[2025-11-22T05:23:09.444+0000] {logging_mixin.py:190} INFO - [2025-11-22T05:23:09.444+0000] {dag.py:4180} INFO - Setting next_dagrun for crawl_search_page to None, run_after=None
[2025-11-22T05:23:09.471+0000] {processor.py:208} INFO - Processing /opt/airflow/dags/crawl_search_page.py took 0.621 seconds
[2025-11-22T05:23:39.640+0000] {processor.py:186} INFO - Started process (PID=1455) to work on /opt/airflow/dags/crawl_search_page.py
[2025-11-22T05:23:39.641+0000] {processor.py:914} INFO - Processing file /opt/airflow/dags/crawl_search_page.py for tasks to queue
[2025-11-22T05:23:39.643+0000] {logging_mixin.py:190} INFO - [2025-11-22T05:23:39.643+0000] {dagbag.py:588} INFO - Filling up the DagBag from /opt/airflow/dags/crawl_search_page.py
[2025-11-22T05:23:40.220+0000] {processor.py:925} INFO - DAG(s) 'crawl_search_page' retrieved from /opt/airflow/dags/crawl_search_page.py
[2025-11-22T05:23:40.237+0000] {logging_mixin.py:190} INFO - [2025-11-22T05:23:40.236+0000] {dag.py:3239} INFO - Sync 1 DAGs
[2025-11-22T05:23:40.246+0000] {logging_mixin.py:190} INFO - [2025-11-22T05:23:40.246+0000] {dag.py:4180} INFO - Setting next_dagrun for crawl_search_page to None, run_after=None
[2025-11-22T05:23:40.271+0000] {processor.py:208} INFO - Processing /opt/airflow/dags/crawl_search_page.py took 0.637 seconds
[2025-11-22T05:24:10.687+0000] {processor.py:186} INFO - Started process (PID=1467) to work on /opt/airflow/dags/crawl_search_page.py
[2025-11-22T05:24:10.689+0000] {processor.py:914} INFO - Processing file /opt/airflow/dags/crawl_search_page.py for tasks to queue
[2025-11-22T05:24:10.691+0000] {logging_mixin.py:190} INFO - [2025-11-22T05:24:10.691+0000] {dagbag.py:588} INFO - Filling up the DagBag from /opt/airflow/dags/crawl_search_page.py
[2025-11-22T05:24:11.263+0000] {processor.py:925} INFO - DAG(s) 'crawl_search_page' retrieved from /opt/airflow/dags/crawl_search_page.py
[2025-11-22T05:24:11.279+0000] {logging_mixin.py:190} INFO - [2025-11-22T05:24:11.278+0000] {dag.py:3239} INFO - Sync 1 DAGs
[2025-11-22T05:24:11.288+0000] {logging_mixin.py:190} INFO - [2025-11-22T05:24:11.288+0000] {dag.py:4180} INFO - Setting next_dagrun for crawl_search_page to None, run_after=None
[2025-11-22T05:24:11.304+0000] {processor.py:208} INFO - Processing /opt/airflow/dags/crawl_search_page.py took 0.624 seconds
[2025-11-22T05:24:41.699+0000] {processor.py:186} INFO - Started process (PID=1485) to work on /opt/airflow/dags/crawl_search_page.py
[2025-11-22T05:24:41.700+0000] {processor.py:914} INFO - Processing file /opt/airflow/dags/crawl_search_page.py for tasks to queue
[2025-11-22T05:24:41.702+0000] {logging_mixin.py:190} INFO - [2025-11-22T05:24:41.701+0000] {dagbag.py:588} INFO - Filling up the DagBag from /opt/airflow/dags/crawl_search_page.py
[2025-11-22T05:24:42.259+0000] {processor.py:925} INFO - DAG(s) 'crawl_search_page' retrieved from /opt/airflow/dags/crawl_search_page.py
[2025-11-22T05:24:42.275+0000] {logging_mixin.py:190} INFO - [2025-11-22T05:24:42.275+0000] {dag.py:3239} INFO - Sync 1 DAGs
[2025-11-22T05:24:42.284+0000] {logging_mixin.py:190} INFO - [2025-11-22T05:24:42.284+0000] {dag.py:4180} INFO - Setting next_dagrun for crawl_search_page to None, run_after=None
[2025-11-22T05:24:42.302+0000] {processor.py:208} INFO - Processing /opt/airflow/dags/crawl_search_page.py took 0.609 seconds
[2025-11-22T05:25:12.959+0000] {processor.py:186} INFO - Started process (PID=1497) to work on /opt/airflow/dags/crawl_search_page.py
[2025-11-22T05:25:12.960+0000] {processor.py:914} INFO - Processing file /opt/airflow/dags/crawl_search_page.py for tasks to queue
[2025-11-22T05:25:12.963+0000] {logging_mixin.py:190} INFO - [2025-11-22T05:25:12.963+0000] {dagbag.py:588} INFO - Filling up the DagBag from /opt/airflow/dags/crawl_search_page.py
[2025-11-22T05:25:13.516+0000] {processor.py:925} INFO - DAG(s) 'crawl_search_page' retrieved from /opt/airflow/dags/crawl_search_page.py
[2025-11-22T05:25:13.532+0000] {logging_mixin.py:190} INFO - [2025-11-22T05:25:13.532+0000] {dag.py:3239} INFO - Sync 1 DAGs
[2025-11-22T05:25:13.541+0000] {logging_mixin.py:190} INFO - [2025-11-22T05:25:13.541+0000] {dag.py:4180} INFO - Setting next_dagrun for crawl_search_page to None, run_after=None
[2025-11-22T05:25:13.560+0000] {processor.py:208} INFO - Processing /opt/airflow/dags/crawl_search_page.py took 0.608 seconds
[2025-11-22T05:25:44.000+0000] {processor.py:186} INFO - Started process (PID=1509) to work on /opt/airflow/dags/crawl_search_page.py
[2025-11-22T05:25:44.001+0000] {processor.py:914} INFO - Processing file /opt/airflow/dags/crawl_search_page.py for tasks to queue
[2025-11-22T05:25:44.004+0000] {logging_mixin.py:190} INFO - [2025-11-22T05:25:44.003+0000] {dagbag.py:588} INFO - Filling up the DagBag from /opt/airflow/dags/crawl_search_page.py
[2025-11-22T05:25:44.568+0000] {processor.py:925} INFO - DAG(s) 'crawl_search_page' retrieved from /opt/airflow/dags/crawl_search_page.py
[2025-11-22T05:25:44.585+0000] {logging_mixin.py:190} INFO - [2025-11-22T05:25:44.585+0000] {dag.py:3239} INFO - Sync 1 DAGs
[2025-11-22T05:25:44.595+0000] {logging_mixin.py:190} INFO - [2025-11-22T05:25:44.595+0000] {dag.py:4180} INFO - Setting next_dagrun for crawl_search_page to None, run_after=None
[2025-11-22T05:25:44.613+0000] {processor.py:208} INFO - Processing /opt/airflow/dags/crawl_search_page.py took 0.618 seconds
[2025-11-22T05:26:14.905+0000] {processor.py:186} INFO - Started process (PID=1521) to work on /opt/airflow/dags/crawl_search_page.py
[2025-11-22T05:26:14.906+0000] {processor.py:914} INFO - Processing file /opt/airflow/dags/crawl_search_page.py for tasks to queue
[2025-11-22T05:26:14.911+0000] {logging_mixin.py:190} INFO - [2025-11-22T05:26:14.910+0000] {dagbag.py:588} INFO - Filling up the DagBag from /opt/airflow/dags/crawl_search_page.py
[2025-11-22T05:26:15.495+0000] {processor.py:925} INFO - DAG(s) 'crawl_search_page' retrieved from /opt/airflow/dags/crawl_search_page.py
[2025-11-22T05:26:15.512+0000] {logging_mixin.py:190} INFO - [2025-11-22T05:26:15.512+0000] {dag.py:3239} INFO - Sync 1 DAGs
[2025-11-22T05:26:15.522+0000] {logging_mixin.py:190} INFO - [2025-11-22T05:26:15.522+0000] {dag.py:4180} INFO - Setting next_dagrun for crawl_search_page to None, run_after=None
[2025-11-22T05:26:15.547+0000] {processor.py:208} INFO - Processing /opt/airflow/dags/crawl_search_page.py took 0.648 seconds
[2025-11-22T05:26:46.001+0000] {processor.py:186} INFO - Started process (PID=1534) to work on /opt/airflow/dags/crawl_search_page.py
[2025-11-22T05:26:46.002+0000] {processor.py:914} INFO - Processing file /opt/airflow/dags/crawl_search_page.py for tasks to queue
[2025-11-22T05:26:46.005+0000] {logging_mixin.py:190} INFO - [2025-11-22T05:26:46.004+0000] {dagbag.py:588} INFO - Filling up the DagBag from /opt/airflow/dags/crawl_search_page.py
[2025-11-22T05:26:46.627+0000] {processor.py:925} INFO - DAG(s) 'crawl_search_page' retrieved from /opt/airflow/dags/crawl_search_page.py
[2025-11-22T05:26:46.644+0000] {logging_mixin.py:190} INFO - [2025-11-22T05:26:46.644+0000] {dag.py:3239} INFO - Sync 1 DAGs
[2025-11-22T05:26:46.653+0000] {logging_mixin.py:190} INFO - [2025-11-22T05:26:46.653+0000] {dag.py:4180} INFO - Setting next_dagrun for crawl_search_page to None, run_after=None
[2025-11-22T05:26:46.672+0000] {processor.py:208} INFO - Processing /opt/airflow/dags/crawl_search_page.py took 0.677 seconds
[2025-11-22T05:27:16.778+0000] {processor.py:186} INFO - Started process (PID=1546) to work on /opt/airflow/dags/crawl_search_page.py
[2025-11-22T05:27:16.779+0000] {processor.py:914} INFO - Processing file /opt/airflow/dags/crawl_search_page.py for tasks to queue
[2025-11-22T05:27:16.781+0000] {logging_mixin.py:190} INFO - [2025-11-22T05:27:16.780+0000] {dagbag.py:588} INFO - Filling up the DagBag from /opt/airflow/dags/crawl_search_page.py
[2025-11-22T05:27:17.312+0000] {processor.py:925} INFO - DAG(s) 'crawl_search_page' retrieved from /opt/airflow/dags/crawl_search_page.py
[2025-11-22T05:27:17.328+0000] {logging_mixin.py:190} INFO - [2025-11-22T05:27:17.328+0000] {dag.py:3239} INFO - Sync 1 DAGs
[2025-11-22T05:27:17.337+0000] {logging_mixin.py:190} INFO - [2025-11-22T05:27:17.337+0000] {dag.py:4180} INFO - Setting next_dagrun for crawl_search_page to None, run_after=None
[2025-11-22T05:27:17.357+0000] {processor.py:208} INFO - Processing /opt/airflow/dags/crawl_search_page.py took 0.586 seconds
[2025-11-22T05:27:47.493+0000] {processor.py:186} INFO - Started process (PID=1558) to work on /opt/airflow/dags/crawl_search_page.py
[2025-11-22T05:27:47.494+0000] {processor.py:914} INFO - Processing file /opt/airflow/dags/crawl_search_page.py for tasks to queue
[2025-11-22T05:27:47.496+0000] {logging_mixin.py:190} INFO - [2025-11-22T05:27:47.496+0000] {dagbag.py:588} INFO - Filling up the DagBag from /opt/airflow/dags/crawl_search_page.py
[2025-11-22T05:27:48.071+0000] {processor.py:925} INFO - DAG(s) 'crawl_search_page' retrieved from /opt/airflow/dags/crawl_search_page.py
[2025-11-22T05:27:48.087+0000] {logging_mixin.py:190} INFO - [2025-11-22T05:27:48.086+0000] {dag.py:3239} INFO - Sync 1 DAGs
[2025-11-22T05:27:48.096+0000] {logging_mixin.py:190} INFO - [2025-11-22T05:27:48.096+0000] {dag.py:4180} INFO - Setting next_dagrun for crawl_search_page to None, run_after=None
[2025-11-22T05:27:48.113+0000] {processor.py:208} INFO - Processing /opt/airflow/dags/crawl_search_page.py took 0.626 seconds
[2025-11-22T05:28:18.533+0000] {processor.py:186} INFO - Started process (PID=1570) to work on /opt/airflow/dags/crawl_search_page.py
[2025-11-22T05:28:18.534+0000] {processor.py:914} INFO - Processing file /opt/airflow/dags/crawl_search_page.py for tasks to queue
[2025-11-22T05:28:18.536+0000] {logging_mixin.py:190} INFO - [2025-11-22T05:28:18.536+0000] {dagbag.py:588} INFO - Filling up the DagBag from /opt/airflow/dags/crawl_search_page.py
[2025-11-22T05:28:19.069+0000] {processor.py:925} INFO - DAG(s) 'crawl_search_page' retrieved from /opt/airflow/dags/crawl_search_page.py
[2025-11-22T05:28:19.087+0000] {logging_mixin.py:190} INFO - [2025-11-22T05:28:19.087+0000] {dag.py:3239} INFO - Sync 1 DAGs
[2025-11-22T05:28:19.098+0000] {logging_mixin.py:190} INFO - [2025-11-22T05:28:19.098+0000] {dag.py:4180} INFO - Setting next_dagrun for crawl_search_page to None, run_after=None
[2025-11-22T05:28:19.128+0000] {processor.py:208} INFO - Processing /opt/airflow/dags/crawl_search_page.py took 0.601 seconds
[2025-11-22T05:28:49.546+0000] {processor.py:186} INFO - Started process (PID=1582) to work on /opt/airflow/dags/crawl_search_page.py
[2025-11-22T05:28:49.547+0000] {processor.py:914} INFO - Processing file /opt/airflow/dags/crawl_search_page.py for tasks to queue
[2025-11-22T05:28:49.549+0000] {logging_mixin.py:190} INFO - [2025-11-22T05:28:49.548+0000] {dagbag.py:588} INFO - Filling up the DagBag from /opt/airflow/dags/crawl_search_page.py
[2025-11-22T05:28:50.115+0000] {processor.py:925} INFO - DAG(s) 'crawl_search_page' retrieved from /opt/airflow/dags/crawl_search_page.py
[2025-11-22T05:28:50.132+0000] {logging_mixin.py:190} INFO - [2025-11-22T05:28:50.132+0000] {dag.py:3239} INFO - Sync 1 DAGs
[2025-11-22T05:28:50.143+0000] {logging_mixin.py:190} INFO - [2025-11-22T05:28:50.143+0000] {dag.py:4180} INFO - Setting next_dagrun for crawl_search_page to None, run_after=None
[2025-11-22T05:28:50.161+0000] {processor.py:208} INFO - Processing /opt/airflow/dags/crawl_search_page.py took 0.622 seconds
[2025-11-22T05:29:20.614+0000] {processor.py:186} INFO - Started process (PID=1594) to work on /opt/airflow/dags/crawl_search_page.py
[2025-11-22T05:29:20.615+0000] {processor.py:914} INFO - Processing file /opt/airflow/dags/crawl_search_page.py for tasks to queue
[2025-11-22T05:29:20.617+0000] {logging_mixin.py:190} INFO - [2025-11-22T05:29:20.617+0000] {dagbag.py:588} INFO - Filling up the DagBag from /opt/airflow/dags/crawl_search_page.py
[2025-11-22T05:29:21.203+0000] {processor.py:925} INFO - DAG(s) 'crawl_search_page' retrieved from /opt/airflow/dags/crawl_search_page.py
[2025-11-22T05:29:21.222+0000] {logging_mixin.py:190} INFO - [2025-11-22T05:29:21.222+0000] {dag.py:3239} INFO - Sync 1 DAGs
[2025-11-22T05:29:21.232+0000] {logging_mixin.py:190} INFO - [2025-11-22T05:29:21.232+0000] {dag.py:4180} INFO - Setting next_dagrun for crawl_search_page to None, run_after=None
[2025-11-22T05:29:21.258+0000] {processor.py:208} INFO - Processing /opt/airflow/dags/crawl_search_page.py took 0.649 seconds
[2025-11-22T05:29:51.343+0000] {processor.py:186} INFO - Started process (PID=1606) to work on /opt/airflow/dags/crawl_search_page.py
[2025-11-22T05:29:51.344+0000] {processor.py:914} INFO - Processing file /opt/airflow/dags/crawl_search_page.py for tasks to queue
[2025-11-22T05:29:51.346+0000] {logging_mixin.py:190} INFO - [2025-11-22T05:29:51.346+0000] {dagbag.py:588} INFO - Filling up the DagBag from /opt/airflow/dags/crawl_search_page.py
[2025-11-22T05:29:51.927+0000] {processor.py:925} INFO - DAG(s) 'crawl_search_page' retrieved from /opt/airflow/dags/crawl_search_page.py
[2025-11-22T05:29:51.944+0000] {logging_mixin.py:190} INFO - [2025-11-22T05:29:51.944+0000] {dag.py:3239} INFO - Sync 1 DAGs
[2025-11-22T05:29:51.954+0000] {logging_mixin.py:190} INFO - [2025-11-22T05:29:51.953+0000] {dag.py:4180} INFO - Setting next_dagrun for crawl_search_page to None, run_after=None
[2025-11-22T05:29:51.980+0000] {processor.py:208} INFO - Processing /opt/airflow/dags/crawl_search_page.py took 0.643 seconds
[2025-11-22T05:30:22.221+0000] {processor.py:186} INFO - Started process (PID=1618) to work on /opt/airflow/dags/crawl_search_page.py
[2025-11-22T05:30:22.222+0000] {processor.py:914} INFO - Processing file /opt/airflow/dags/crawl_search_page.py for tasks to queue
[2025-11-22T05:30:22.225+0000] {logging_mixin.py:190} INFO - [2025-11-22T05:30:22.225+0000] {dagbag.py:588} INFO - Filling up the DagBag from /opt/airflow/dags/crawl_search_page.py
[2025-11-22T05:30:22.808+0000] {processor.py:925} INFO - DAG(s) 'crawl_search_page' retrieved from /opt/airflow/dags/crawl_search_page.py
[2025-11-22T05:30:22.826+0000] {logging_mixin.py:190} INFO - [2025-11-22T05:30:22.826+0000] {dag.py:3239} INFO - Sync 1 DAGs
[2025-11-22T05:30:22.838+0000] {logging_mixin.py:190} INFO - [2025-11-22T05:30:22.838+0000] {dag.py:4180} INFO - Setting next_dagrun for crawl_search_page to None, run_after=None
[2025-11-22T05:30:22.860+0000] {processor.py:208} INFO - Processing /opt/airflow/dags/crawl_search_page.py took 0.645 seconds
[2025-11-22T05:30:53.274+0000] {processor.py:186} INFO - Started process (PID=1630) to work on /opt/airflow/dags/crawl_search_page.py
[2025-11-22T05:30:53.275+0000] {processor.py:914} INFO - Processing file /opt/airflow/dags/crawl_search_page.py for tasks to queue
[2025-11-22T05:30:53.277+0000] {logging_mixin.py:190} INFO - [2025-11-22T05:30:53.277+0000] {dagbag.py:588} INFO - Filling up the DagBag from /opt/airflow/dags/crawl_search_page.py
[2025-11-22T05:30:53.826+0000] {processor.py:925} INFO - DAG(s) 'crawl_search_page' retrieved from /opt/airflow/dags/crawl_search_page.py
[2025-11-22T05:30:53.844+0000] {logging_mixin.py:190} INFO - [2025-11-22T05:30:53.844+0000] {dag.py:3239} INFO - Sync 1 DAGs
[2025-11-22T05:30:53.854+0000] {logging_mixin.py:190} INFO - [2025-11-22T05:30:53.854+0000] {dag.py:4180} INFO - Setting next_dagrun for crawl_search_page to None, run_after=None
[2025-11-22T05:30:53.881+0000] {processor.py:208} INFO - Processing /opt/airflow/dags/crawl_search_page.py took 0.613 seconds
[2025-11-22T05:31:24.212+0000] {processor.py:186} INFO - Started process (PID=1642) to work on /opt/airflow/dags/crawl_search_page.py
[2025-11-22T05:31:24.214+0000] {processor.py:914} INFO - Processing file /opt/airflow/dags/crawl_search_page.py for tasks to queue
[2025-11-22T05:31:24.216+0000] {logging_mixin.py:190} INFO - [2025-11-22T05:31:24.216+0000] {dagbag.py:588} INFO - Filling up the DagBag from /opt/airflow/dags/crawl_search_page.py
[2025-11-22T05:31:24.787+0000] {processor.py:925} INFO - DAG(s) 'crawl_search_page' retrieved from /opt/airflow/dags/crawl_search_page.py
[2025-11-22T05:31:24.804+0000] {logging_mixin.py:190} INFO - [2025-11-22T05:31:24.804+0000] {dag.py:3239} INFO - Sync 1 DAGs
[2025-11-22T05:31:24.815+0000] {logging_mixin.py:190} INFO - [2025-11-22T05:31:24.815+0000] {dag.py:4180} INFO - Setting next_dagrun for crawl_search_page to None, run_after=None
[2025-11-22T05:31:24.834+0000] {processor.py:208} INFO - Processing /opt/airflow/dags/crawl_search_page.py took 0.628 seconds
[2025-11-22T05:31:55.287+0000] {processor.py:186} INFO - Started process (PID=1654) to work on /opt/airflow/dags/crawl_search_page.py
[2025-11-22T05:31:55.288+0000] {processor.py:914} INFO - Processing file /opt/airflow/dags/crawl_search_page.py for tasks to queue
[2025-11-22T05:31:55.290+0000] {logging_mixin.py:190} INFO - [2025-11-22T05:31:55.290+0000] {dagbag.py:588} INFO - Filling up the DagBag from /opt/airflow/dags/crawl_search_page.py
[2025-11-22T05:31:55.850+0000] {processor.py:925} INFO - DAG(s) 'crawl_search_page' retrieved from /opt/airflow/dags/crawl_search_page.py
[2025-11-22T05:31:55.868+0000] {logging_mixin.py:190} INFO - [2025-11-22T05:31:55.868+0000] {dag.py:3239} INFO - Sync 1 DAGs
[2025-11-22T05:31:55.878+0000] {logging_mixin.py:190} INFO - [2025-11-22T05:31:55.878+0000] {dag.py:4180} INFO - Setting next_dagrun for crawl_search_page to None, run_after=None
[2025-11-22T05:31:55.904+0000] {processor.py:208} INFO - Processing /opt/airflow/dags/crawl_search_page.py took 0.623 seconds
[2025-11-22T05:32:26.043+0000] {processor.py:186} INFO - Started process (PID=1666) to work on /opt/airflow/dags/crawl_search_page.py
[2025-11-22T05:32:26.044+0000] {processor.py:914} INFO - Processing file /opt/airflow/dags/crawl_search_page.py for tasks to queue
[2025-11-22T05:32:26.046+0000] {logging_mixin.py:190} INFO - [2025-11-22T05:32:26.046+0000] {dagbag.py:588} INFO - Filling up the DagBag from /opt/airflow/dags/crawl_search_page.py
[2025-11-22T05:32:26.643+0000] {processor.py:925} INFO - DAG(s) 'crawl_search_page' retrieved from /opt/airflow/dags/crawl_search_page.py
[2025-11-22T05:32:26.673+0000] {logging_mixin.py:190} INFO - [2025-11-22T05:32:26.673+0000] {dag.py:3239} INFO - Sync 1 DAGs
[2025-11-22T05:32:26.689+0000] {logging_mixin.py:190} INFO - [2025-11-22T05:32:26.689+0000] {dag.py:4180} INFO - Setting next_dagrun for crawl_search_page to None, run_after=None
[2025-11-22T05:32:26.710+0000] {processor.py:208} INFO - Processing /opt/airflow/dags/crawl_search_page.py took 0.673 seconds
[2025-11-22T05:32:57.156+0000] {processor.py:186} INFO - Started process (PID=1678) to work on /opt/airflow/dags/crawl_search_page.py
[2025-11-22T05:32:57.157+0000] {processor.py:914} INFO - Processing file /opt/airflow/dags/crawl_search_page.py for tasks to queue
[2025-11-22T05:32:57.159+0000] {logging_mixin.py:190} INFO - [2025-11-22T05:32:57.159+0000] {dagbag.py:588} INFO - Filling up the DagBag from /opt/airflow/dags/crawl_search_page.py
[2025-11-22T05:32:57.707+0000] {processor.py:925} INFO - DAG(s) 'crawl_search_page' retrieved from /opt/airflow/dags/crawl_search_page.py
[2025-11-22T05:32:57.723+0000] {logging_mixin.py:190} INFO - [2025-11-22T05:32:57.723+0000] {dag.py:3239} INFO - Sync 1 DAGs
[2025-11-22T05:32:57.732+0000] {logging_mixin.py:190} INFO - [2025-11-22T05:32:57.732+0000] {dag.py:4180} INFO - Setting next_dagrun for crawl_search_page to None, run_after=None
[2025-11-22T05:32:57.750+0000] {processor.py:208} INFO - Processing /opt/airflow/dags/crawl_search_page.py took 0.600 seconds
[2025-11-22T05:33:28.068+0000] {processor.py:186} INFO - Started process (PID=1690) to work on /opt/airflow/dags/crawl_search_page.py
[2025-11-22T05:33:28.069+0000] {processor.py:914} INFO - Processing file /opt/airflow/dags/crawl_search_page.py for tasks to queue
[2025-11-22T05:33:28.071+0000] {logging_mixin.py:190} INFO - [2025-11-22T05:33:28.071+0000] {dagbag.py:588} INFO - Filling up the DagBag from /opt/airflow/dags/crawl_search_page.py
[2025-11-22T05:33:28.637+0000] {processor.py:925} INFO - DAG(s) 'crawl_search_page' retrieved from /opt/airflow/dags/crawl_search_page.py
[2025-11-22T05:33:28.656+0000] {logging_mixin.py:190} INFO - [2025-11-22T05:33:28.655+0000] {dag.py:3239} INFO - Sync 1 DAGs
[2025-11-22T05:33:28.666+0000] {logging_mixin.py:190} INFO - [2025-11-22T05:33:28.666+0000] {dag.py:4180} INFO - Setting next_dagrun for crawl_search_page to None, run_after=None
[2025-11-22T05:33:28.692+0000] {processor.py:208} INFO - Processing /opt/airflow/dags/crawl_search_page.py took 0.629 seconds
[2025-11-22T05:33:59.106+0000] {processor.py:186} INFO - Started process (PID=1702) to work on /opt/airflow/dags/crawl_search_page.py
[2025-11-22T05:33:59.107+0000] {processor.py:914} INFO - Processing file /opt/airflow/dags/crawl_search_page.py for tasks to queue
[2025-11-22T05:33:59.110+0000] {logging_mixin.py:190} INFO - [2025-11-22T05:33:59.109+0000] {dagbag.py:588} INFO - Filling up the DagBag from /opt/airflow/dags/crawl_search_page.py
[2025-11-22T05:33:59.706+0000] {processor.py:925} INFO - DAG(s) 'crawl_search_page' retrieved from /opt/airflow/dags/crawl_search_page.py
[2025-11-22T05:33:59.724+0000] {logging_mixin.py:190} INFO - [2025-11-22T05:33:59.724+0000] {dag.py:3239} INFO - Sync 1 DAGs
[2025-11-22T05:33:59.734+0000] {logging_mixin.py:190} INFO - [2025-11-22T05:33:59.733+0000] {dag.py:4180} INFO - Setting next_dagrun for crawl_search_page to None, run_after=None
[2025-11-22T05:33:59.751+0000] {processor.py:208} INFO - Processing /opt/airflow/dags/crawl_search_page.py took 0.654 seconds
[2025-11-22T05:34:29.879+0000] {processor.py:186} INFO - Started process (PID=1714) to work on /opt/airflow/dags/crawl_search_page.py
[2025-11-22T05:34:29.881+0000] {processor.py:914} INFO - Processing file /opt/airflow/dags/crawl_search_page.py for tasks to queue
[2025-11-22T05:34:29.884+0000] {logging_mixin.py:190} INFO - [2025-11-22T05:34:29.884+0000] {dagbag.py:588} INFO - Filling up the DagBag from /opt/airflow/dags/crawl_search_page.py
[2025-11-22T05:34:30.471+0000] {processor.py:925} INFO - DAG(s) 'crawl_search_page' retrieved from /opt/airflow/dags/crawl_search_page.py
[2025-11-22T05:34:30.489+0000] {logging_mixin.py:190} INFO - [2025-11-22T05:34:30.489+0000] {dag.py:3239} INFO - Sync 1 DAGs
[2025-11-22T05:34:30.501+0000] {logging_mixin.py:190} INFO - [2025-11-22T05:34:30.501+0000] {dag.py:4180} INFO - Setting next_dagrun for crawl_search_page to None, run_after=None
[2025-11-22T05:34:30.535+0000] {processor.py:208} INFO - Processing /opt/airflow/dags/crawl_search_page.py took 0.662 seconds
[2025-11-22T05:35:00.957+0000] {processor.py:186} INFO - Started process (PID=1726) to work on /opt/airflow/dags/crawl_search_page.py
[2025-11-22T05:35:00.958+0000] {processor.py:914} INFO - Processing file /opt/airflow/dags/crawl_search_page.py for tasks to queue
[2025-11-22T05:35:00.961+0000] {logging_mixin.py:190} INFO - [2025-11-22T05:35:00.960+0000] {dagbag.py:588} INFO - Filling up the DagBag from /opt/airflow/dags/crawl_search_page.py
[2025-11-22T05:35:01.582+0000] {processor.py:925} INFO - DAG(s) 'crawl_search_page' retrieved from /opt/airflow/dags/crawl_search_page.py
[2025-11-22T05:35:01.600+0000] {logging_mixin.py:190} INFO - [2025-11-22T05:35:01.600+0000] {dag.py:3239} INFO - Sync 1 DAGs
[2025-11-22T05:35:01.612+0000] {logging_mixin.py:190} INFO - [2025-11-22T05:35:01.612+0000] {dag.py:4180} INFO - Setting next_dagrun for crawl_search_page to None, run_after=None
[2025-11-22T05:35:01.629+0000] {processor.py:208} INFO - Processing /opt/airflow/dags/crawl_search_page.py took 0.679 seconds
[2025-11-22T05:35:32.165+0000] {processor.py:186} INFO - Started process (PID=1738) to work on /opt/airflow/dags/crawl_search_page.py
[2025-11-22T05:35:32.166+0000] {processor.py:914} INFO - Processing file /opt/airflow/dags/crawl_search_page.py for tasks to queue
[2025-11-22T05:35:32.169+0000] {logging_mixin.py:190} INFO - [2025-11-22T05:35:32.168+0000] {dagbag.py:588} INFO - Filling up the DagBag from /opt/airflow/dags/crawl_search_page.py
[2025-11-22T05:35:32.757+0000] {processor.py:925} INFO - DAG(s) 'crawl_search_page' retrieved from /opt/airflow/dags/crawl_search_page.py
[2025-11-22T05:35:32.778+0000] {logging_mixin.py:190} INFO - [2025-11-22T05:35:32.777+0000] {dag.py:3239} INFO - Sync 1 DAGs
[2025-11-22T05:35:32.789+0000] {logging_mixin.py:190} INFO - [2025-11-22T05:35:32.789+0000] {dag.py:4180} INFO - Setting next_dagrun for crawl_search_page to None, run_after=None
[2025-11-22T05:35:32.806+0000] {processor.py:208} INFO - Processing /opt/airflow/dags/crawl_search_page.py took 0.646 seconds
[2025-11-22T05:36:03.234+0000] {processor.py:186} INFO - Started process (PID=1750) to work on /opt/airflow/dags/crawl_search_page.py
[2025-11-22T05:36:03.235+0000] {processor.py:914} INFO - Processing file /opt/airflow/dags/crawl_search_page.py for tasks to queue
[2025-11-22T05:36:03.237+0000] {logging_mixin.py:190} INFO - [2025-11-22T05:36:03.236+0000] {dagbag.py:588} INFO - Filling up the DagBag from /opt/airflow/dags/crawl_search_page.py
[2025-11-22T05:36:03.788+0000] {processor.py:925} INFO - DAG(s) 'crawl_search_page' retrieved from /opt/airflow/dags/crawl_search_page.py
[2025-11-22T05:36:03.806+0000] {logging_mixin.py:190} INFO - [2025-11-22T05:36:03.805+0000] {dag.py:3239} INFO - Sync 1 DAGs
[2025-11-22T05:36:03.816+0000] {logging_mixin.py:190} INFO - [2025-11-22T05:36:03.816+0000] {dag.py:4180} INFO - Setting next_dagrun for crawl_search_page to None, run_after=None
[2025-11-22T05:36:03.844+0000] {processor.py:208} INFO - Processing /opt/airflow/dags/crawl_search_page.py took 0.616 seconds
[2025-11-22T05:36:33.935+0000] {processor.py:186} INFO - Started process (PID=1762) to work on /opt/airflow/dags/crawl_search_page.py
[2025-11-22T05:36:33.936+0000] {processor.py:914} INFO - Processing file /opt/airflow/dags/crawl_search_page.py for tasks to queue
[2025-11-22T05:36:33.938+0000] {logging_mixin.py:190} INFO - [2025-11-22T05:36:33.938+0000] {dagbag.py:588} INFO - Filling up the DagBag from /opt/airflow/dags/crawl_search_page.py
[2025-11-22T05:36:34.492+0000] {processor.py:925} INFO - DAG(s) 'crawl_search_page' retrieved from /opt/airflow/dags/crawl_search_page.py
[2025-11-22T05:36:34.509+0000] {logging_mixin.py:190} INFO - [2025-11-22T05:36:34.509+0000] {dag.py:3239} INFO - Sync 1 DAGs
[2025-11-22T05:36:34.519+0000] {logging_mixin.py:190} INFO - [2025-11-22T05:36:34.519+0000] {dag.py:4180} INFO - Setting next_dagrun for crawl_search_page to None, run_after=None
[2025-11-22T05:36:34.561+0000] {processor.py:208} INFO - Processing /opt/airflow/dags/crawl_search_page.py took 0.632 seconds
[2025-11-22T05:37:04.659+0000] {processor.py:186} INFO - Started process (PID=1774) to work on /opt/airflow/dags/crawl_search_page.py
[2025-11-22T05:37:04.660+0000] {processor.py:914} INFO - Processing file /opt/airflow/dags/crawl_search_page.py for tasks to queue
[2025-11-22T05:37:04.662+0000] {logging_mixin.py:190} INFO - [2025-11-22T05:37:04.662+0000] {dagbag.py:588} INFO - Filling up the DagBag from /opt/airflow/dags/crawl_search_page.py
[2025-11-22T05:37:05.217+0000] {processor.py:925} INFO - DAG(s) 'crawl_search_page' retrieved from /opt/airflow/dags/crawl_search_page.py
[2025-11-22T05:37:05.234+0000] {logging_mixin.py:190} INFO - [2025-11-22T05:37:05.234+0000] {dag.py:3239} INFO - Sync 1 DAGs
[2025-11-22T05:37:05.245+0000] {logging_mixin.py:190} INFO - [2025-11-22T05:37:05.245+0000] {dag.py:4180} INFO - Setting next_dagrun for crawl_search_page to None, run_after=None
[2025-11-22T05:37:05.269+0000] {processor.py:208} INFO - Processing /opt/airflow/dags/crawl_search_page.py took 0.616 seconds
[2025-11-22T05:37:35.374+0000] {processor.py:186} INFO - Started process (PID=1786) to work on /opt/airflow/dags/crawl_search_page.py
[2025-11-22T05:37:35.376+0000] {processor.py:914} INFO - Processing file /opt/airflow/dags/crawl_search_page.py for tasks to queue
[2025-11-22T05:37:35.379+0000] {logging_mixin.py:190} INFO - [2025-11-22T05:37:35.378+0000] {dagbag.py:588} INFO - Filling up the DagBag from /opt/airflow/dags/crawl_search_page.py
[2025-11-22T05:37:35.975+0000] {processor.py:925} INFO - DAG(s) 'crawl_search_page' retrieved from /opt/airflow/dags/crawl_search_page.py
[2025-11-22T05:37:35.993+0000] {logging_mixin.py:190} INFO - [2025-11-22T05:37:35.993+0000] {dag.py:3239} INFO - Sync 1 DAGs
[2025-11-22T05:37:36.004+0000] {logging_mixin.py:190} INFO - [2025-11-22T05:37:36.004+0000] {dag.py:4180} INFO - Setting next_dagrun for crawl_search_page to None, run_after=None
[2025-11-22T05:37:36.023+0000] {processor.py:208} INFO - Processing /opt/airflow/dags/crawl_search_page.py took 0.654 seconds
[2025-11-22T05:38:06.075+0000] {processor.py:186} INFO - Started process (PID=1798) to work on /opt/airflow/dags/crawl_search_page.py
[2025-11-22T05:38:06.076+0000] {processor.py:914} INFO - Processing file /opt/airflow/dags/crawl_search_page.py for tasks to queue
[2025-11-22T05:38:06.078+0000] {logging_mixin.py:190} INFO - [2025-11-22T05:38:06.078+0000] {dagbag.py:588} INFO - Filling up the DagBag from /opt/airflow/dags/crawl_search_page.py
[2025-11-22T05:38:06.655+0000] {processor.py:925} INFO - DAG(s) 'crawl_search_page' retrieved from /opt/airflow/dags/crawl_search_page.py
[2025-11-22T05:38:06.673+0000] {logging_mixin.py:190} INFO - [2025-11-22T05:38:06.672+0000] {dag.py:3239} INFO - Sync 1 DAGs
[2025-11-22T05:38:06.683+0000] {logging_mixin.py:190} INFO - [2025-11-22T05:38:06.683+0000] {dag.py:4180} INFO - Setting next_dagrun for crawl_search_page to None, run_after=None
[2025-11-22T05:38:06.717+0000] {processor.py:208} INFO - Processing /opt/airflow/dags/crawl_search_page.py took 0.648 seconds
[2025-11-22T05:38:36.818+0000] {processor.py:186} INFO - Started process (PID=1811) to work on /opt/airflow/dags/crawl_search_page.py
[2025-11-22T05:38:36.819+0000] {processor.py:914} INFO - Processing file /opt/airflow/dags/crawl_search_page.py for tasks to queue
[2025-11-22T05:38:36.821+0000] {logging_mixin.py:190} INFO - [2025-11-22T05:38:36.821+0000] {dagbag.py:588} INFO - Filling up the DagBag from /opt/airflow/dags/crawl_search_page.py
[2025-11-22T05:38:37.429+0000] {processor.py:925} INFO - DAG(s) 'crawl_search_page' retrieved from /opt/airflow/dags/crawl_search_page.py
[2025-11-22T05:38:37.447+0000] {logging_mixin.py:190} INFO - [2025-11-22T05:38:37.447+0000] {dag.py:3239} INFO - Sync 1 DAGs
[2025-11-22T05:38:37.457+0000] {logging_mixin.py:190} INFO - [2025-11-22T05:38:37.457+0000] {dag.py:4180} INFO - Setting next_dagrun for crawl_search_page to None, run_after=None
[2025-11-22T05:38:37.484+0000] {processor.py:208} INFO - Processing /opt/airflow/dags/crawl_search_page.py took 0.671 seconds
[2025-11-22T05:39:07.882+0000] {processor.py:186} INFO - Started process (PID=1824) to work on /opt/airflow/dags/crawl_search_page.py
[2025-11-22T05:39:07.883+0000] {processor.py:914} INFO - Processing file /opt/airflow/dags/crawl_search_page.py for tasks to queue
[2025-11-22T05:39:07.885+0000] {logging_mixin.py:190} INFO - [2025-11-22T05:39:07.884+0000] {dagbag.py:588} INFO - Filling up the DagBag from /opt/airflow/dags/crawl_search_page.py
[2025-11-22T05:39:08.445+0000] {processor.py:925} INFO - DAG(s) 'crawl_search_page' retrieved from /opt/airflow/dags/crawl_search_page.py
[2025-11-22T05:39:08.463+0000] {logging_mixin.py:190} INFO - [2025-11-22T05:39:08.462+0000] {dag.py:3239} INFO - Sync 1 DAGs
[2025-11-22T05:39:08.473+0000] {logging_mixin.py:190} INFO - [2025-11-22T05:39:08.472+0000] {dag.py:4180} INFO - Setting next_dagrun for crawl_search_page to None, run_after=None
[2025-11-22T05:39:08.491+0000] {processor.py:208} INFO - Processing /opt/airflow/dags/crawl_search_page.py took 0.615 seconds
[2025-11-22T05:39:38.951+0000] {processor.py:186} INFO - Started process (PID=1836) to work on /opt/airflow/dags/crawl_search_page.py
[2025-11-22T05:39:38.952+0000] {processor.py:914} INFO - Processing file /opt/airflow/dags/crawl_search_page.py for tasks to queue
[2025-11-22T05:39:38.954+0000] {logging_mixin.py:190} INFO - [2025-11-22T05:39:38.954+0000] {dagbag.py:588} INFO - Filling up the DagBag from /opt/airflow/dags/crawl_search_page.py
[2025-11-22T05:39:39.548+0000] {processor.py:925} INFO - DAG(s) 'crawl_search_page' retrieved from /opt/airflow/dags/crawl_search_page.py
[2025-11-22T05:39:39.565+0000] {logging_mixin.py:190} INFO - [2025-11-22T05:39:39.565+0000] {dag.py:3239} INFO - Sync 1 DAGs
[2025-11-22T05:39:39.575+0000] {logging_mixin.py:190} INFO - [2025-11-22T05:39:39.575+0000] {dag.py:4180} INFO - Setting next_dagrun for crawl_search_page to None, run_after=None
[2025-11-22T05:39:39.603+0000] {processor.py:208} INFO - Processing /opt/airflow/dags/crawl_search_page.py took 0.657 seconds
[2025-11-22T05:40:10.253+0000] {processor.py:186} INFO - Started process (PID=1848) to work on /opt/airflow/dags/crawl_search_page.py
[2025-11-22T05:40:10.254+0000] {processor.py:914} INFO - Processing file /opt/airflow/dags/crawl_search_page.py for tasks to queue
[2025-11-22T05:40:10.256+0000] {logging_mixin.py:190} INFO - [2025-11-22T05:40:10.256+0000] {dagbag.py:588} INFO - Filling up the DagBag from /opt/airflow/dags/crawl_search_page.py
[2025-11-22T05:40:10.806+0000] {processor.py:925} INFO - DAG(s) 'crawl_search_page' retrieved from /opt/airflow/dags/crawl_search_page.py
[2025-11-22T05:40:10.825+0000] {logging_mixin.py:190} INFO - [2025-11-22T05:40:10.824+0000] {dag.py:3239} INFO - Sync 1 DAGs
[2025-11-22T05:40:10.835+0000] {logging_mixin.py:190} INFO - [2025-11-22T05:40:10.835+0000] {dag.py:4180} INFO - Setting next_dagrun for crawl_search_page to None, run_after=None
[2025-11-22T05:40:10.853+0000] {processor.py:208} INFO - Processing /opt/airflow/dags/crawl_search_page.py took 0.606 seconds
[2025-11-22T05:40:41.293+0000] {processor.py:186} INFO - Started process (PID=1860) to work on /opt/airflow/dags/crawl_search_page.py
[2025-11-22T05:40:41.294+0000] {processor.py:914} INFO - Processing file /opt/airflow/dags/crawl_search_page.py for tasks to queue
[2025-11-22T05:40:41.296+0000] {logging_mixin.py:190} INFO - [2025-11-22T05:40:41.296+0000] {dagbag.py:588} INFO - Filling up the DagBag from /opt/airflow/dags/crawl_search_page.py
[2025-11-22T05:40:41.876+0000] {processor.py:925} INFO - DAG(s) 'crawl_search_page' retrieved from /opt/airflow/dags/crawl_search_page.py
[2025-11-22T05:40:41.894+0000] {logging_mixin.py:190} INFO - [2025-11-22T05:40:41.894+0000] {dag.py:3239} INFO - Sync 1 DAGs
[2025-11-22T05:40:41.904+0000] {logging_mixin.py:190} INFO - [2025-11-22T05:40:41.903+0000] {dag.py:4180} INFO - Setting next_dagrun for crawl_search_page to None, run_after=None
[2025-11-22T05:40:41.929+0000] {processor.py:208} INFO - Processing /opt/airflow/dags/crawl_search_page.py took 0.642 seconds
[2025-11-22T05:41:12.092+0000] {processor.py:186} INFO - Started process (PID=1872) to work on /opt/airflow/dags/crawl_search_page.py
[2025-11-22T05:41:12.093+0000] {processor.py:914} INFO - Processing file /opt/airflow/dags/crawl_search_page.py for tasks to queue
[2025-11-22T05:41:12.096+0000] {logging_mixin.py:190} INFO - [2025-11-22T05:41:12.095+0000] {dagbag.py:588} INFO - Filling up the DagBag from /opt/airflow/dags/crawl_search_page.py
[2025-11-22T05:41:12.662+0000] {processor.py:925} INFO - DAG(s) 'crawl_search_page' retrieved from /opt/airflow/dags/crawl_search_page.py
[2025-11-22T05:41:12.680+0000] {logging_mixin.py:190} INFO - [2025-11-22T05:41:12.679+0000] {dag.py:3239} INFO - Sync 1 DAGs
[2025-11-22T05:41:12.689+0000] {logging_mixin.py:190} INFO - [2025-11-22T05:41:12.689+0000] {dag.py:4180} INFO - Setting next_dagrun for crawl_search_page to None, run_after=None
[2025-11-22T05:41:12.708+0000] {processor.py:208} INFO - Processing /opt/airflow/dags/crawl_search_page.py took 0.622 seconds
[2025-11-22T05:41:43.154+0000] {processor.py:186} INFO - Started process (PID=1884) to work on /opt/airflow/dags/crawl_search_page.py
[2025-11-22T05:41:43.155+0000] {processor.py:914} INFO - Processing file /opt/airflow/dags/crawl_search_page.py for tasks to queue
[2025-11-22T05:41:43.157+0000] {logging_mixin.py:190} INFO - [2025-11-22T05:41:43.157+0000] {dagbag.py:588} INFO - Filling up the DagBag from /opt/airflow/dags/crawl_search_page.py
[2025-11-22T05:41:43.724+0000] {processor.py:925} INFO - DAG(s) 'crawl_search_page' retrieved from /opt/airflow/dags/crawl_search_page.py
[2025-11-22T05:41:43.742+0000] {logging_mixin.py:190} INFO - [2025-11-22T05:41:43.742+0000] {dag.py:3239} INFO - Sync 1 DAGs
[2025-11-22T05:41:43.752+0000] {logging_mixin.py:190} INFO - [2025-11-22T05:41:43.752+0000] {dag.py:4180} INFO - Setting next_dagrun for crawl_search_page to None, run_after=None
[2025-11-22T05:41:43.771+0000] {processor.py:208} INFO - Processing /opt/airflow/dags/crawl_search_page.py took 0.623 seconds
[2025-11-22T05:42:14.144+0000] {processor.py:186} INFO - Started process (PID=1902) to work on /opt/airflow/dags/crawl_search_page.py
[2025-11-22T05:42:14.145+0000] {processor.py:914} INFO - Processing file /opt/airflow/dags/crawl_search_page.py for tasks to queue
[2025-11-22T05:42:14.147+0000] {logging_mixin.py:190} INFO - [2025-11-22T05:42:14.147+0000] {dagbag.py:588} INFO - Filling up the DagBag from /opt/airflow/dags/crawl_search_page.py
[2025-11-22T05:42:14.695+0000] {processor.py:925} INFO - DAG(s) 'crawl_search_page' retrieved from /opt/airflow/dags/crawl_search_page.py
[2025-11-22T05:42:14.712+0000] {logging_mixin.py:190} INFO - [2025-11-22T05:42:14.712+0000] {dag.py:3239} INFO - Sync 1 DAGs
[2025-11-22T05:42:14.722+0000] {logging_mixin.py:190} INFO - [2025-11-22T05:42:14.722+0000] {dag.py:4180} INFO - Setting next_dagrun for crawl_search_page to None, run_after=None
[2025-11-22T05:42:14.742+0000] {processor.py:208} INFO - Processing /opt/airflow/dags/crawl_search_page.py took 0.603 seconds
[2025-11-22T05:42:45.197+0000] {processor.py:186} INFO - Started process (PID=1914) to work on /opt/airflow/dags/crawl_search_page.py
[2025-11-22T05:42:45.198+0000] {processor.py:914} INFO - Processing file /opt/airflow/dags/crawl_search_page.py for tasks to queue
[2025-11-22T05:42:45.200+0000] {logging_mixin.py:190} INFO - [2025-11-22T05:42:45.199+0000] {dagbag.py:588} INFO - Filling up the DagBag from /opt/airflow/dags/crawl_search_page.py
[2025-11-22T05:42:45.766+0000] {processor.py:925} INFO - DAG(s) 'crawl_search_page' retrieved from /opt/airflow/dags/crawl_search_page.py
[2025-11-22T05:42:45.783+0000] {logging_mixin.py:190} INFO - [2025-11-22T05:42:45.783+0000] {dag.py:3239} INFO - Sync 1 DAGs
[2025-11-22T05:42:45.793+0000] {logging_mixin.py:190} INFO - [2025-11-22T05:42:45.793+0000] {dag.py:4180} INFO - Setting next_dagrun for crawl_search_page to None, run_after=None
[2025-11-22T05:42:45.821+0000] {processor.py:208} INFO - Processing /opt/airflow/dags/crawl_search_page.py took 0.630 seconds
[2025-11-22T05:43:15.894+0000] {processor.py:186} INFO - Started process (PID=1926) to work on /opt/airflow/dags/crawl_search_page.py
[2025-11-22T05:43:15.895+0000] {processor.py:914} INFO - Processing file /opt/airflow/dags/crawl_search_page.py for tasks to queue
[2025-11-22T05:43:15.898+0000] {logging_mixin.py:190} INFO - [2025-11-22T05:43:15.897+0000] {dagbag.py:588} INFO - Filling up the DagBag from /opt/airflow/dags/crawl_search_page.py
[2025-11-22T05:43:16.477+0000] {processor.py:925} INFO - DAG(s) 'crawl_search_page' retrieved from /opt/airflow/dags/crawl_search_page.py
[2025-11-22T05:43:16.494+0000] {logging_mixin.py:190} INFO - [2025-11-22T05:43:16.494+0000] {dag.py:3239} INFO - Sync 1 DAGs
[2025-11-22T05:43:16.507+0000] {logging_mixin.py:190} INFO - [2025-11-22T05:43:16.506+0000] {dag.py:4180} INFO - Setting next_dagrun for crawl_search_page to None, run_after=None
[2025-11-22T05:43:16.532+0000] {processor.py:208} INFO - Processing /opt/airflow/dags/crawl_search_page.py took 0.645 seconds
[2025-11-22T05:43:46.660+0000] {processor.py:186} INFO - Started process (PID=1938) to work on /opt/airflow/dags/crawl_search_page.py
[2025-11-22T05:43:46.661+0000] {processor.py:914} INFO - Processing file /opt/airflow/dags/crawl_search_page.py for tasks to queue
[2025-11-22T05:43:46.663+0000] {logging_mixin.py:190} INFO - [2025-11-22T05:43:46.663+0000] {dagbag.py:588} INFO - Filling up the DagBag from /opt/airflow/dags/crawl_search_page.py
[2025-11-22T05:43:47.245+0000] {processor.py:925} INFO - DAG(s) 'crawl_search_page' retrieved from /opt/airflow/dags/crawl_search_page.py
[2025-11-22T05:43:47.264+0000] {logging_mixin.py:190} INFO - [2025-11-22T05:43:47.264+0000] {dag.py:3239} INFO - Sync 1 DAGs
[2025-11-22T05:43:47.274+0000] {logging_mixin.py:190} INFO - [2025-11-22T05:43:47.273+0000] {dag.py:4180} INFO - Setting next_dagrun for crawl_search_page to None, run_after=None
[2025-11-22T05:43:47.292+0000] {processor.py:208} INFO - Processing /opt/airflow/dags/crawl_search_page.py took 0.637 seconds
[2025-11-22T05:44:17.718+0000] {processor.py:186} INFO - Started process (PID=1950) to work on /opt/airflow/dags/crawl_search_page.py
[2025-11-22T05:44:17.719+0000] {processor.py:914} INFO - Processing file /opt/airflow/dags/crawl_search_page.py for tasks to queue
[2025-11-22T05:44:17.721+0000] {logging_mixin.py:190} INFO - [2025-11-22T05:44:17.721+0000] {dagbag.py:588} INFO - Filling up the DagBag from /opt/airflow/dags/crawl_search_page.py
[2025-11-22T05:44:18.315+0000] {processor.py:925} INFO - DAG(s) 'crawl_search_page' retrieved from /opt/airflow/dags/crawl_search_page.py
[2025-11-22T05:44:18.333+0000] {logging_mixin.py:190} INFO - [2025-11-22T05:44:18.332+0000] {dag.py:3239} INFO - Sync 1 DAGs
[2025-11-22T05:44:18.343+0000] {logging_mixin.py:190} INFO - [2025-11-22T05:44:18.342+0000] {dag.py:4180} INFO - Setting next_dagrun for crawl_search_page to None, run_after=None
[2025-11-22T05:44:18.369+0000] {processor.py:208} INFO - Processing /opt/airflow/dags/crawl_search_page.py took 0.656 seconds
[2025-11-22T05:44:48.742+0000] {processor.py:186} INFO - Started process (PID=1962) to work on /opt/airflow/dags/crawl_search_page.py
[2025-11-22T05:44:48.743+0000] {processor.py:914} INFO - Processing file /opt/airflow/dags/crawl_search_page.py for tasks to queue
[2025-11-22T05:44:48.746+0000] {logging_mixin.py:190} INFO - [2025-11-22T05:44:48.746+0000] {dagbag.py:588} INFO - Filling up the DagBag from /opt/airflow/dags/crawl_search_page.py
[2025-11-22T05:44:49.345+0000] {processor.py:925} INFO - DAG(s) 'crawl_search_page' retrieved from /opt/airflow/dags/crawl_search_page.py
[2025-11-22T05:44:49.364+0000] {logging_mixin.py:190} INFO - [2025-11-22T05:44:49.364+0000] {dag.py:3239} INFO - Sync 1 DAGs
[2025-11-22T05:44:49.376+0000] {logging_mixin.py:190} INFO - [2025-11-22T05:44:49.375+0000] {dag.py:4180} INFO - Setting next_dagrun for crawl_search_page to None, run_after=None
[2025-11-22T05:44:49.404+0000] {processor.py:208} INFO - Processing /opt/airflow/dags/crawl_search_page.py took 0.667 seconds
[2025-11-22T05:45:20.064+0000] {processor.py:186} INFO - Started process (PID=1974) to work on /opt/airflow/dags/crawl_search_page.py
[2025-11-22T05:45:20.065+0000] {processor.py:914} INFO - Processing file /opt/airflow/dags/crawl_search_page.py for tasks to queue
[2025-11-22T05:45:20.068+0000] {logging_mixin.py:190} INFO - [2025-11-22T05:45:20.067+0000] {dagbag.py:588} INFO - Filling up the DagBag from /opt/airflow/dags/crawl_search_page.py
[2025-11-22T05:45:20.654+0000] {processor.py:925} INFO - DAG(s) 'crawl_search_page' retrieved from /opt/airflow/dags/crawl_search_page.py
[2025-11-22T05:45:20.673+0000] {logging_mixin.py:190} INFO - [2025-11-22T05:45:20.673+0000] {dag.py:3239} INFO - Sync 1 DAGs
[2025-11-22T05:45:20.685+0000] {logging_mixin.py:190} INFO - [2025-11-22T05:45:20.684+0000] {dag.py:4180} INFO - Setting next_dagrun for crawl_search_page to None, run_after=None
[2025-11-22T05:45:20.704+0000] {processor.py:208} INFO - Processing /opt/airflow/dags/crawl_search_page.py took 0.646 seconds
[2025-11-22T05:45:51.147+0000] {processor.py:186} INFO - Started process (PID=1986) to work on /opt/airflow/dags/crawl_search_page.py
[2025-11-22T05:45:51.148+0000] {processor.py:914} INFO - Processing file /opt/airflow/dags/crawl_search_page.py for tasks to queue
[2025-11-22T05:45:51.150+0000] {logging_mixin.py:190} INFO - [2025-11-22T05:45:51.150+0000] {dagbag.py:588} INFO - Filling up the DagBag from /opt/airflow/dags/crawl_search_page.py
[2025-11-22T05:45:51.735+0000] {processor.py:925} INFO - DAG(s) 'crawl_search_page' retrieved from /opt/airflow/dags/crawl_search_page.py
[2025-11-22T05:45:51.753+0000] {logging_mixin.py:190} INFO - [2025-11-22T05:45:51.752+0000] {dag.py:3239} INFO - Sync 1 DAGs
[2025-11-22T05:45:51.763+0000] {logging_mixin.py:190} INFO - [2025-11-22T05:45:51.763+0000] {dag.py:4180} INFO - Setting next_dagrun for crawl_search_page to None, run_after=None
[2025-11-22T05:45:51.789+0000] {processor.py:208} INFO - Processing /opt/airflow/dags/crawl_search_page.py took 0.647 seconds
[2025-11-22T05:46:22.247+0000] {processor.py:186} INFO - Started process (PID=1998) to work on /opt/airflow/dags/crawl_search_page.py
[2025-11-22T05:46:22.248+0000] {processor.py:914} INFO - Processing file /opt/airflow/dags/crawl_search_page.py for tasks to queue
[2025-11-22T05:46:22.250+0000] {logging_mixin.py:190} INFO - [2025-11-22T05:46:22.250+0000] {dagbag.py:588} INFO - Filling up the DagBag from /opt/airflow/dags/crawl_search_page.py
[2025-11-22T05:46:22.814+0000] {processor.py:925} INFO - DAG(s) 'crawl_search_page' retrieved from /opt/airflow/dags/crawl_search_page.py
[2025-11-22T05:46:22.832+0000] {logging_mixin.py:190} INFO - [2025-11-22T05:46:22.832+0000] {dag.py:3239} INFO - Sync 1 DAGs
[2025-11-22T05:46:22.842+0000] {logging_mixin.py:190} INFO - [2025-11-22T05:46:22.842+0000] {dag.py:4180} INFO - Setting next_dagrun for crawl_search_page to None, run_after=None
[2025-11-22T05:46:22.867+0000] {processor.py:208} INFO - Processing /opt/airflow/dags/crawl_search_page.py took 0.626 seconds
[2025-11-22T05:46:53.186+0000] {processor.py:186} INFO - Started process (PID=2010) to work on /opt/airflow/dags/crawl_search_page.py
[2025-11-22T05:46:53.187+0000] {processor.py:914} INFO - Processing file /opt/airflow/dags/crawl_search_page.py for tasks to queue
[2025-11-22T05:46:53.189+0000] {logging_mixin.py:190} INFO - [2025-11-22T05:46:53.189+0000] {dagbag.py:588} INFO - Filling up the DagBag from /opt/airflow/dags/crawl_search_page.py
[2025-11-22T05:46:53.747+0000] {processor.py:925} INFO - DAG(s) 'crawl_search_page' retrieved from /opt/airflow/dags/crawl_search_page.py
[2025-11-22T05:46:53.765+0000] {logging_mixin.py:190} INFO - [2025-11-22T05:46:53.765+0000] {dag.py:3239} INFO - Sync 1 DAGs
[2025-11-22T05:46:53.774+0000] {logging_mixin.py:190} INFO - [2025-11-22T05:46:53.774+0000] {dag.py:4180} INFO - Setting next_dagrun for crawl_search_page to None, run_after=None
[2025-11-22T05:46:53.804+0000] {processor.py:208} INFO - Processing /opt/airflow/dags/crawl_search_page.py took 0.624 seconds
[2025-11-22T05:47:24.232+0000] {processor.py:186} INFO - Started process (PID=2022) to work on /opt/airflow/dags/crawl_search_page.py
[2025-11-22T05:47:24.233+0000] {processor.py:914} INFO - Processing file /opt/airflow/dags/crawl_search_page.py for tasks to queue
[2025-11-22T05:47:24.235+0000] {logging_mixin.py:190} INFO - [2025-11-22T05:47:24.235+0000] {dagbag.py:588} INFO - Filling up the DagBag from /opt/airflow/dags/crawl_search_page.py
[2025-11-22T05:47:24.804+0000] {processor.py:925} INFO - DAG(s) 'crawl_search_page' retrieved from /opt/airflow/dags/crawl_search_page.py
[2025-11-22T05:47:24.821+0000] {logging_mixin.py:190} INFO - [2025-11-22T05:47:24.820+0000] {dag.py:3239} INFO - Sync 1 DAGs
[2025-11-22T05:47:24.831+0000] {logging_mixin.py:190} INFO - [2025-11-22T05:47:24.831+0000] {dag.py:4180} INFO - Setting next_dagrun for crawl_search_page to None, run_after=None
[2025-11-22T05:47:24.848+0000] {processor.py:208} INFO - Processing /opt/airflow/dags/crawl_search_page.py took 0.622 seconds
[2025-11-22T05:47:55.040+0000] {processor.py:186} INFO - Started process (PID=2034) to work on /opt/airflow/dags/crawl_search_page.py
[2025-11-22T05:47:55.041+0000] {processor.py:914} INFO - Processing file /opt/airflow/dags/crawl_search_page.py for tasks to queue
[2025-11-22T05:47:55.043+0000] {logging_mixin.py:190} INFO - [2025-11-22T05:47:55.043+0000] {dagbag.py:588} INFO - Filling up the DagBag from /opt/airflow/dags/crawl_search_page.py
[2025-11-22T05:47:55.613+0000] {processor.py:925} INFO - DAG(s) 'crawl_search_page' retrieved from /opt/airflow/dags/crawl_search_page.py
[2025-11-22T05:47:55.629+0000] {logging_mixin.py:190} INFO - [2025-11-22T05:47:55.629+0000] {dag.py:3239} INFO - Sync 1 DAGs
[2025-11-22T05:47:55.639+0000] {logging_mixin.py:190} INFO - [2025-11-22T05:47:55.639+0000] {dag.py:4180} INFO - Setting next_dagrun for crawl_search_page to None, run_after=None
[2025-11-22T05:47:55.665+0000] {processor.py:208} INFO - Processing /opt/airflow/dags/crawl_search_page.py took 0.630 seconds
[2025-11-22T05:48:26.107+0000] {processor.py:186} INFO - Started process (PID=2046) to work on /opt/airflow/dags/crawl_search_page.py
[2025-11-22T05:48:26.108+0000] {processor.py:914} INFO - Processing file /opt/airflow/dags/crawl_search_page.py for tasks to queue
[2025-11-22T05:48:26.110+0000] {logging_mixin.py:190} INFO - [2025-11-22T05:48:26.110+0000] {dagbag.py:588} INFO - Filling up the DagBag from /opt/airflow/dags/crawl_search_page.py
[2025-11-22T05:48:26.682+0000] {processor.py:925} INFO - DAG(s) 'crawl_search_page' retrieved from /opt/airflow/dags/crawl_search_page.py
[2025-11-22T05:48:26.699+0000] {logging_mixin.py:190} INFO - [2025-11-22T05:48:26.698+0000] {dag.py:3239} INFO - Sync 1 DAGs
[2025-11-22T05:48:26.709+0000] {logging_mixin.py:190} INFO - [2025-11-22T05:48:26.708+0000] {dag.py:4180} INFO - Setting next_dagrun for crawl_search_page to None, run_after=None
[2025-11-22T05:48:26.736+0000] {processor.py:208} INFO - Processing /opt/airflow/dags/crawl_search_page.py took 0.635 seconds
[2025-11-22T05:48:57.058+0000] {processor.py:186} INFO - Started process (PID=2058) to work on /opt/airflow/dags/crawl_search_page.py
[2025-11-22T05:48:57.059+0000] {processor.py:914} INFO - Processing file /opt/airflow/dags/crawl_search_page.py for tasks to queue
[2025-11-22T05:48:57.062+0000] {logging_mixin.py:190} INFO - [2025-11-22T05:48:57.062+0000] {dagbag.py:588} INFO - Filling up the DagBag from /opt/airflow/dags/crawl_search_page.py
[2025-11-22T05:48:57.689+0000] {processor.py:925} INFO - DAG(s) 'crawl_search_page' retrieved from /opt/airflow/dags/crawl_search_page.py
[2025-11-22T05:48:57.712+0000] {logging_mixin.py:190} INFO - [2025-11-22T05:48:57.712+0000] {dag.py:3239} INFO - Sync 1 DAGs
[2025-11-22T05:48:57.724+0000] {logging_mixin.py:190} INFO - [2025-11-22T05:48:57.724+0000] {dag.py:4180} INFO - Setting next_dagrun for crawl_search_page to None, run_after=None
[2025-11-22T05:48:57.741+0000] {processor.py:208} INFO - Processing /opt/airflow/dags/crawl_search_page.py took 0.688 seconds
[2025-11-22T05:49:28.213+0000] {processor.py:186} INFO - Started process (PID=2070) to work on /opt/airflow/dags/crawl_search_page.py
[2025-11-22T05:49:28.214+0000] {processor.py:914} INFO - Processing file /opt/airflow/dags/crawl_search_page.py for tasks to queue
[2025-11-22T05:49:28.216+0000] {logging_mixin.py:190} INFO - [2025-11-22T05:49:28.216+0000] {dagbag.py:588} INFO - Filling up the DagBag from /opt/airflow/dags/crawl_search_page.py
[2025-11-22T05:49:28.788+0000] {processor.py:925} INFO - DAG(s) 'crawl_search_page' retrieved from /opt/airflow/dags/crawl_search_page.py
[2025-11-22T05:49:28.807+0000] {logging_mixin.py:190} INFO - [2025-11-22T05:49:28.806+0000] {dag.py:3239} INFO - Sync 1 DAGs
[2025-11-22T05:49:28.826+0000] {logging_mixin.py:190} INFO - [2025-11-22T05:49:28.825+0000] {dag.py:4180} INFO - Setting next_dagrun for crawl_search_page to None, run_after=None
[2025-11-22T05:49:28.843+0000] {processor.py:208} INFO - Processing /opt/airflow/dags/crawl_search_page.py took 0.636 seconds
[2025-11-22T05:49:58.904+0000] {processor.py:186} INFO - Started process (PID=2082) to work on /opt/airflow/dags/crawl_search_page.py
[2025-11-22T05:49:58.905+0000] {processor.py:914} INFO - Processing file /opt/airflow/dags/crawl_search_page.py for tasks to queue
[2025-11-22T05:49:58.908+0000] {logging_mixin.py:190} INFO - [2025-11-22T05:49:58.907+0000] {dagbag.py:588} INFO - Filling up the DagBag from /opt/airflow/dags/crawl_search_page.py
[2025-11-22T05:49:59.480+0000] {processor.py:925} INFO - DAG(s) 'crawl_search_page' retrieved from /opt/airflow/dags/crawl_search_page.py
[2025-11-22T05:49:59.497+0000] {logging_mixin.py:190} INFO - [2025-11-22T05:49:59.497+0000] {dag.py:3239} INFO - Sync 1 DAGs
[2025-11-22T05:49:59.507+0000] {logging_mixin.py:190} INFO - [2025-11-22T05:49:59.506+0000] {dag.py:4180} INFO - Setting next_dagrun for crawl_search_page to None, run_after=None
[2025-11-22T05:49:59.524+0000] {processor.py:208} INFO - Processing /opt/airflow/dags/crawl_search_page.py took 0.627 seconds
[2025-11-22T05:50:29.830+0000] {processor.py:186} INFO - Started process (PID=2094) to work on /opt/airflow/dags/crawl_search_page.py
[2025-11-22T05:50:29.831+0000] {processor.py:914} INFO - Processing file /opt/airflow/dags/crawl_search_page.py for tasks to queue
[2025-11-22T05:50:29.834+0000] {logging_mixin.py:190} INFO - [2025-11-22T05:50:29.833+0000] {dagbag.py:588} INFO - Filling up the DagBag from /opt/airflow/dags/crawl_search_page.py
[2025-11-22T05:50:30.386+0000] {processor.py:925} INFO - DAG(s) 'crawl_search_page' retrieved from /opt/airflow/dags/crawl_search_page.py
[2025-11-22T05:50:30.405+0000] {logging_mixin.py:190} INFO - [2025-11-22T05:50:30.405+0000] {dag.py:3239} INFO - Sync 1 DAGs
[2025-11-22T05:50:30.416+0000] {logging_mixin.py:190} INFO - [2025-11-22T05:50:30.416+0000] {dag.py:4180} INFO - Setting next_dagrun for crawl_search_page to None, run_after=None
[2025-11-22T05:50:30.436+0000] {processor.py:208} INFO - Processing /opt/airflow/dags/crawl_search_page.py took 0.611 seconds
[2025-11-22T05:51:00.856+0000] {processor.py:186} INFO - Started process (PID=2106) to work on /opt/airflow/dags/crawl_search_page.py
[2025-11-22T05:51:00.857+0000] {processor.py:914} INFO - Processing file /opt/airflow/dags/crawl_search_page.py for tasks to queue
[2025-11-22T05:51:00.859+0000] {logging_mixin.py:190} INFO - [2025-11-22T05:51:00.859+0000] {dagbag.py:588} INFO - Filling up the DagBag from /opt/airflow/dags/crawl_search_page.py
[2025-11-22T05:51:01.430+0000] {processor.py:925} INFO - DAG(s) 'crawl_search_page' retrieved from /opt/airflow/dags/crawl_search_page.py
[2025-11-22T05:51:01.448+0000] {logging_mixin.py:190} INFO - [2025-11-22T05:51:01.448+0000] {dag.py:3239} INFO - Sync 1 DAGs
[2025-11-22T05:51:01.458+0000] {logging_mixin.py:190} INFO - [2025-11-22T05:51:01.458+0000] {dag.py:4180} INFO - Setting next_dagrun for crawl_search_page to None, run_after=None
[2025-11-22T05:51:01.484+0000] {processor.py:208} INFO - Processing /opt/airflow/dags/crawl_search_page.py took 0.633 seconds
[2025-11-22T05:51:31.682+0000] {processor.py:186} INFO - Started process (PID=2118) to work on /opt/airflow/dags/crawl_search_page.py
[2025-11-22T05:51:31.683+0000] {processor.py:914} INFO - Processing file /opt/airflow/dags/crawl_search_page.py for tasks to queue
[2025-11-22T05:51:31.685+0000] {logging_mixin.py:190} INFO - [2025-11-22T05:51:31.685+0000] {dagbag.py:588} INFO - Filling up the DagBag from /opt/airflow/dags/crawl_search_page.py
[2025-11-22T05:51:32.238+0000] {processor.py:925} INFO - DAG(s) 'crawl_search_page' retrieved from /opt/airflow/dags/crawl_search_page.py
[2025-11-22T05:51:32.256+0000] {logging_mixin.py:190} INFO - [2025-11-22T05:51:32.255+0000] {dag.py:3239} INFO - Sync 1 DAGs
[2025-11-22T05:51:32.267+0000] {logging_mixin.py:190} INFO - [2025-11-22T05:51:32.267+0000] {dag.py:4180} INFO - Setting next_dagrun for crawl_search_page to None, run_after=None
[2025-11-22T05:51:32.294+0000] {processor.py:208} INFO - Processing /opt/airflow/dags/crawl_search_page.py took 0.618 seconds
[2025-11-22T05:52:02.713+0000] {processor.py:186} INFO - Started process (PID=2131) to work on /opt/airflow/dags/crawl_search_page.py
[2025-11-22T05:52:02.714+0000] {processor.py:914} INFO - Processing file /opt/airflow/dags/crawl_search_page.py for tasks to queue
[2025-11-22T05:52:02.717+0000] {logging_mixin.py:190} INFO - [2025-11-22T05:52:02.717+0000] {dagbag.py:588} INFO - Filling up the DagBag from /opt/airflow/dags/crawl_search_page.py
[2025-11-22T05:52:03.280+0000] {processor.py:925} INFO - DAG(s) 'crawl_search_page' retrieved from /opt/airflow/dags/crawl_search_page.py
[2025-11-22T05:52:03.298+0000] {logging_mixin.py:190} INFO - [2025-11-22T05:52:03.298+0000] {dag.py:3239} INFO - Sync 1 DAGs
[2025-11-22T05:52:03.308+0000] {logging_mixin.py:190} INFO - [2025-11-22T05:52:03.307+0000] {dag.py:4180} INFO - Setting next_dagrun for crawl_search_page to None, run_after=None
[2025-11-22T05:52:03.336+0000] {processor.py:208} INFO - Processing /opt/airflow/dags/crawl_search_page.py took 0.630 seconds
[2025-11-22T05:52:33.698+0000] {processor.py:186} INFO - Started process (PID=2143) to work on /opt/airflow/dags/crawl_search_page.py
[2025-11-22T05:52:33.699+0000] {processor.py:914} INFO - Processing file /opt/airflow/dags/crawl_search_page.py for tasks to queue
[2025-11-22T05:52:33.702+0000] {logging_mixin.py:190} INFO - [2025-11-22T05:52:33.701+0000] {dagbag.py:588} INFO - Filling up the DagBag from /opt/airflow/dags/crawl_search_page.py
[2025-11-22T05:52:34.268+0000] {processor.py:925} INFO - DAG(s) 'crawl_search_page' retrieved from /opt/airflow/dags/crawl_search_page.py
[2025-11-22T05:52:34.287+0000] {logging_mixin.py:190} INFO - [2025-11-22T05:52:34.287+0000] {dag.py:3239} INFO - Sync 1 DAGs
[2025-11-22T05:52:34.297+0000] {logging_mixin.py:190} INFO - [2025-11-22T05:52:34.297+0000] {dag.py:4180} INFO - Setting next_dagrun for crawl_search_page to None, run_after=None
[2025-11-22T05:52:34.316+0000] {processor.py:208} INFO - Processing /opt/airflow/dags/crawl_search_page.py took 0.624 seconds
[2025-11-22T05:53:04.765+0000] {processor.py:186} INFO - Started process (PID=2155) to work on /opt/airflow/dags/crawl_search_page.py
[2025-11-22T05:53:04.766+0000] {processor.py:914} INFO - Processing file /opt/airflow/dags/crawl_search_page.py for tasks to queue
[2025-11-22T05:53:04.768+0000] {logging_mixin.py:190} INFO - [2025-11-22T05:53:04.768+0000] {dagbag.py:588} INFO - Filling up the DagBag from /opt/airflow/dags/crawl_search_page.py
[2025-11-22T05:53:05.353+0000] {processor.py:925} INFO - DAG(s) 'crawl_search_page' retrieved from /opt/airflow/dags/crawl_search_page.py
[2025-11-22T05:53:05.370+0000] {logging_mixin.py:190} INFO - [2025-11-22T05:53:05.370+0000] {dag.py:3239} INFO - Sync 1 DAGs
[2025-11-22T05:53:05.380+0000] {logging_mixin.py:190} INFO - [2025-11-22T05:53:05.380+0000] {dag.py:4180} INFO - Setting next_dagrun for crawl_search_page to None, run_after=None
[2025-11-22T05:53:05.406+0000] {processor.py:208} INFO - Processing /opt/airflow/dags/crawl_search_page.py took 0.646 seconds
[2025-11-22T05:53:35.510+0000] {processor.py:186} INFO - Started process (PID=2167) to work on /opt/airflow/dags/crawl_search_page.py
[2025-11-22T05:53:35.512+0000] {processor.py:914} INFO - Processing file /opt/airflow/dags/crawl_search_page.py for tasks to queue
[2025-11-22T05:53:35.514+0000] {logging_mixin.py:190} INFO - [2025-11-22T05:53:35.513+0000] {dagbag.py:588} INFO - Filling up the DagBag from /opt/airflow/dags/crawl_search_page.py
[2025-11-22T05:53:36.082+0000] {processor.py:925} INFO - DAG(s) 'crawl_search_page' retrieved from /opt/airflow/dags/crawl_search_page.py
[2025-11-22T05:53:36.099+0000] {logging_mixin.py:190} INFO - [2025-11-22T05:53:36.098+0000] {dag.py:3239} INFO - Sync 1 DAGs
[2025-11-22T05:53:36.110+0000] {logging_mixin.py:190} INFO - [2025-11-22T05:53:36.110+0000] {dag.py:4180} INFO - Setting next_dagrun for crawl_search_page to None, run_after=None
[2025-11-22T05:53:36.128+0000] {processor.py:208} INFO - Processing /opt/airflow/dags/crawl_search_page.py took 0.623 seconds
[2025-11-22T05:54:06.220+0000] {processor.py:186} INFO - Started process (PID=2179) to work on /opt/airflow/dags/crawl_search_page.py
[2025-11-22T05:54:06.221+0000] {processor.py:914} INFO - Processing file /opt/airflow/dags/crawl_search_page.py for tasks to queue
[2025-11-22T05:54:06.223+0000] {logging_mixin.py:190} INFO - [2025-11-22T05:54:06.223+0000] {dagbag.py:588} INFO - Filling up the DagBag from /opt/airflow/dags/crawl_search_page.py
[2025-11-22T05:54:06.818+0000] {processor.py:925} INFO - DAG(s) 'crawl_search_page' retrieved from /opt/airflow/dags/crawl_search_page.py
[2025-11-22T05:54:06.835+0000] {logging_mixin.py:190} INFO - [2025-11-22T05:54:06.835+0000] {dag.py:3239} INFO - Sync 1 DAGs
[2025-11-22T05:54:06.848+0000] {logging_mixin.py:190} INFO - [2025-11-22T05:54:06.848+0000] {dag.py:4180} INFO - Setting next_dagrun for crawl_search_page to None, run_after=None
[2025-11-22T05:54:06.875+0000] {processor.py:208} INFO - Processing /opt/airflow/dags/crawl_search_page.py took 0.661 seconds
[2025-11-22T05:54:36.953+0000] {processor.py:186} INFO - Started process (PID=2191) to work on /opt/airflow/dags/crawl_search_page.py
[2025-11-22T05:54:36.954+0000] {processor.py:914} INFO - Processing file /opt/airflow/dags/crawl_search_page.py for tasks to queue
[2025-11-22T05:54:36.958+0000] {logging_mixin.py:190} INFO - [2025-11-22T05:54:36.957+0000] {dagbag.py:588} INFO - Filling up the DagBag from /opt/airflow/dags/crawl_search_page.py
[2025-11-22T05:54:37.521+0000] {processor.py:925} INFO - DAG(s) 'crawl_search_page' retrieved from /opt/airflow/dags/crawl_search_page.py
[2025-11-22T05:54:37.537+0000] {logging_mixin.py:190} INFO - [2025-11-22T05:54:37.537+0000] {dag.py:3239} INFO - Sync 1 DAGs
[2025-11-22T05:54:37.548+0000] {logging_mixin.py:190} INFO - [2025-11-22T05:54:37.548+0000] {dag.py:4180} INFO - Setting next_dagrun for crawl_search_page to None, run_after=None
[2025-11-22T05:54:37.572+0000] {processor.py:208} INFO - Processing /opt/airflow/dags/crawl_search_page.py took 0.625 seconds
[2025-11-22T05:55:07.921+0000] {processor.py:186} INFO - Started process (PID=2203) to work on /opt/airflow/dags/crawl_search_page.py
[2025-11-22T05:55:07.923+0000] {processor.py:914} INFO - Processing file /opt/airflow/dags/crawl_search_page.py for tasks to queue
[2025-11-22T05:55:07.927+0000] {logging_mixin.py:190} INFO - [2025-11-22T05:55:07.926+0000] {dagbag.py:588} INFO - Filling up the DagBag from /opt/airflow/dags/crawl_search_page.py
[2025-11-22T05:55:08.539+0000] {processor.py:925} INFO - DAG(s) 'crawl_search_page' retrieved from /opt/airflow/dags/crawl_search_page.py
[2025-11-22T05:55:08.557+0000] {logging_mixin.py:190} INFO - [2025-11-22T05:55:08.557+0000] {dag.py:3239} INFO - Sync 1 DAGs
[2025-11-22T05:55:08.567+0000] {logging_mixin.py:190} INFO - [2025-11-22T05:55:08.567+0000] {dag.py:4180} INFO - Setting next_dagrun for crawl_search_page to None, run_after=None
[2025-11-22T05:55:08.585+0000] {processor.py:208} INFO - Processing /opt/airflow/dags/crawl_search_page.py took 0.673 seconds
[2025-11-22T05:55:39.032+0000] {processor.py:186} INFO - Started process (PID=2215) to work on /opt/airflow/dags/crawl_search_page.py
[2025-11-22T05:55:39.033+0000] {processor.py:914} INFO - Processing file /opt/airflow/dags/crawl_search_page.py for tasks to queue
[2025-11-22T05:55:39.036+0000] {logging_mixin.py:190} INFO - [2025-11-22T05:55:39.036+0000] {dagbag.py:588} INFO - Filling up the DagBag from /opt/airflow/dags/crawl_search_page.py
[2025-11-22T05:55:39.584+0000] {processor.py:925} INFO - DAG(s) 'crawl_search_page' retrieved from /opt/airflow/dags/crawl_search_page.py
[2025-11-22T05:55:39.603+0000] {logging_mixin.py:190} INFO - [2025-11-22T05:55:39.603+0000] {dag.py:3239} INFO - Sync 1 DAGs
[2025-11-22T05:55:39.613+0000] {logging_mixin.py:190} INFO - [2025-11-22T05:55:39.613+0000] {dag.py:4180} INFO - Setting next_dagrun for crawl_search_page to None, run_after=None
[2025-11-22T05:55:39.637+0000] {processor.py:208} INFO - Processing /opt/airflow/dags/crawl_search_page.py took 0.610 seconds
[2025-11-22T05:56:10.066+0000] {processor.py:186} INFO - Started process (PID=2227) to work on /opt/airflow/dags/crawl_search_page.py
[2025-11-22T05:56:10.067+0000] {processor.py:914} INFO - Processing file /opt/airflow/dags/crawl_search_page.py for tasks to queue
[2025-11-22T05:56:10.069+0000] {logging_mixin.py:190} INFO - [2025-11-22T05:56:10.068+0000] {dagbag.py:588} INFO - Filling up the DagBag from /opt/airflow/dags/crawl_search_page.py
[2025-11-22T05:56:10.665+0000] {processor.py:925} INFO - DAG(s) 'crawl_search_page' retrieved from /opt/airflow/dags/crawl_search_page.py
[2025-11-22T05:56:10.685+0000] {logging_mixin.py:190} INFO - [2025-11-22T05:56:10.685+0000] {dag.py:3239} INFO - Sync 1 DAGs
[2025-11-22T05:56:10.696+0000] {logging_mixin.py:190} INFO - [2025-11-22T05:56:10.695+0000] {dag.py:4180} INFO - Setting next_dagrun for crawl_search_page to None, run_after=None
[2025-11-22T05:56:10.724+0000] {processor.py:208} INFO - Processing /opt/airflow/dags/crawl_search_page.py took 0.665 seconds
[2025-11-22T05:56:41.076+0000] {processor.py:186} INFO - Started process (PID=2239) to work on /opt/airflow/dags/crawl_search_page.py
[2025-11-22T05:56:41.077+0000] {processor.py:914} INFO - Processing file /opt/airflow/dags/crawl_search_page.py for tasks to queue
[2025-11-22T05:56:41.080+0000] {logging_mixin.py:190} INFO - [2025-11-22T05:56:41.079+0000] {dagbag.py:588} INFO - Filling up the DagBag from /opt/airflow/dags/crawl_search_page.py
[2025-11-22T05:56:41.630+0000] {processor.py:925} INFO - DAG(s) 'crawl_search_page' retrieved from /opt/airflow/dags/crawl_search_page.py
[2025-11-22T05:56:41.648+0000] {logging_mixin.py:190} INFO - [2025-11-22T05:56:41.647+0000] {dag.py:3239} INFO - Sync 1 DAGs
[2025-11-22T05:56:41.657+0000] {logging_mixin.py:190} INFO - [2025-11-22T05:56:41.657+0000] {dag.py:4180} INFO - Setting next_dagrun for crawl_search_page to None, run_after=None
[2025-11-22T05:56:41.686+0000] {processor.py:208} INFO - Processing /opt/airflow/dags/crawl_search_page.py took 0.616 seconds
[2025-11-22T05:57:12.118+0000] {processor.py:186} INFO - Started process (PID=2251) to work on /opt/airflow/dags/crawl_search_page.py
[2025-11-22T05:57:12.119+0000] {processor.py:914} INFO - Processing file /opt/airflow/dags/crawl_search_page.py for tasks to queue
[2025-11-22T05:57:12.121+0000] {logging_mixin.py:190} INFO - [2025-11-22T05:57:12.121+0000] {dagbag.py:588} INFO - Filling up the DagBag from /opt/airflow/dags/crawl_search_page.py
[2025-11-22T05:57:12.671+0000] {processor.py:925} INFO - DAG(s) 'crawl_search_page' retrieved from /opt/airflow/dags/crawl_search_page.py
[2025-11-22T05:57:12.688+0000] {logging_mixin.py:190} INFO - [2025-11-22T05:57:12.688+0000] {dag.py:3239} INFO - Sync 1 DAGs
[2025-11-22T05:57:12.698+0000] {logging_mixin.py:190} INFO - [2025-11-22T05:57:12.697+0000] {dag.py:4180} INFO - Setting next_dagrun for crawl_search_page to None, run_after=None
[2025-11-22T05:57:12.725+0000] {processor.py:208} INFO - Processing /opt/airflow/dags/crawl_search_page.py took 0.613 seconds
[2025-11-22T05:57:43.145+0000] {processor.py:186} INFO - Started process (PID=2263) to work on /opt/airflow/dags/crawl_search_page.py
[2025-11-22T05:57:43.146+0000] {processor.py:914} INFO - Processing file /opt/airflow/dags/crawl_search_page.py for tasks to queue
[2025-11-22T05:57:43.148+0000] {logging_mixin.py:190} INFO - [2025-11-22T05:57:43.148+0000] {dagbag.py:588} INFO - Filling up the DagBag from /opt/airflow/dags/crawl_search_page.py
[2025-11-22T05:57:43.744+0000] {processor.py:925} INFO - DAG(s) 'crawl_search_page' retrieved from /opt/airflow/dags/crawl_search_page.py
[2025-11-22T05:57:43.761+0000] {logging_mixin.py:190} INFO - [2025-11-22T05:57:43.761+0000] {dag.py:3239} INFO - Sync 1 DAGs
[2025-11-22T05:57:43.772+0000] {logging_mixin.py:190} INFO - [2025-11-22T05:57:43.772+0000] {dag.py:4180} INFO - Setting next_dagrun for crawl_search_page to None, run_after=None
[2025-11-22T05:57:43.798+0000] {processor.py:208} INFO - Processing /opt/airflow/dags/crawl_search_page.py took 0.658 seconds
[2025-11-22T05:58:14.150+0000] {processor.py:186} INFO - Started process (PID=2275) to work on /opt/airflow/dags/crawl_search_page.py
[2025-11-22T05:58:14.151+0000] {processor.py:914} INFO - Processing file /opt/airflow/dags/crawl_search_page.py for tasks to queue
[2025-11-22T05:58:14.153+0000] {logging_mixin.py:190} INFO - [2025-11-22T05:58:14.153+0000] {dagbag.py:588} INFO - Filling up the DagBag from /opt/airflow/dags/crawl_search_page.py
[2025-11-22T05:58:14.726+0000] {processor.py:925} INFO - DAG(s) 'crawl_search_page' retrieved from /opt/airflow/dags/crawl_search_page.py
[2025-11-22T05:58:14.743+0000] {logging_mixin.py:190} INFO - [2025-11-22T05:58:14.743+0000] {dag.py:3239} INFO - Sync 1 DAGs
[2025-11-22T05:58:14.753+0000] {logging_mixin.py:190} INFO - [2025-11-22T05:58:14.753+0000] {dag.py:4180} INFO - Setting next_dagrun for crawl_search_page to None, run_after=None
[2025-11-22T05:58:14.780+0000] {processor.py:208} INFO - Processing /opt/airflow/dags/crawl_search_page.py took 0.635 seconds
[2025-11-22T05:58:45.224+0000] {processor.py:186} INFO - Started process (PID=2287) to work on /opt/airflow/dags/crawl_search_page.py
[2025-11-22T05:58:45.225+0000] {processor.py:914} INFO - Processing file /opt/airflow/dags/crawl_search_page.py for tasks to queue
[2025-11-22T05:58:45.227+0000] {logging_mixin.py:190} INFO - [2025-11-22T05:58:45.227+0000] {dagbag.py:588} INFO - Filling up the DagBag from /opt/airflow/dags/crawl_search_page.py
[2025-11-22T05:58:45.807+0000] {processor.py:925} INFO - DAG(s) 'crawl_search_page' retrieved from /opt/airflow/dags/crawl_search_page.py
[2025-11-22T05:58:45.825+0000] {logging_mixin.py:190} INFO - [2025-11-22T05:58:45.824+0000] {dag.py:3239} INFO - Sync 1 DAGs
[2025-11-22T05:58:45.836+0000] {logging_mixin.py:190} INFO - [2025-11-22T05:58:45.835+0000] {dag.py:4180} INFO - Setting next_dagrun for crawl_search_page to None, run_after=None
[2025-11-22T05:58:45.861+0000] {processor.py:208} INFO - Processing /opt/airflow/dags/crawl_search_page.py took 0.643 seconds
[2025-11-22T05:59:16.298+0000] {processor.py:186} INFO - Started process (PID=2305) to work on /opt/airflow/dags/crawl_search_page.py
[2025-11-22T05:59:16.299+0000] {processor.py:914} INFO - Processing file /opt/airflow/dags/crawl_search_page.py for tasks to queue
[2025-11-22T05:59:16.302+0000] {logging_mixin.py:190} INFO - [2025-11-22T05:59:16.302+0000] {dagbag.py:588} INFO - Filling up the DagBag from /opt/airflow/dags/crawl_search_page.py
[2025-11-22T05:59:16.887+0000] {processor.py:925} INFO - DAG(s) 'crawl_search_page' retrieved from /opt/airflow/dags/crawl_search_page.py
[2025-11-22T05:59:16.904+0000] {logging_mixin.py:190} INFO - [2025-11-22T05:59:16.903+0000] {dag.py:3239} INFO - Sync 1 DAGs
[2025-11-22T05:59:16.914+0000] {logging_mixin.py:190} INFO - [2025-11-22T05:59:16.914+0000] {dag.py:4180} INFO - Setting next_dagrun for crawl_search_page to None, run_after=None
[2025-11-22T05:59:16.940+0000] {processor.py:208} INFO - Processing /opt/airflow/dags/crawl_search_page.py took 0.647 seconds
[2025-11-22T05:59:47.254+0000] {processor.py:186} INFO - Started process (PID=2317) to work on /opt/airflow/dags/crawl_search_page.py
[2025-11-22T05:59:47.255+0000] {processor.py:914} INFO - Processing file /opt/airflow/dags/crawl_search_page.py for tasks to queue
[2025-11-22T05:59:47.257+0000] {logging_mixin.py:190} INFO - [2025-11-22T05:59:47.257+0000] {dagbag.py:588} INFO - Filling up the DagBag from /opt/airflow/dags/crawl_search_page.py
[2025-11-22T05:59:47.811+0000] {processor.py:925} INFO - DAG(s) 'crawl_search_page' retrieved from /opt/airflow/dags/crawl_search_page.py
[2025-11-22T05:59:47.828+0000] {logging_mixin.py:190} INFO - [2025-11-22T05:59:47.828+0000] {dag.py:3239} INFO - Sync 1 DAGs
[2025-11-22T05:59:47.848+0000] {logging_mixin.py:190} INFO - [2025-11-22T05:59:47.847+0000] {dag.py:4180} INFO - Setting next_dagrun for crawl_search_page to None, run_after=None
[2025-11-22T05:59:47.867+0000] {processor.py:208} INFO - Processing /opt/airflow/dags/crawl_search_page.py took 0.619 seconds
[2025-11-22T06:00:18.533+0000] {processor.py:186} INFO - Started process (PID=2329) to work on /opt/airflow/dags/crawl_search_page.py
[2025-11-22T06:00:18.534+0000] {processor.py:914} INFO - Processing file /opt/airflow/dags/crawl_search_page.py for tasks to queue
[2025-11-22T06:00:18.536+0000] {logging_mixin.py:190} INFO - [2025-11-22T06:00:18.536+0000] {dagbag.py:588} INFO - Filling up the DagBag from /opt/airflow/dags/crawl_search_page.py
[2025-11-22T06:00:19.136+0000] {processor.py:925} INFO - DAG(s) 'crawl_search_page' retrieved from /opt/airflow/dags/crawl_search_page.py
[2025-11-22T06:00:19.153+0000] {logging_mixin.py:190} INFO - [2025-11-22T06:00:19.152+0000] {dag.py:3239} INFO - Sync 1 DAGs
[2025-11-22T06:00:19.163+0000] {logging_mixin.py:190} INFO - [2025-11-22T06:00:19.163+0000] {dag.py:4180} INFO - Setting next_dagrun for crawl_search_page to None, run_after=None
[2025-11-22T06:00:19.190+0000] {processor.py:208} INFO - Processing /opt/airflow/dags/crawl_search_page.py took 0.662 seconds
[2025-11-22T06:00:49.640+0000] {processor.py:186} INFO - Started process (PID=2341) to work on /opt/airflow/dags/crawl_search_page.py
[2025-11-22T06:00:49.641+0000] {processor.py:914} INFO - Processing file /opt/airflow/dags/crawl_search_page.py for tasks to queue
[2025-11-22T06:00:49.643+0000] {logging_mixin.py:190} INFO - [2025-11-22T06:00:49.643+0000] {dagbag.py:588} INFO - Filling up the DagBag from /opt/airflow/dags/crawl_search_page.py
[2025-11-22T06:00:50.206+0000] {processor.py:925} INFO - DAG(s) 'crawl_search_page' retrieved from /opt/airflow/dags/crawl_search_page.py
[2025-11-22T06:00:50.224+0000] {logging_mixin.py:190} INFO - [2025-11-22T06:00:50.224+0000] {dag.py:3239} INFO - Sync 1 DAGs
[2025-11-22T06:00:50.234+0000] {logging_mixin.py:190} INFO - [2025-11-22T06:00:50.234+0000] {dag.py:4180} INFO - Setting next_dagrun for crawl_search_page to None, run_after=None
[2025-11-22T06:00:50.268+0000] {processor.py:208} INFO - Processing /opt/airflow/dags/crawl_search_page.py took 0.634 seconds
[2025-11-22T06:01:20.422+0000] {processor.py:186} INFO - Started process (PID=2353) to work on /opt/airflow/dags/crawl_search_page.py
[2025-11-22T06:01:20.423+0000] {processor.py:914} INFO - Processing file /opt/airflow/dags/crawl_search_page.py for tasks to queue
[2025-11-22T06:01:20.425+0000] {logging_mixin.py:190} INFO - [2025-11-22T06:01:20.425+0000] {dagbag.py:588} INFO - Filling up the DagBag from /opt/airflow/dags/crawl_search_page.py
[2025-11-22T06:01:21.033+0000] {processor.py:925} INFO - DAG(s) 'crawl_search_page' retrieved from /opt/airflow/dags/crawl_search_page.py
[2025-11-22T06:01:21.053+0000] {logging_mixin.py:190} INFO - [2025-11-22T06:01:21.053+0000] {dag.py:3239} INFO - Sync 1 DAGs
[2025-11-22T06:01:21.065+0000] {logging_mixin.py:190} INFO - [2025-11-22T06:01:21.065+0000] {dag.py:4180} INFO - Setting next_dagrun for crawl_search_page to None, run_after=None
[2025-11-22T06:01:21.094+0000] {processor.py:208} INFO - Processing /opt/airflow/dags/crawl_search_page.py took 0.678 seconds
[2025-11-22T06:01:51.544+0000] {processor.py:186} INFO - Started process (PID=2365) to work on /opt/airflow/dags/crawl_search_page.py
[2025-11-22T06:01:51.546+0000] {processor.py:914} INFO - Processing file /opt/airflow/dags/crawl_search_page.py for tasks to queue
[2025-11-22T06:01:51.548+0000] {logging_mixin.py:190} INFO - [2025-11-22T06:01:51.548+0000] {dagbag.py:588} INFO - Filling up the DagBag from /opt/airflow/dags/crawl_search_page.py
[2025-11-22T06:01:52.160+0000] {processor.py:925} INFO - DAG(s) 'crawl_search_page' retrieved from /opt/airflow/dags/crawl_search_page.py
[2025-11-22T06:01:52.178+0000] {logging_mixin.py:190} INFO - [2025-11-22T06:01:52.177+0000] {dag.py:3239} INFO - Sync 1 DAGs
[2025-11-22T06:01:52.188+0000] {logging_mixin.py:190} INFO - [2025-11-22T06:01:52.188+0000] {dag.py:4180} INFO - Setting next_dagrun for crawl_search_page to None, run_after=None
[2025-11-22T06:01:52.206+0000] {processor.py:208} INFO - Processing /opt/airflow/dags/crawl_search_page.py took 0.667 seconds
[2025-11-22T06:02:22.411+0000] {processor.py:186} INFO - Started process (PID=2377) to work on /opt/airflow/dags/crawl_search_page.py
[2025-11-22T06:02:22.413+0000] {processor.py:914} INFO - Processing file /opt/airflow/dags/crawl_search_page.py for tasks to queue
[2025-11-22T06:02:22.415+0000] {logging_mixin.py:190} INFO - [2025-11-22T06:02:22.415+0000] {dagbag.py:588} INFO - Filling up the DagBag from /opt/airflow/dags/crawl_search_page.py
[2025-11-22T06:02:23.026+0000] {processor.py:925} INFO - DAG(s) 'crawl_search_page' retrieved from /opt/airflow/dags/crawl_search_page.py
[2025-11-22T06:02:23.060+0000] {logging_mixin.py:190} INFO - [2025-11-22T06:02:23.060+0000] {dag.py:3239} INFO - Sync 1 DAGs
[2025-11-22T06:02:23.074+0000] {logging_mixin.py:190} INFO - [2025-11-22T06:02:23.073+0000] {dag.py:4180} INFO - Setting next_dagrun for crawl_search_page to None, run_after=None
[2025-11-22T06:02:23.092+0000] {processor.py:208} INFO - Processing /opt/airflow/dags/crawl_search_page.py took 0.686 seconds
[2025-11-22T06:02:53.518+0000] {processor.py:186} INFO - Started process (PID=2389) to work on /opt/airflow/dags/crawl_search_page.py
[2025-11-22T06:02:53.519+0000] {processor.py:914} INFO - Processing file /opt/airflow/dags/crawl_search_page.py for tasks to queue
[2025-11-22T06:02:53.521+0000] {logging_mixin.py:190} INFO - [2025-11-22T06:02:53.521+0000] {dagbag.py:588} INFO - Filling up the DagBag from /opt/airflow/dags/crawl_search_page.py
[2025-11-22T06:02:54.096+0000] {processor.py:925} INFO - DAG(s) 'crawl_search_page' retrieved from /opt/airflow/dags/crawl_search_page.py
[2025-11-22T06:02:54.112+0000] {logging_mixin.py:190} INFO - [2025-11-22T06:02:54.111+0000] {dag.py:3239} INFO - Sync 1 DAGs
[2025-11-22T06:02:54.121+0000] {logging_mixin.py:190} INFO - [2025-11-22T06:02:54.121+0000] {dag.py:4180} INFO - Setting next_dagrun for crawl_search_page to None, run_after=None
[2025-11-22T06:02:54.152+0000] {processor.py:208} INFO - Processing /opt/airflow/dags/crawl_search_page.py took 0.639 seconds
[2025-11-22T06:03:24.414+0000] {processor.py:186} INFO - Started process (PID=2401) to work on /opt/airflow/dags/crawl_search_page.py
[2025-11-22T06:03:24.415+0000] {processor.py:914} INFO - Processing file /opt/airflow/dags/crawl_search_page.py for tasks to queue
[2025-11-22T06:03:24.418+0000] {logging_mixin.py:190} INFO - [2025-11-22T06:03:24.418+0000] {dagbag.py:588} INFO - Filling up the DagBag from /opt/airflow/dags/crawl_search_page.py
[2025-11-22T06:03:25.038+0000] {processor.py:925} INFO - DAG(s) 'crawl_search_page' retrieved from /opt/airflow/dags/crawl_search_page.py
[2025-11-22T06:03:25.056+0000] {logging_mixin.py:190} INFO - [2025-11-22T06:03:25.055+0000] {dag.py:3239} INFO - Sync 1 DAGs
[2025-11-22T06:03:25.067+0000] {logging_mixin.py:190} INFO - [2025-11-22T06:03:25.066+0000] {dag.py:4180} INFO - Setting next_dagrun for crawl_search_page to None, run_after=None
[2025-11-22T06:03:25.086+0000] {processor.py:208} INFO - Processing /opt/airflow/dags/crawl_search_page.py took 0.677 seconds
[2025-11-22T06:03:55.508+0000] {processor.py:186} INFO - Started process (PID=2413) to work on /opt/airflow/dags/crawl_search_page.py
[2025-11-22T06:03:55.509+0000] {processor.py:914} INFO - Processing file /opt/airflow/dags/crawl_search_page.py for tasks to queue
[2025-11-22T06:03:55.511+0000] {logging_mixin.py:190} INFO - [2025-11-22T06:03:55.511+0000] {dagbag.py:588} INFO - Filling up the DagBag from /opt/airflow/dags/crawl_search_page.py
[2025-11-22T06:03:56.054+0000] {processor.py:925} INFO - DAG(s) 'crawl_search_page' retrieved from /opt/airflow/dags/crawl_search_page.py
[2025-11-22T06:03:56.072+0000] {logging_mixin.py:190} INFO - [2025-11-22T06:03:56.072+0000] {dag.py:3239} INFO - Sync 1 DAGs
[2025-11-22T06:03:56.082+0000] {logging_mixin.py:190} INFO - [2025-11-22T06:03:56.082+0000] {dag.py:4180} INFO - Setting next_dagrun for crawl_search_page to None, run_after=None
[2025-11-22T06:03:56.098+0000] {processor.py:208} INFO - Processing /opt/airflow/dags/crawl_search_page.py took 0.596 seconds
[2025-11-22T06:04:26.324+0000] {processor.py:186} INFO - Started process (PID=2425) to work on /opt/airflow/dags/crawl_search_page.py
[2025-11-22T06:04:26.325+0000] {processor.py:914} INFO - Processing file /opt/airflow/dags/crawl_search_page.py for tasks to queue
[2025-11-22T06:04:26.327+0000] {logging_mixin.py:190} INFO - [2025-11-22T06:04:26.327+0000] {dagbag.py:588} INFO - Filling up the DagBag from /opt/airflow/dags/crawl_search_page.py
[2025-11-22T06:04:26.914+0000] {processor.py:925} INFO - DAG(s) 'crawl_search_page' retrieved from /opt/airflow/dags/crawl_search_page.py
[2025-11-22T06:04:26.931+0000] {logging_mixin.py:190} INFO - [2025-11-22T06:04:26.931+0000] {dag.py:3239} INFO - Sync 1 DAGs
[2025-11-22T06:04:26.942+0000] {logging_mixin.py:190} INFO - [2025-11-22T06:04:26.941+0000] {dag.py:4180} INFO - Setting next_dagrun for crawl_search_page to None, run_after=None
[2025-11-22T06:04:26.961+0000] {processor.py:208} INFO - Processing /opt/airflow/dags/crawl_search_page.py took 0.643 seconds
[2025-11-22T06:04:57.404+0000] {processor.py:186} INFO - Started process (PID=2437) to work on /opt/airflow/dags/crawl_search_page.py
[2025-11-22T06:04:57.405+0000] {processor.py:914} INFO - Processing file /opt/airflow/dags/crawl_search_page.py for tasks to queue
[2025-11-22T06:04:57.407+0000] {logging_mixin.py:190} INFO - [2025-11-22T06:04:57.407+0000] {dagbag.py:588} INFO - Filling up the DagBag from /opt/airflow/dags/crawl_search_page.py
[2025-11-22T06:04:57.970+0000] {processor.py:925} INFO - DAG(s) 'crawl_search_page' retrieved from /opt/airflow/dags/crawl_search_page.py
[2025-11-22T06:04:57.990+0000] {logging_mixin.py:190} INFO - [2025-11-22T06:04:57.990+0000] {dag.py:3239} INFO - Sync 1 DAGs
[2025-11-22T06:04:57.999+0000] {logging_mixin.py:190} INFO - [2025-11-22T06:04:57.999+0000] {dag.py:4180} INFO - Setting next_dagrun for crawl_search_page to None, run_after=None
[2025-11-22T06:04:58.018+0000] {processor.py:208} INFO - Processing /opt/airflow/dags/crawl_search_page.py took 0.619 seconds
[2025-11-22T06:05:28.206+0000] {processor.py:186} INFO - Started process (PID=2449) to work on /opt/airflow/dags/crawl_search_page.py
[2025-11-22T06:05:28.207+0000] {processor.py:914} INFO - Processing file /opt/airflow/dags/crawl_search_page.py for tasks to queue
[2025-11-22T06:05:28.209+0000] {logging_mixin.py:190} INFO - [2025-11-22T06:05:28.209+0000] {dagbag.py:588} INFO - Filling up the DagBag from /opt/airflow/dags/crawl_search_page.py
[2025-11-22T06:05:28.822+0000] {processor.py:925} INFO - DAG(s) 'crawl_search_page' retrieved from /opt/airflow/dags/crawl_search_page.py
[2025-11-22T06:05:28.843+0000] {logging_mixin.py:190} INFO - [2025-11-22T06:05:28.842+0000] {dag.py:3239} INFO - Sync 1 DAGs
[2025-11-22T06:05:28.853+0000] {logging_mixin.py:190} INFO - [2025-11-22T06:05:28.853+0000] {dag.py:4180} INFO - Setting next_dagrun for crawl_search_page to None, run_after=None
[2025-11-22T06:05:28.878+0000] {processor.py:208} INFO - Processing /opt/airflow/dags/crawl_search_page.py took 0.678 seconds
[2025-11-22T06:05:59.040+0000] {processor.py:186} INFO - Started process (PID=2461) to work on /opt/airflow/dags/crawl_search_page.py
[2025-11-22T06:05:59.045+0000] {processor.py:914} INFO - Processing file /opt/airflow/dags/crawl_search_page.py for tasks to queue
[2025-11-22T06:05:59.048+0000] {logging_mixin.py:190} INFO - [2025-11-22T06:05:59.048+0000] {dagbag.py:588} INFO - Filling up the DagBag from /opt/airflow/dags/crawl_search_page.py
[2025-11-22T06:05:59.615+0000] {processor.py:925} INFO - DAG(s) 'crawl_search_page' retrieved from /opt/airflow/dags/crawl_search_page.py
[2025-11-22T06:05:59.634+0000] {logging_mixin.py:190} INFO - [2025-11-22T06:05:59.634+0000] {dag.py:3239} INFO - Sync 1 DAGs
[2025-11-22T06:05:59.645+0000] {logging_mixin.py:190} INFO - [2025-11-22T06:05:59.645+0000] {dag.py:4180} INFO - Setting next_dagrun for crawl_search_page to None, run_after=None
[2025-11-22T06:05:59.662+0000] {processor.py:208} INFO - Processing /opt/airflow/dags/crawl_search_page.py took 0.630 seconds
[2025-11-22T06:06:30.066+0000] {processor.py:186} INFO - Started process (PID=2473) to work on /opt/airflow/dags/crawl_search_page.py
[2025-11-22T06:06:30.067+0000] {processor.py:914} INFO - Processing file /opt/airflow/dags/crawl_search_page.py for tasks to queue
[2025-11-22T06:06:30.070+0000] {logging_mixin.py:190} INFO - [2025-11-22T06:06:30.069+0000] {dagbag.py:588} INFO - Filling up the DagBag from /opt/airflow/dags/crawl_search_page.py
[2025-11-22T06:06:30.630+0000] {processor.py:925} INFO - DAG(s) 'crawl_search_page' retrieved from /opt/airflow/dags/crawl_search_page.py
[2025-11-22T06:06:30.649+0000] {logging_mixin.py:190} INFO - [2025-11-22T06:06:30.649+0000] {dag.py:3239} INFO - Sync 1 DAGs
[2025-11-22T06:06:30.660+0000] {logging_mixin.py:190} INFO - [2025-11-22T06:06:30.659+0000] {dag.py:4180} INFO - Setting next_dagrun for crawl_search_page to None, run_after=None
[2025-11-22T06:06:30.686+0000] {processor.py:208} INFO - Processing /opt/airflow/dags/crawl_search_page.py took 0.625 seconds
[2025-11-22T06:07:01.087+0000] {processor.py:186} INFO - Started process (PID=2485) to work on /opt/airflow/dags/crawl_search_page.py
[2025-11-22T06:07:01.088+0000] {processor.py:914} INFO - Processing file /opt/airflow/dags/crawl_search_page.py for tasks to queue
[2025-11-22T06:07:01.090+0000] {logging_mixin.py:190} INFO - [2025-11-22T06:07:01.090+0000] {dagbag.py:588} INFO - Filling up the DagBag from /opt/airflow/dags/crawl_search_page.py
[2025-11-22T06:07:01.667+0000] {processor.py:925} INFO - DAG(s) 'crawl_search_page' retrieved from /opt/airflow/dags/crawl_search_page.py
[2025-11-22T06:07:01.685+0000] {logging_mixin.py:190} INFO - [2025-11-22T06:07:01.685+0000] {dag.py:3239} INFO - Sync 1 DAGs
[2025-11-22T06:07:01.695+0000] {logging_mixin.py:190} INFO - [2025-11-22T06:07:01.695+0000] {dag.py:4180} INFO - Setting next_dagrun for crawl_search_page to None, run_after=None
[2025-11-22T06:07:01.714+0000] {processor.py:208} INFO - Processing /opt/airflow/dags/crawl_search_page.py took 0.632 seconds
[2025-11-22T06:07:32.179+0000] {processor.py:186} INFO - Started process (PID=2497) to work on /opt/airflow/dags/crawl_search_page.py
[2025-11-22T06:07:32.180+0000] {processor.py:914} INFO - Processing file /opt/airflow/dags/crawl_search_page.py for tasks to queue
[2025-11-22T06:07:32.182+0000] {logging_mixin.py:190} INFO - [2025-11-22T06:07:32.181+0000] {dagbag.py:588} INFO - Filling up the DagBag from /opt/airflow/dags/crawl_search_page.py
[2025-11-22T06:07:32.721+0000] {processor.py:925} INFO - DAG(s) 'crawl_search_page' retrieved from /opt/airflow/dags/crawl_search_page.py
[2025-11-22T06:07:32.738+0000] {logging_mixin.py:190} INFO - [2025-11-22T06:07:32.738+0000] {dag.py:3239} INFO - Sync 1 DAGs
[2025-11-22T06:07:32.748+0000] {logging_mixin.py:190} INFO - [2025-11-22T06:07:32.748+0000] {dag.py:4180} INFO - Setting next_dagrun for crawl_search_page to None, run_after=None
[2025-11-22T06:07:32.775+0000] {processor.py:208} INFO - Processing /opt/airflow/dags/crawl_search_page.py took 0.602 seconds
[2025-11-22T06:08:02.847+0000] {processor.py:186} INFO - Started process (PID=2509) to work on /opt/airflow/dags/crawl_search_page.py
[2025-11-22T06:08:02.848+0000] {processor.py:914} INFO - Processing file /opt/airflow/dags/crawl_search_page.py for tasks to queue
[2025-11-22T06:08:02.850+0000] {logging_mixin.py:190} INFO - [2025-11-22T06:08:02.850+0000] {dagbag.py:588} INFO - Filling up the DagBag from /opt/airflow/dags/crawl_search_page.py
[2025-11-22T06:08:03.449+0000] {processor.py:925} INFO - DAG(s) 'crawl_search_page' retrieved from /opt/airflow/dags/crawl_search_page.py
[2025-11-22T06:08:03.466+0000] {logging_mixin.py:190} INFO - [2025-11-22T06:08:03.466+0000] {dag.py:3239} INFO - Sync 1 DAGs
[2025-11-22T06:08:03.477+0000] {logging_mixin.py:190} INFO - [2025-11-22T06:08:03.476+0000] {dag.py:4180} INFO - Setting next_dagrun for crawl_search_page to None, run_after=None
[2025-11-22T06:08:03.494+0000] {processor.py:208} INFO - Processing /opt/airflow/dags/crawl_search_page.py took 0.653 seconds
[2025-11-22T06:08:33.553+0000] {processor.py:186} INFO - Started process (PID=2521) to work on /opt/airflow/dags/crawl_search_page.py
[2025-11-22T06:08:33.554+0000] {processor.py:914} INFO - Processing file /opt/airflow/dags/crawl_search_page.py for tasks to queue
[2025-11-22T06:08:33.556+0000] {logging_mixin.py:190} INFO - [2025-11-22T06:08:33.556+0000] {dagbag.py:588} INFO - Filling up the DagBag from /opt/airflow/dags/crawl_search_page.py
[2025-11-22T06:08:34.133+0000] {processor.py:925} INFO - DAG(s) 'crawl_search_page' retrieved from /opt/airflow/dags/crawl_search_page.py
[2025-11-22T06:08:34.151+0000] {logging_mixin.py:190} INFO - [2025-11-22T06:08:34.150+0000] {dag.py:3239} INFO - Sync 1 DAGs
[2025-11-22T06:08:34.160+0000] {logging_mixin.py:190} INFO - [2025-11-22T06:08:34.160+0000] {dag.py:4180} INFO - Setting next_dagrun for crawl_search_page to None, run_after=None
[2025-11-22T06:08:34.189+0000] {processor.py:208} INFO - Processing /opt/airflow/dags/crawl_search_page.py took 0.642 seconds
[2025-11-22T06:09:04.309+0000] {processor.py:186} INFO - Started process (PID=2533) to work on /opt/airflow/dags/crawl_search_page.py
[2025-11-22T06:09:04.310+0000] {processor.py:914} INFO - Processing file /opt/airflow/dags/crawl_search_page.py for tasks to queue
[2025-11-22T06:09:04.312+0000] {logging_mixin.py:190} INFO - [2025-11-22T06:09:04.312+0000] {dagbag.py:588} INFO - Filling up the DagBag from /opt/airflow/dags/crawl_search_page.py
[2025-11-22T06:09:04.874+0000] {processor.py:925} INFO - DAG(s) 'crawl_search_page' retrieved from /opt/airflow/dags/crawl_search_page.py
[2025-11-22T06:09:04.891+0000] {logging_mixin.py:190} INFO - [2025-11-22T06:09:04.890+0000] {dag.py:3239} INFO - Sync 1 DAGs
[2025-11-22T06:09:04.901+0000] {logging_mixin.py:190} INFO - [2025-11-22T06:09:04.901+0000] {dag.py:4180} INFO - Setting next_dagrun for crawl_search_page to None, run_after=None
[2025-11-22T06:09:04.919+0000] {processor.py:208} INFO - Processing /opt/airflow/dags/crawl_search_page.py took 0.616 seconds
[2025-11-22T06:09:34.998+0000] {processor.py:186} INFO - Started process (PID=2545) to work on /opt/airflow/dags/crawl_search_page.py
[2025-11-22T06:09:34.999+0000] {processor.py:914} INFO - Processing file /opt/airflow/dags/crawl_search_page.py for tasks to queue
[2025-11-22T06:09:35.001+0000] {logging_mixin.py:190} INFO - [2025-11-22T06:09:35.000+0000] {dagbag.py:588} INFO - Filling up the DagBag from /opt/airflow/dags/crawl_search_page.py
[2025-11-22T06:09:35.577+0000] {processor.py:925} INFO - DAG(s) 'crawl_search_page' retrieved from /opt/airflow/dags/crawl_search_page.py
[2025-11-22T06:09:35.596+0000] {logging_mixin.py:190} INFO - [2025-11-22T06:09:35.595+0000] {dag.py:3239} INFO - Sync 1 DAGs
[2025-11-22T06:09:35.606+0000] {logging_mixin.py:190} INFO - [2025-11-22T06:09:35.606+0000] {dag.py:4180} INFO - Setting next_dagrun for crawl_search_page to None, run_after=None
[2025-11-22T06:09:35.627+0000] {processor.py:208} INFO - Processing /opt/airflow/dags/crawl_search_page.py took 0.635 seconds
[2025-11-22T06:10:05.728+0000] {processor.py:186} INFO - Started process (PID=2557) to work on /opt/airflow/dags/crawl_search_page.py
[2025-11-22T06:10:05.729+0000] {processor.py:914} INFO - Processing file /opt/airflow/dags/crawl_search_page.py for tasks to queue
[2025-11-22T06:10:05.732+0000] {logging_mixin.py:190} INFO - [2025-11-22T06:10:05.732+0000] {dagbag.py:588} INFO - Filling up the DagBag from /opt/airflow/dags/crawl_search_page.py
[2025-11-22T06:10:06.352+0000] {processor.py:925} INFO - DAG(s) 'crawl_search_page' retrieved from /opt/airflow/dags/crawl_search_page.py
[2025-11-22T06:10:06.370+0000] {logging_mixin.py:190} INFO - [2025-11-22T06:10:06.370+0000] {dag.py:3239} INFO - Sync 1 DAGs
[2025-11-22T06:10:06.380+0000] {logging_mixin.py:190} INFO - [2025-11-22T06:10:06.380+0000] {dag.py:4180} INFO - Setting next_dagrun for crawl_search_page to None, run_after=None
[2025-11-22T06:10:06.408+0000] {processor.py:208} INFO - Processing /opt/airflow/dags/crawl_search_page.py took 0.685 seconds
[2025-11-22T06:10:37.032+0000] {processor.py:186} INFO - Started process (PID=2569) to work on /opt/airflow/dags/crawl_search_page.py
[2025-11-22T06:10:37.033+0000] {processor.py:914} INFO - Processing file /opt/airflow/dags/crawl_search_page.py for tasks to queue
[2025-11-22T06:10:37.035+0000] {logging_mixin.py:190} INFO - [2025-11-22T06:10:37.035+0000] {dagbag.py:588} INFO - Filling up the DagBag from /opt/airflow/dags/crawl_search_page.py
[2025-11-22T06:10:37.650+0000] {processor.py:925} INFO - DAG(s) 'crawl_search_page' retrieved from /opt/airflow/dags/crawl_search_page.py
[2025-11-22T06:10:37.668+0000] {logging_mixin.py:190} INFO - [2025-11-22T06:10:37.667+0000] {dag.py:3239} INFO - Sync 1 DAGs
[2025-11-22T06:10:37.679+0000] {logging_mixin.py:190} INFO - [2025-11-22T06:10:37.679+0000] {dag.py:4180} INFO - Setting next_dagrun for crawl_search_page to None, run_after=None
[2025-11-22T06:10:37.712+0000] {processor.py:208} INFO - Processing /opt/airflow/dags/crawl_search_page.py took 0.686 seconds
[2025-11-22T06:11:07.783+0000] {processor.py:186} INFO - Started process (PID=2581) to work on /opt/airflow/dags/crawl_search_page.py
[2025-11-22T06:11:07.784+0000] {processor.py:914} INFO - Processing file /opt/airflow/dags/crawl_search_page.py for tasks to queue
[2025-11-22T06:11:07.786+0000] {logging_mixin.py:190} INFO - [2025-11-22T06:11:07.786+0000] {dagbag.py:588} INFO - Filling up the DagBag from /opt/airflow/dags/crawl_search_page.py
[2025-11-22T06:11:08.346+0000] {processor.py:925} INFO - DAG(s) 'crawl_search_page' retrieved from /opt/airflow/dags/crawl_search_page.py
[2025-11-22T06:11:08.364+0000] {logging_mixin.py:190} INFO - [2025-11-22T06:11:08.364+0000] {dag.py:3239} INFO - Sync 1 DAGs
[2025-11-22T06:11:08.374+0000] {logging_mixin.py:190} INFO - [2025-11-22T06:11:08.374+0000] {dag.py:4180} INFO - Setting next_dagrun for crawl_search_page to None, run_after=None
[2025-11-22T06:11:08.396+0000] {processor.py:208} INFO - Processing /opt/airflow/dags/crawl_search_page.py took 0.619 seconds
[2025-11-22T06:11:38.806+0000] {processor.py:186} INFO - Started process (PID=2593) to work on /opt/airflow/dags/crawl_search_page.py
[2025-11-22T06:11:38.808+0000] {processor.py:914} INFO - Processing file /opt/airflow/dags/crawl_search_page.py for tasks to queue
[2025-11-22T06:11:38.811+0000] {logging_mixin.py:190} INFO - [2025-11-22T06:11:38.810+0000] {dagbag.py:588} INFO - Filling up the DagBag from /opt/airflow/dags/crawl_search_page.py
[2025-11-22T06:11:39.451+0000] {processor.py:925} INFO - DAG(s) 'crawl_search_page' retrieved from /opt/airflow/dags/crawl_search_page.py
[2025-11-22T06:11:39.469+0000] {logging_mixin.py:190} INFO - [2025-11-22T06:11:39.469+0000] {dag.py:3239} INFO - Sync 1 DAGs
[2025-11-22T06:11:39.479+0000] {logging_mixin.py:190} INFO - [2025-11-22T06:11:39.479+0000] {dag.py:4180} INFO - Setting next_dagrun for crawl_search_page to None, run_after=None
[2025-11-22T06:11:39.497+0000] {processor.py:208} INFO - Processing /opt/airflow/dags/crawl_search_page.py took 0.699 seconds
[2025-11-22T06:12:09.811+0000] {processor.py:186} INFO - Started process (PID=2605) to work on /opt/airflow/dags/crawl_search_page.py
[2025-11-22T06:12:09.812+0000] {processor.py:914} INFO - Processing file /opt/airflow/dags/crawl_search_page.py for tasks to queue
[2025-11-22T06:12:09.814+0000] {logging_mixin.py:190} INFO - [2025-11-22T06:12:09.813+0000] {dagbag.py:588} INFO - Filling up the DagBag from /opt/airflow/dags/crawl_search_page.py
[2025-11-22T06:12:10.370+0000] {processor.py:925} INFO - DAG(s) 'crawl_search_page' retrieved from /opt/airflow/dags/crawl_search_page.py
[2025-11-22T06:12:10.388+0000] {logging_mixin.py:190} INFO - [2025-11-22T06:12:10.388+0000] {dag.py:3239} INFO - Sync 1 DAGs
[2025-11-22T06:12:10.399+0000] {logging_mixin.py:190} INFO - [2025-11-22T06:12:10.399+0000] {dag.py:4180} INFO - Setting next_dagrun for crawl_search_page to None, run_after=None
[2025-11-22T06:12:10.428+0000] {processor.py:208} INFO - Processing /opt/airflow/dags/crawl_search_page.py took 0.623 seconds
[2025-11-22T06:12:40.821+0000] {processor.py:186} INFO - Started process (PID=2617) to work on /opt/airflow/dags/crawl_search_page.py
[2025-11-22T06:12:40.822+0000] {processor.py:914} INFO - Processing file /opt/airflow/dags/crawl_search_page.py for tasks to queue
[2025-11-22T06:12:40.824+0000] {logging_mixin.py:190} INFO - [2025-11-22T06:12:40.824+0000] {dagbag.py:588} INFO - Filling up the DagBag from /opt/airflow/dags/crawl_search_page.py
[2025-11-22T06:12:41.408+0000] {processor.py:925} INFO - DAG(s) 'crawl_search_page' retrieved from /opt/airflow/dags/crawl_search_page.py
[2025-11-22T06:12:41.429+0000] {logging_mixin.py:190} INFO - [2025-11-22T06:12:41.428+0000] {dag.py:3239} INFO - Sync 1 DAGs
[2025-11-22T06:12:41.442+0000] {logging_mixin.py:190} INFO - [2025-11-22T06:12:41.442+0000] {dag.py:4180} INFO - Setting next_dagrun for crawl_search_page to None, run_after=None
[2025-11-22T06:12:41.468+0000] {processor.py:208} INFO - Processing /opt/airflow/dags/crawl_search_page.py took 0.653 seconds
[2025-11-22T06:13:11.668+0000] {processor.py:186} INFO - Started process (PID=2629) to work on /opt/airflow/dags/crawl_search_page.py
[2025-11-22T06:13:11.669+0000] {processor.py:914} INFO - Processing file /opt/airflow/dags/crawl_search_page.py for tasks to queue
[2025-11-22T06:13:11.672+0000] {logging_mixin.py:190} INFO - [2025-11-22T06:13:11.672+0000] {dagbag.py:588} INFO - Filling up the DagBag from /opt/airflow/dags/crawl_search_page.py
[2025-11-22T06:13:12.280+0000] {processor.py:925} INFO - DAG(s) 'crawl_search_page' retrieved from /opt/airflow/dags/crawl_search_page.py
[2025-11-22T06:13:12.298+0000] {logging_mixin.py:190} INFO - [2025-11-22T06:13:12.298+0000] {dag.py:3239} INFO - Sync 1 DAGs
[2025-11-22T06:13:12.308+0000] {logging_mixin.py:190} INFO - [2025-11-22T06:13:12.308+0000] {dag.py:4180} INFO - Setting next_dagrun for crawl_search_page to None, run_after=None
[2025-11-22T06:13:12.335+0000] {processor.py:208} INFO - Processing /opt/airflow/dags/crawl_search_page.py took 0.672 seconds
[2025-11-22T06:13:42.756+0000] {processor.py:186} INFO - Started process (PID=2641) to work on /opt/airflow/dags/crawl_search_page.py
[2025-11-22T06:13:42.757+0000] {processor.py:914} INFO - Processing file /opt/airflow/dags/crawl_search_page.py for tasks to queue
[2025-11-22T06:13:42.759+0000] {logging_mixin.py:190} INFO - [2025-11-22T06:13:42.759+0000] {dagbag.py:588} INFO - Filling up the DagBag from /opt/airflow/dags/crawl_search_page.py
[2025-11-22T06:13:43.327+0000] {processor.py:925} INFO - DAG(s) 'crawl_search_page' retrieved from /opt/airflow/dags/crawl_search_page.py
[2025-11-22T06:13:43.344+0000] {logging_mixin.py:190} INFO - [2025-11-22T06:13:43.344+0000] {dag.py:3239} INFO - Sync 1 DAGs
[2025-11-22T06:13:43.355+0000] {logging_mixin.py:190} INFO - [2025-11-22T06:13:43.355+0000] {dag.py:4180} INFO - Setting next_dagrun for crawl_search_page to None, run_after=None
[2025-11-22T06:13:43.372+0000] {processor.py:208} INFO - Processing /opt/airflow/dags/crawl_search_page.py took 0.622 seconds
[2025-11-22T06:14:13.660+0000] {processor.py:186} INFO - Started process (PID=2653) to work on /opt/airflow/dags/crawl_search_page.py
[2025-11-22T06:14:13.662+0000] {processor.py:914} INFO - Processing file /opt/airflow/dags/crawl_search_page.py for tasks to queue
[2025-11-22T06:14:13.665+0000] {logging_mixin.py:190} INFO - [2025-11-22T06:14:13.664+0000] {dagbag.py:588} INFO - Filling up the DagBag from /opt/airflow/dags/crawl_search_page.py
[2025-11-22T06:14:14.231+0000] {processor.py:925} INFO - DAG(s) 'crawl_search_page' retrieved from /opt/airflow/dags/crawl_search_page.py
[2025-11-22T06:14:14.249+0000] {logging_mixin.py:190} INFO - [2025-11-22T06:14:14.248+0000] {dag.py:3239} INFO - Sync 1 DAGs
[2025-11-22T06:14:14.259+0000] {logging_mixin.py:190} INFO - [2025-11-22T06:14:14.258+0000] {dag.py:4180} INFO - Setting next_dagrun for crawl_search_page to None, run_after=None
[2025-11-22T06:14:14.283+0000] {processor.py:208} INFO - Processing /opt/airflow/dags/crawl_search_page.py took 0.629 seconds
[2025-11-22T06:14:44.722+0000] {processor.py:186} INFO - Started process (PID=2665) to work on /opt/airflow/dags/crawl_search_page.py
[2025-11-22T06:14:44.723+0000] {processor.py:914} INFO - Processing file /opt/airflow/dags/crawl_search_page.py for tasks to queue
[2025-11-22T06:14:44.725+0000] {logging_mixin.py:190} INFO - [2025-11-22T06:14:44.725+0000] {dagbag.py:588} INFO - Filling up the DagBag from /opt/airflow/dags/crawl_search_page.py
[2025-11-22T06:14:45.315+0000] {processor.py:925} INFO - DAG(s) 'crawl_search_page' retrieved from /opt/airflow/dags/crawl_search_page.py
[2025-11-22T06:14:45.332+0000] {logging_mixin.py:190} INFO - [2025-11-22T06:14:45.332+0000] {dag.py:3239} INFO - Sync 1 DAGs
[2025-11-22T06:14:45.343+0000] {logging_mixin.py:190} INFO - [2025-11-22T06:14:45.342+0000] {dag.py:4180} INFO - Setting next_dagrun for crawl_search_page to None, run_after=None
[2025-11-22T06:14:45.369+0000] {processor.py:208} INFO - Processing /opt/airflow/dags/crawl_search_page.py took 0.653 seconds
[2025-11-22T06:15:15.536+0000] {processor.py:186} INFO - Started process (PID=2677) to work on /opt/airflow/dags/crawl_search_page.py
[2025-11-22T06:15:15.537+0000] {processor.py:914} INFO - Processing file /opt/airflow/dags/crawl_search_page.py for tasks to queue
[2025-11-22T06:15:15.539+0000] {logging_mixin.py:190} INFO - [2025-11-22T06:15:15.538+0000] {dagbag.py:588} INFO - Filling up the DagBag from /opt/airflow/dags/crawl_search_page.py
[2025-11-22T06:15:16.125+0000] {processor.py:925} INFO - DAG(s) 'crawl_search_page' retrieved from /opt/airflow/dags/crawl_search_page.py
[2025-11-22T06:15:16.143+0000] {logging_mixin.py:190} INFO - [2025-11-22T06:15:16.143+0000] {dag.py:3239} INFO - Sync 1 DAGs
[2025-11-22T06:15:16.153+0000] {logging_mixin.py:190} INFO - [2025-11-22T06:15:16.153+0000] {dag.py:4180} INFO - Setting next_dagrun for crawl_search_page to None, run_after=None
[2025-11-22T06:15:16.179+0000] {processor.py:208} INFO - Processing /opt/airflow/dags/crawl_search_page.py took 0.649 seconds
[2025-11-22T06:15:46.407+0000] {processor.py:186} INFO - Started process (PID=2689) to work on /opt/airflow/dags/crawl_search_page.py
[2025-11-22T06:15:46.407+0000] {processor.py:914} INFO - Processing file /opt/airflow/dags/crawl_search_page.py for tasks to queue
[2025-11-22T06:15:46.409+0000] {logging_mixin.py:190} INFO - [2025-11-22T06:15:46.409+0000] {dagbag.py:588} INFO - Filling up the DagBag from /opt/airflow/dags/crawl_search_page.py
[2025-11-22T06:15:46.985+0000] {processor.py:925} INFO - DAG(s) 'crawl_search_page' retrieved from /opt/airflow/dags/crawl_search_page.py
[2025-11-22T06:15:47.002+0000] {logging_mixin.py:190} INFO - [2025-11-22T06:15:47.002+0000] {dag.py:3239} INFO - Sync 1 DAGs
[2025-11-22T06:15:47.012+0000] {logging_mixin.py:190} INFO - [2025-11-22T06:15:47.012+0000] {dag.py:4180} INFO - Setting next_dagrun for crawl_search_page to None, run_after=None
[2025-11-22T06:15:47.031+0000] {processor.py:208} INFO - Processing /opt/airflow/dags/crawl_search_page.py took 0.631 seconds
[2025-11-22T06:16:17.464+0000] {processor.py:186} INFO - Started process (PID=2701) to work on /opt/airflow/dags/crawl_search_page.py
[2025-11-22T06:16:17.465+0000] {processor.py:914} INFO - Processing file /opt/airflow/dags/crawl_search_page.py for tasks to queue
[2025-11-22T06:16:17.468+0000] {logging_mixin.py:190} INFO - [2025-11-22T06:16:17.468+0000] {dagbag.py:588} INFO - Filling up the DagBag from /opt/airflow/dags/crawl_search_page.py
[2025-11-22T06:16:18.094+0000] {processor.py:925} INFO - DAG(s) 'crawl_search_page' retrieved from /opt/airflow/dags/crawl_search_page.py
[2025-11-22T06:16:18.111+0000] {logging_mixin.py:190} INFO - [2025-11-22T06:16:18.111+0000] {dag.py:3239} INFO - Sync 1 DAGs
[2025-11-22T06:16:18.121+0000] {logging_mixin.py:190} INFO - [2025-11-22T06:16:18.120+0000] {dag.py:4180} INFO - Setting next_dagrun for crawl_search_page to None, run_after=None
[2025-11-22T06:16:18.147+0000] {processor.py:208} INFO - Processing /opt/airflow/dags/crawl_search_page.py took 0.689 seconds
[2025-11-22T06:16:48.354+0000] {processor.py:186} INFO - Started process (PID=2713) to work on /opt/airflow/dags/crawl_search_page.py
[2025-11-22T06:16:48.355+0000] {processor.py:914} INFO - Processing file /opt/airflow/dags/crawl_search_page.py for tasks to queue
[2025-11-22T06:16:48.357+0000] {logging_mixin.py:190} INFO - [2025-11-22T06:16:48.357+0000] {dagbag.py:588} INFO - Filling up the DagBag from /opt/airflow/dags/crawl_search_page.py
[2025-11-22T06:16:48.926+0000] {processor.py:925} INFO - DAG(s) 'crawl_search_page' retrieved from /opt/airflow/dags/crawl_search_page.py
[2025-11-22T06:16:48.943+0000] {logging_mixin.py:190} INFO - [2025-11-22T06:16:48.943+0000] {dag.py:3239} INFO - Sync 1 DAGs
[2025-11-22T06:16:48.953+0000] {logging_mixin.py:190} INFO - [2025-11-22T06:16:48.952+0000] {dag.py:4180} INFO - Setting next_dagrun for crawl_search_page to None, run_after=None
[2025-11-22T06:16:48.977+0000] {processor.py:208} INFO - Processing /opt/airflow/dags/crawl_search_page.py took 0.629 seconds
[2025-11-22T06:17:19.384+0000] {processor.py:186} INFO - Started process (PID=2731) to work on /opt/airflow/dags/crawl_search_page.py
[2025-11-22T06:17:19.385+0000] {processor.py:914} INFO - Processing file /opt/airflow/dags/crawl_search_page.py for tasks to queue
[2025-11-22T06:17:19.388+0000] {logging_mixin.py:190} INFO - [2025-11-22T06:17:19.388+0000] {dagbag.py:588} INFO - Filling up the DagBag from /opt/airflow/dags/crawl_search_page.py
[2025-11-22T06:17:19.953+0000] {processor.py:925} INFO - DAG(s) 'crawl_search_page' retrieved from /opt/airflow/dags/crawl_search_page.py
[2025-11-22T06:17:19.971+0000] {logging_mixin.py:190} INFO - [2025-11-22T06:17:19.970+0000] {dag.py:3239} INFO - Sync 1 DAGs
[2025-11-22T06:17:19.981+0000] {logging_mixin.py:190} INFO - [2025-11-22T06:17:19.980+0000] {dag.py:4180} INFO - Setting next_dagrun for crawl_search_page to None, run_after=None
[2025-11-22T06:17:20.008+0000] {processor.py:208} INFO - Processing /opt/airflow/dags/crawl_search_page.py took 0.629 seconds
[2025-11-22T06:17:50.341+0000] {processor.py:186} INFO - Started process (PID=2743) to work on /opt/airflow/dags/crawl_search_page.py
[2025-11-22T06:17:50.343+0000] {processor.py:914} INFO - Processing file /opt/airflow/dags/crawl_search_page.py for tasks to queue
[2025-11-22T06:17:50.345+0000] {logging_mixin.py:190} INFO - [2025-11-22T06:17:50.345+0000] {dagbag.py:588} INFO - Filling up the DagBag from /opt/airflow/dags/crawl_search_page.py
[2025-11-22T06:17:50.922+0000] {processor.py:925} INFO - DAG(s) 'crawl_search_page' retrieved from /opt/airflow/dags/crawl_search_page.py
[2025-11-22T06:17:50.940+0000] {logging_mixin.py:190} INFO - [2025-11-22T06:17:50.940+0000] {dag.py:3239} INFO - Sync 1 DAGs
[2025-11-22T06:17:50.952+0000] {logging_mixin.py:190} INFO - [2025-11-22T06:17:50.951+0000] {dag.py:4180} INFO - Setting next_dagrun for crawl_search_page to None, run_after=None
[2025-11-22T06:17:50.978+0000] {processor.py:208} INFO - Processing /opt/airflow/dags/crawl_search_page.py took 0.642 seconds
[2025-11-22T06:18:21.393+0000] {processor.py:186} INFO - Started process (PID=2755) to work on /opt/airflow/dags/crawl_search_page.py
[2025-11-22T06:18:21.394+0000] {processor.py:914} INFO - Processing file /opt/airflow/dags/crawl_search_page.py for tasks to queue
[2025-11-22T06:18:21.396+0000] {logging_mixin.py:190} INFO - [2025-11-22T06:18:21.396+0000] {dagbag.py:588} INFO - Filling up the DagBag from /opt/airflow/dags/crawl_search_page.py
[2025-11-22T06:18:22.000+0000] {processor.py:925} INFO - DAG(s) 'crawl_search_page' retrieved from /opt/airflow/dags/crawl_search_page.py
[2025-11-22T06:18:22.017+0000] {logging_mixin.py:190} INFO - [2025-11-22T06:18:22.017+0000] {dag.py:3239} INFO - Sync 1 DAGs
[2025-11-22T06:18:22.027+0000] {logging_mixin.py:190} INFO - [2025-11-22T06:18:22.026+0000] {dag.py:4180} INFO - Setting next_dagrun for crawl_search_page to None, run_after=None
[2025-11-22T06:18:22.044+0000] {processor.py:208} INFO - Processing /opt/airflow/dags/crawl_search_page.py took 0.657 seconds
[2025-11-22T06:18:52.190+0000] {processor.py:186} INFO - Started process (PID=2767) to work on /opt/airflow/dags/crawl_search_page.py
[2025-11-22T06:18:52.191+0000] {processor.py:914} INFO - Processing file /opt/airflow/dags/crawl_search_page.py for tasks to queue
[2025-11-22T06:18:52.193+0000] {logging_mixin.py:190} INFO - [2025-11-22T06:18:52.193+0000] {dagbag.py:588} INFO - Filling up the DagBag from /opt/airflow/dags/crawl_search_page.py
[2025-11-22T06:18:52.740+0000] {processor.py:925} INFO - DAG(s) 'crawl_search_page' retrieved from /opt/airflow/dags/crawl_search_page.py
[2025-11-22T06:18:52.757+0000] {logging_mixin.py:190} INFO - [2025-11-22T06:18:52.757+0000] {dag.py:3239} INFO - Sync 1 DAGs
[2025-11-22T06:18:52.768+0000] {logging_mixin.py:190} INFO - [2025-11-22T06:18:52.768+0000] {dag.py:4180} INFO - Setting next_dagrun for crawl_search_page to None, run_after=None
[2025-11-22T06:18:52.786+0000] {processor.py:208} INFO - Processing /opt/airflow/dags/crawl_search_page.py took 0.602 seconds
[2025-11-22T06:19:23.238+0000] {processor.py:186} INFO - Started process (PID=2779) to work on /opt/airflow/dags/crawl_search_page.py
[2025-11-22T06:19:23.240+0000] {processor.py:914} INFO - Processing file /opt/airflow/dags/crawl_search_page.py for tasks to queue
[2025-11-22T06:19:23.243+0000] {logging_mixin.py:190} INFO - [2025-11-22T06:19:23.242+0000] {dagbag.py:588} INFO - Filling up the DagBag from /opt/airflow/dags/crawl_search_page.py
[2025-11-22T06:19:23.799+0000] {processor.py:925} INFO - DAG(s) 'crawl_search_page' retrieved from /opt/airflow/dags/crawl_search_page.py
[2025-11-22T06:19:23.817+0000] {logging_mixin.py:190} INFO - [2025-11-22T06:19:23.816+0000] {dag.py:3239} INFO - Sync 1 DAGs
[2025-11-22T06:19:23.826+0000] {logging_mixin.py:190} INFO - [2025-11-22T06:19:23.826+0000] {dag.py:4180} INFO - Setting next_dagrun for crawl_search_page to None, run_after=None
[2025-11-22T06:19:23.845+0000] {processor.py:208} INFO - Processing /opt/airflow/dags/crawl_search_page.py took 0.615 seconds
[2025-11-22T06:19:54.213+0000] {processor.py:186} INFO - Started process (PID=2791) to work on /opt/airflow/dags/crawl_search_page.py
[2025-11-22T06:19:54.214+0000] {processor.py:914} INFO - Processing file /opt/airflow/dags/crawl_search_page.py for tasks to queue
[2025-11-22T06:19:54.216+0000] {logging_mixin.py:190} INFO - [2025-11-22T06:19:54.215+0000] {dagbag.py:588} INFO - Filling up the DagBag from /opt/airflow/dags/crawl_search_page.py
[2025-11-22T06:19:54.795+0000] {processor.py:925} INFO - DAG(s) 'crawl_search_page' retrieved from /opt/airflow/dags/crawl_search_page.py
[2025-11-22T06:19:54.812+0000] {logging_mixin.py:190} INFO - [2025-11-22T06:19:54.812+0000] {dag.py:3239} INFO - Sync 1 DAGs
[2025-11-22T06:19:54.822+0000] {logging_mixin.py:190} INFO - [2025-11-22T06:19:54.821+0000] {dag.py:4180} INFO - Setting next_dagrun for crawl_search_page to None, run_after=None
[2025-11-22T06:19:54.841+0000] {processor.py:208} INFO - Processing /opt/airflow/dags/crawl_search_page.py took 0.634 seconds
[2025-11-22T06:20:25.471+0000] {processor.py:186} INFO - Started process (PID=2803) to work on /opt/airflow/dags/crawl_search_page.py
[2025-11-22T06:20:25.473+0000] {processor.py:914} INFO - Processing file /opt/airflow/dags/crawl_search_page.py for tasks to queue
[2025-11-22T06:20:25.477+0000] {logging_mixin.py:190} INFO - [2025-11-22T06:20:25.476+0000] {dagbag.py:588} INFO - Filling up the DagBag from /opt/airflow/dags/crawl_search_page.py
[2025-11-22T06:20:26.081+0000] {processor.py:925} INFO - DAG(s) 'crawl_search_page' retrieved from /opt/airflow/dags/crawl_search_page.py
[2025-11-22T06:20:26.097+0000] {logging_mixin.py:190} INFO - [2025-11-22T06:20:26.097+0000] {dag.py:3239} INFO - Sync 1 DAGs
[2025-11-22T06:20:26.108+0000] {logging_mixin.py:190} INFO - [2025-11-22T06:20:26.108+0000] {dag.py:4180} INFO - Setting next_dagrun for crawl_search_page to None, run_after=None
[2025-11-22T06:20:26.130+0000] {processor.py:208} INFO - Processing /opt/airflow/dags/crawl_search_page.py took 0.666 seconds
[2025-11-22T06:20:56.540+0000] {processor.py:186} INFO - Started process (PID=2815) to work on /opt/airflow/dags/crawl_search_page.py
[2025-11-22T06:20:56.541+0000] {processor.py:914} INFO - Processing file /opt/airflow/dags/crawl_search_page.py for tasks to queue
[2025-11-22T06:20:56.543+0000] {logging_mixin.py:190} INFO - [2025-11-22T06:20:56.543+0000] {dagbag.py:588} INFO - Filling up the DagBag from /opt/airflow/dags/crawl_search_page.py
[2025-11-22T06:20:57.135+0000] {processor.py:925} INFO - DAG(s) 'crawl_search_page' retrieved from /opt/airflow/dags/crawl_search_page.py
[2025-11-22T06:20:57.153+0000] {logging_mixin.py:190} INFO - [2025-11-22T06:20:57.152+0000] {dag.py:3239} INFO - Sync 1 DAGs
[2025-11-22T06:20:57.163+0000] {logging_mixin.py:190} INFO - [2025-11-22T06:20:57.162+0000] {dag.py:4180} INFO - Setting next_dagrun for crawl_search_page to None, run_after=None
[2025-11-22T06:20:57.189+0000] {processor.py:208} INFO - Processing /opt/airflow/dags/crawl_search_page.py took 0.655 seconds
[2025-11-22T06:21:27.391+0000] {processor.py:186} INFO - Started process (PID=2827) to work on /opt/airflow/dags/crawl_search_page.py
[2025-11-22T06:21:27.392+0000] {processor.py:914} INFO - Processing file /opt/airflow/dags/crawl_search_page.py for tasks to queue
[2025-11-22T06:21:27.394+0000] {logging_mixin.py:190} INFO - [2025-11-22T06:21:27.394+0000] {dagbag.py:588} INFO - Filling up the DagBag from /opt/airflow/dags/crawl_search_page.py
[2025-11-22T06:21:27.968+0000] {processor.py:925} INFO - DAG(s) 'crawl_search_page' retrieved from /opt/airflow/dags/crawl_search_page.py
[2025-11-22T06:21:27.986+0000] {logging_mixin.py:190} INFO - [2025-11-22T06:21:27.986+0000] {dag.py:3239} INFO - Sync 1 DAGs
[2025-11-22T06:21:27.996+0000] {logging_mixin.py:190} INFO - [2025-11-22T06:21:27.996+0000] {dag.py:4180} INFO - Setting next_dagrun for crawl_search_page to None, run_after=None
[2025-11-22T06:21:28.023+0000] {processor.py:208} INFO - Processing /opt/airflow/dags/crawl_search_page.py took 0.638 seconds
[2025-11-22T06:21:58.461+0000] {processor.py:186} INFO - Started process (PID=2839) to work on /opt/airflow/dags/crawl_search_page.py
[2025-11-22T06:21:58.462+0000] {processor.py:914} INFO - Processing file /opt/airflow/dags/crawl_search_page.py for tasks to queue
[2025-11-22T06:21:58.465+0000] {logging_mixin.py:190} INFO - [2025-11-22T06:21:58.464+0000] {dagbag.py:588} INFO - Filling up the DagBag from /opt/airflow/dags/crawl_search_page.py
[2025-11-22T06:21:59.040+0000] {processor.py:925} INFO - DAG(s) 'crawl_search_page' retrieved from /opt/airflow/dags/crawl_search_page.py
[2025-11-22T06:21:59.057+0000] {logging_mixin.py:190} INFO - [2025-11-22T06:21:59.057+0000] {dag.py:3239} INFO - Sync 1 DAGs
[2025-11-22T06:21:59.067+0000] {logging_mixin.py:190} INFO - [2025-11-22T06:21:59.067+0000] {dag.py:4180} INFO - Setting next_dagrun for crawl_search_page to None, run_after=None
[2025-11-22T06:21:59.094+0000] {processor.py:208} INFO - Processing /opt/airflow/dags/crawl_search_page.py took 0.640 seconds
[2025-11-22T06:22:29.370+0000] {processor.py:186} INFO - Started process (PID=2851) to work on /opt/airflow/dags/crawl_search_page.py
[2025-11-22T06:22:29.372+0000] {processor.py:914} INFO - Processing file /opt/airflow/dags/crawl_search_page.py for tasks to queue
[2025-11-22T06:22:29.375+0000] {logging_mixin.py:190} INFO - [2025-11-22T06:22:29.375+0000] {dagbag.py:588} INFO - Filling up the DagBag from /opt/airflow/dags/crawl_search_page.py
[2025-11-22T06:22:30.028+0000] {processor.py:925} INFO - DAG(s) 'crawl_search_page' retrieved from /opt/airflow/dags/crawl_search_page.py
[2025-11-22T06:22:30.046+0000] {logging_mixin.py:190} INFO - [2025-11-22T06:22:30.045+0000] {dag.py:3239} INFO - Sync 1 DAGs
[2025-11-22T06:22:30.056+0000] {logging_mixin.py:190} INFO - [2025-11-22T06:22:30.055+0000] {dag.py:4180} INFO - Setting next_dagrun for crawl_search_page to None, run_after=None
[2025-11-22T06:22:30.075+0000] {processor.py:208} INFO - Processing /opt/airflow/dags/crawl_search_page.py took 0.715 seconds
[2025-11-22T06:23:00.522+0000] {processor.py:186} INFO - Started process (PID=2863) to work on /opt/airflow/dags/crawl_search_page.py
[2025-11-22T06:23:00.523+0000] {processor.py:914} INFO - Processing file /opt/airflow/dags/crawl_search_page.py for tasks to queue
[2025-11-22T06:23:00.525+0000] {logging_mixin.py:190} INFO - [2025-11-22T06:23:00.525+0000] {dagbag.py:588} INFO - Filling up the DagBag from /opt/airflow/dags/crawl_search_page.py
[2025-11-22T06:23:01.112+0000] {processor.py:925} INFO - DAG(s) 'crawl_search_page' retrieved from /opt/airflow/dags/crawl_search_page.py
[2025-11-22T06:23:01.128+0000] {logging_mixin.py:190} INFO - [2025-11-22T06:23:01.128+0000] {dag.py:3239} INFO - Sync 1 DAGs
[2025-11-22T06:23:01.138+0000] {logging_mixin.py:190} INFO - [2025-11-22T06:23:01.137+0000] {dag.py:4180} INFO - Setting next_dagrun for crawl_search_page to None, run_after=None
[2025-11-22T06:23:01.157+0000] {processor.py:208} INFO - Processing /opt/airflow/dags/crawl_search_page.py took 0.641 seconds
[2025-11-22T06:23:31.214+0000] {processor.py:186} INFO - Started process (PID=2875) to work on /opt/airflow/dags/crawl_search_page.py
[2025-11-22T06:23:31.215+0000] {processor.py:914} INFO - Processing file /opt/airflow/dags/crawl_search_page.py for tasks to queue
[2025-11-22T06:23:31.217+0000] {logging_mixin.py:190} INFO - [2025-11-22T06:23:31.217+0000] {dagbag.py:588} INFO - Filling up the DagBag from /opt/airflow/dags/crawl_search_page.py
[2025-11-22T06:23:31.805+0000] {processor.py:925} INFO - DAG(s) 'crawl_search_page' retrieved from /opt/airflow/dags/crawl_search_page.py
[2025-11-22T06:23:31.822+0000] {logging_mixin.py:190} INFO - [2025-11-22T06:23:31.822+0000] {dag.py:3239} INFO - Sync 1 DAGs
[2025-11-22T06:23:31.833+0000] {logging_mixin.py:190} INFO - [2025-11-22T06:23:31.833+0000] {dag.py:4180} INFO - Setting next_dagrun for crawl_search_page to None, run_after=None
[2025-11-22T06:23:31.864+0000] {processor.py:208} INFO - Processing /opt/airflow/dags/crawl_search_page.py took 0.656 seconds
[2025-11-22T06:24:01.958+0000] {processor.py:186} INFO - Started process (PID=2887) to work on /opt/airflow/dags/crawl_search_page.py
[2025-11-22T06:24:01.959+0000] {processor.py:914} INFO - Processing file /opt/airflow/dags/crawl_search_page.py for tasks to queue
[2025-11-22T06:24:01.961+0000] {logging_mixin.py:190} INFO - [2025-11-22T06:24:01.961+0000] {dagbag.py:588} INFO - Filling up the DagBag from /opt/airflow/dags/crawl_search_page.py
[2025-11-22T06:24:02.566+0000] {processor.py:925} INFO - DAG(s) 'crawl_search_page' retrieved from /opt/airflow/dags/crawl_search_page.py
[2025-11-22T06:24:02.584+0000] {logging_mixin.py:190} INFO - [2025-11-22T06:24:02.584+0000] {dag.py:3239} INFO - Sync 1 DAGs
[2025-11-22T06:24:02.600+0000] {logging_mixin.py:190} INFO - [2025-11-22T06:24:02.600+0000] {dag.py:4180} INFO - Setting next_dagrun for crawl_search_page to None, run_after=None
[2025-11-22T06:24:02.620+0000] {processor.py:208} INFO - Processing /opt/airflow/dags/crawl_search_page.py took 0.667 seconds
[2025-11-22T06:24:33.065+0000] {processor.py:186} INFO - Started process (PID=2900) to work on /opt/airflow/dags/crawl_search_page.py
[2025-11-22T06:24:33.066+0000] {processor.py:914} INFO - Processing file /opt/airflow/dags/crawl_search_page.py for tasks to queue
[2025-11-22T06:24:33.069+0000] {logging_mixin.py:190} INFO - [2025-11-22T06:24:33.069+0000] {dagbag.py:588} INFO - Filling up the DagBag from /opt/airflow/dags/crawl_search_page.py
[2025-11-22T06:24:33.632+0000] {processor.py:925} INFO - DAG(s) 'crawl_search_page' retrieved from /opt/airflow/dags/crawl_search_page.py
[2025-11-22T06:24:33.649+0000] {logging_mixin.py:190} INFO - [2025-11-22T06:24:33.649+0000] {dag.py:3239} INFO - Sync 1 DAGs
[2025-11-22T06:24:33.669+0000] {logging_mixin.py:190} INFO - [2025-11-22T06:24:33.669+0000] {dag.py:4180} INFO - Setting next_dagrun for crawl_search_page to None, run_after=None
[2025-11-22T06:24:33.687+0000] {processor.py:208} INFO - Processing /opt/airflow/dags/crawl_search_page.py took 0.628 seconds
[2025-11-22T06:25:04.063+0000] {processor.py:186} INFO - Started process (PID=2912) to work on /opt/airflow/dags/crawl_search_page.py
[2025-11-22T06:25:04.064+0000] {processor.py:914} INFO - Processing file /opt/airflow/dags/crawl_search_page.py for tasks to queue
[2025-11-22T06:25:04.067+0000] {logging_mixin.py:190} INFO - [2025-11-22T06:25:04.067+0000] {dagbag.py:588} INFO - Filling up the DagBag from /opt/airflow/dags/crawl_search_page.py
[2025-11-22T06:25:04.646+0000] {processor.py:925} INFO - DAG(s) 'crawl_search_page' retrieved from /opt/airflow/dags/crawl_search_page.py
[2025-11-22T06:25:04.663+0000] {logging_mixin.py:190} INFO - [2025-11-22T06:25:04.663+0000] {dag.py:3239} INFO - Sync 1 DAGs
[2025-11-22T06:25:04.673+0000] {logging_mixin.py:190} INFO - [2025-11-22T06:25:04.672+0000] {dag.py:4180} INFO - Setting next_dagrun for crawl_search_page to None, run_after=None
[2025-11-22T06:25:04.700+0000] {processor.py:208} INFO - Processing /opt/airflow/dags/crawl_search_page.py took 0.642 seconds
[2025-11-22T06:25:35.157+0000] {processor.py:186} INFO - Started process (PID=2924) to work on /opt/airflow/dags/crawl_search_page.py
[2025-11-22T06:25:35.158+0000] {processor.py:914} INFO - Processing file /opt/airflow/dags/crawl_search_page.py for tasks to queue
[2025-11-22T06:25:35.160+0000] {logging_mixin.py:190} INFO - [2025-11-22T06:25:35.160+0000] {dagbag.py:588} INFO - Filling up the DagBag from /opt/airflow/dags/crawl_search_page.py
[2025-11-22T06:25:35.745+0000] {processor.py:925} INFO - DAG(s) 'crawl_search_page' retrieved from /opt/airflow/dags/crawl_search_page.py
[2025-11-22T06:25:35.763+0000] {logging_mixin.py:190} INFO - [2025-11-22T06:25:35.763+0000] {dag.py:3239} INFO - Sync 1 DAGs
[2025-11-22T06:25:35.773+0000] {logging_mixin.py:190} INFO - [2025-11-22T06:25:35.773+0000] {dag.py:4180} INFO - Setting next_dagrun for crawl_search_page to None, run_after=None
[2025-11-22T06:25:35.792+0000] {processor.py:208} INFO - Processing /opt/airflow/dags/crawl_search_page.py took 0.641 seconds
[2025-11-22T06:26:06.030+0000] {processor.py:186} INFO - Started process (PID=2936) to work on /opt/airflow/dags/crawl_search_page.py
[2025-11-22T06:26:06.032+0000] {processor.py:914} INFO - Processing file /opt/airflow/dags/crawl_search_page.py for tasks to queue
[2025-11-22T06:26:06.034+0000] {logging_mixin.py:190} INFO - [2025-11-22T06:26:06.034+0000] {dagbag.py:588} INFO - Filling up the DagBag from /opt/airflow/dags/crawl_search_page.py
[2025-11-22T06:26:06.621+0000] {processor.py:925} INFO - DAG(s) 'crawl_search_page' retrieved from /opt/airflow/dags/crawl_search_page.py
[2025-11-22T06:26:06.639+0000] {logging_mixin.py:190} INFO - [2025-11-22T06:26:06.638+0000] {dag.py:3239} INFO - Sync 1 DAGs
[2025-11-22T06:26:06.649+0000] {logging_mixin.py:190} INFO - [2025-11-22T06:26:06.648+0000] {dag.py:4180} INFO - Setting next_dagrun for crawl_search_page to None, run_after=None
[2025-11-22T06:26:06.677+0000] {processor.py:208} INFO - Processing /opt/airflow/dags/crawl_search_page.py took 0.656 seconds
[2025-11-22T06:26:37.105+0000] {processor.py:186} INFO - Started process (PID=2948) to work on /opt/airflow/dags/crawl_search_page.py
[2025-11-22T06:26:37.106+0000] {processor.py:914} INFO - Processing file /opt/airflow/dags/crawl_search_page.py for tasks to queue
[2025-11-22T06:26:37.108+0000] {logging_mixin.py:190} INFO - [2025-11-22T06:26:37.108+0000] {dagbag.py:588} INFO - Filling up the DagBag from /opt/airflow/dags/crawl_search_page.py
[2025-11-22T06:26:37.707+0000] {processor.py:925} INFO - DAG(s) 'crawl_search_page' retrieved from /opt/airflow/dags/crawl_search_page.py
[2025-11-22T06:26:37.724+0000] {logging_mixin.py:190} INFO - [2025-11-22T06:26:37.723+0000] {dag.py:3239} INFO - Sync 1 DAGs
[2025-11-22T06:26:37.734+0000] {logging_mixin.py:190} INFO - [2025-11-22T06:26:37.734+0000] {dag.py:4180} INFO - Setting next_dagrun for crawl_search_page to None, run_after=None
[2025-11-22T06:26:37.752+0000] {processor.py:208} INFO - Processing /opt/airflow/dags/crawl_search_page.py took 0.653 seconds
[2025-11-22T06:27:07.994+0000] {processor.py:186} INFO - Started process (PID=2960) to work on /opt/airflow/dags/crawl_search_page.py
[2025-11-22T06:27:07.995+0000] {processor.py:914} INFO - Processing file /opt/airflow/dags/crawl_search_page.py for tasks to queue
[2025-11-22T06:27:07.997+0000] {logging_mixin.py:190} INFO - [2025-11-22T06:27:07.997+0000] {dagbag.py:588} INFO - Filling up the DagBag from /opt/airflow/dags/crawl_search_page.py
[2025-11-22T06:27:08.552+0000] {processor.py:925} INFO - DAG(s) 'crawl_search_page' retrieved from /opt/airflow/dags/crawl_search_page.py
[2025-11-22T06:27:08.570+0000] {logging_mixin.py:190} INFO - [2025-11-22T06:27:08.569+0000] {dag.py:3239} INFO - Sync 1 DAGs
[2025-11-22T06:27:08.579+0000] {logging_mixin.py:190} INFO - [2025-11-22T06:27:08.579+0000] {dag.py:4180} INFO - Setting next_dagrun for crawl_search_page to None, run_after=None
[2025-11-22T06:27:08.612+0000] {processor.py:208} INFO - Processing /opt/airflow/dags/crawl_search_page.py took 0.623 seconds
[2025-11-22T06:27:38.979+0000] {processor.py:186} INFO - Started process (PID=2972) to work on /opt/airflow/dags/crawl_search_page.py
[2025-11-22T06:27:38.980+0000] {processor.py:914} INFO - Processing file /opt/airflow/dags/crawl_search_page.py for tasks to queue
[2025-11-22T06:27:38.983+0000] {logging_mixin.py:190} INFO - [2025-11-22T06:27:38.982+0000] {dagbag.py:588} INFO - Filling up the DagBag from /opt/airflow/dags/crawl_search_page.py
[2025-11-22T06:27:39.554+0000] {processor.py:925} INFO - DAG(s) 'crawl_search_page' retrieved from /opt/airflow/dags/crawl_search_page.py
[2025-11-22T06:27:39.571+0000] {logging_mixin.py:190} INFO - [2025-11-22T06:27:39.571+0000] {dag.py:3239} INFO - Sync 1 DAGs
[2025-11-22T06:27:39.581+0000] {logging_mixin.py:190} INFO - [2025-11-22T06:27:39.581+0000] {dag.py:4180} INFO - Setting next_dagrun for crawl_search_page to None, run_after=None
[2025-11-22T06:27:39.598+0000] {processor.py:208} INFO - Processing /opt/airflow/dags/crawl_search_page.py took 0.625 seconds
[2025-11-22T06:28:09.959+0000] {processor.py:186} INFO - Started process (PID=2984) to work on /opt/airflow/dags/crawl_search_page.py
[2025-11-22T06:28:09.961+0000] {processor.py:914} INFO - Processing file /opt/airflow/dags/crawl_search_page.py for tasks to queue
[2025-11-22T06:28:09.963+0000] {logging_mixin.py:190} INFO - [2025-11-22T06:28:09.963+0000] {dagbag.py:588} INFO - Filling up the DagBag from /opt/airflow/dags/crawl_search_page.py
[2025-11-22T06:28:10.582+0000] {processor.py:925} INFO - DAG(s) 'crawl_search_page' retrieved from /opt/airflow/dags/crawl_search_page.py
[2025-11-22T06:28:10.599+0000] {logging_mixin.py:190} INFO - [2025-11-22T06:28:10.598+0000] {dag.py:3239} INFO - Sync 1 DAGs
[2025-11-22T06:28:10.608+0000] {logging_mixin.py:190} INFO - [2025-11-22T06:28:10.608+0000] {dag.py:4180} INFO - Setting next_dagrun for crawl_search_page to None, run_after=None
[2025-11-22T06:28:10.635+0000] {processor.py:208} INFO - Processing /opt/airflow/dags/crawl_search_page.py took 0.681 seconds
[2025-11-22T06:28:41.048+0000] {processor.py:186} INFO - Started process (PID=2996) to work on /opt/airflow/dags/crawl_search_page.py
[2025-11-22T06:28:41.049+0000] {processor.py:914} INFO - Processing file /opt/airflow/dags/crawl_search_page.py for tasks to queue
[2025-11-22T06:28:41.051+0000] {logging_mixin.py:190} INFO - [2025-11-22T06:28:41.051+0000] {dagbag.py:588} INFO - Filling up the DagBag from /opt/airflow/dags/crawl_search_page.py
[2025-11-22T06:28:41.625+0000] {processor.py:925} INFO - DAG(s) 'crawl_search_page' retrieved from /opt/airflow/dags/crawl_search_page.py
[2025-11-22T06:28:41.642+0000] {logging_mixin.py:190} INFO - [2025-11-22T06:28:41.642+0000] {dag.py:3239} INFO - Sync 1 DAGs
[2025-11-22T06:28:41.653+0000] {logging_mixin.py:190} INFO - [2025-11-22T06:28:41.652+0000] {dag.py:4180} INFO - Setting next_dagrun for crawl_search_page to None, run_after=None
[2025-11-22T06:28:41.679+0000] {processor.py:208} INFO - Processing /opt/airflow/dags/crawl_search_page.py took 0.638 seconds
[2025-11-22T06:29:11.763+0000] {processor.py:186} INFO - Started process (PID=3008) to work on /opt/airflow/dags/crawl_search_page.py
[2025-11-22T06:29:11.765+0000] {processor.py:914} INFO - Processing file /opt/airflow/dags/crawl_search_page.py for tasks to queue
[2025-11-22T06:29:11.767+0000] {logging_mixin.py:190} INFO - [2025-11-22T06:29:11.767+0000] {dagbag.py:588} INFO - Filling up the DagBag from /opt/airflow/dags/crawl_search_page.py
[2025-11-22T06:29:12.355+0000] {processor.py:925} INFO - DAG(s) 'crawl_search_page' retrieved from /opt/airflow/dags/crawl_search_page.py
[2025-11-22T06:29:12.372+0000] {logging_mixin.py:190} INFO - [2025-11-22T06:29:12.372+0000] {dag.py:3239} INFO - Sync 1 DAGs
[2025-11-22T06:29:12.383+0000] {logging_mixin.py:190} INFO - [2025-11-22T06:29:12.382+0000] {dag.py:4180} INFO - Setting next_dagrun for crawl_search_page to None, run_after=None
[2025-11-22T06:29:12.401+0000] {processor.py:208} INFO - Processing /opt/airflow/dags/crawl_search_page.py took 0.644 seconds
[2025-11-22T06:29:42.504+0000] {processor.py:186} INFO - Started process (PID=3020) to work on /opt/airflow/dags/crawl_search_page.py
[2025-11-22T06:29:42.505+0000] {processor.py:914} INFO - Processing file /opt/airflow/dags/crawl_search_page.py for tasks to queue
[2025-11-22T06:29:42.507+0000] {logging_mixin.py:190} INFO - [2025-11-22T06:29:42.507+0000] {dagbag.py:588} INFO - Filling up the DagBag from /opt/airflow/dags/crawl_search_page.py
[2025-11-22T06:29:43.089+0000] {processor.py:925} INFO - DAG(s) 'crawl_search_page' retrieved from /opt/airflow/dags/crawl_search_page.py
[2025-11-22T06:29:43.108+0000] {logging_mixin.py:190} INFO - [2025-11-22T06:29:43.107+0000] {dag.py:3239} INFO - Sync 1 DAGs
[2025-11-22T06:29:43.119+0000] {logging_mixin.py:190} INFO - [2025-11-22T06:29:43.118+0000] {dag.py:4180} INFO - Setting next_dagrun for crawl_search_page to None, run_after=None
[2025-11-22T06:29:43.137+0000] {processor.py:208} INFO - Processing /opt/airflow/dags/crawl_search_page.py took 0.640 seconds
[2025-11-22T06:30:13.201+0000] {processor.py:186} INFO - Started process (PID=3032) to work on /opt/airflow/dags/crawl_search_page.py
[2025-11-22T06:30:13.202+0000] {processor.py:914} INFO - Processing file /opt/airflow/dags/crawl_search_page.py for tasks to queue
[2025-11-22T06:30:13.204+0000] {logging_mixin.py:190} INFO - [2025-11-22T06:30:13.203+0000] {dagbag.py:588} INFO - Filling up the DagBag from /opt/airflow/dags/crawl_search_page.py
[2025-11-22T06:30:13.762+0000] {processor.py:925} INFO - DAG(s) 'crawl_search_page' retrieved from /opt/airflow/dags/crawl_search_page.py
[2025-11-22T06:30:13.779+0000] {logging_mixin.py:190} INFO - [2025-11-22T06:30:13.778+0000] {dag.py:3239} INFO - Sync 1 DAGs
[2025-11-22T06:30:13.788+0000] {logging_mixin.py:190} INFO - [2025-11-22T06:30:13.788+0000] {dag.py:4180} INFO - Setting next_dagrun for crawl_search_page to None, run_after=None
[2025-11-22T06:30:13.808+0000] {processor.py:208} INFO - Processing /opt/airflow/dags/crawl_search_page.py took 0.613 seconds
[2025-11-22T06:30:44.162+0000] {processor.py:186} INFO - Started process (PID=3044) to work on /opt/airflow/dags/crawl_search_page.py
[2025-11-22T06:30:44.163+0000] {processor.py:914} INFO - Processing file /opt/airflow/dags/crawl_search_page.py for tasks to queue
[2025-11-22T06:30:44.165+0000] {logging_mixin.py:190} INFO - [2025-11-22T06:30:44.165+0000] {dagbag.py:588} INFO - Filling up the DagBag from /opt/airflow/dags/crawl_search_page.py
[2025-11-22T06:30:44.734+0000] {processor.py:925} INFO - DAG(s) 'crawl_search_page' retrieved from /opt/airflow/dags/crawl_search_page.py
[2025-11-22T06:30:44.751+0000] {logging_mixin.py:190} INFO - [2025-11-22T06:30:44.751+0000] {dag.py:3239} INFO - Sync 1 DAGs
[2025-11-22T06:30:44.761+0000] {logging_mixin.py:190} INFO - [2025-11-22T06:30:44.761+0000] {dag.py:4180} INFO - Setting next_dagrun for crawl_search_page to None, run_after=None
[2025-11-22T06:30:44.786+0000] {processor.py:208} INFO - Processing /opt/airflow/dags/crawl_search_page.py took 0.630 seconds
[2025-11-22T06:31:15.220+0000] {processor.py:186} INFO - Started process (PID=3056) to work on /opt/airflow/dags/crawl_search_page.py
[2025-11-22T06:31:15.221+0000] {processor.py:914} INFO - Processing file /opt/airflow/dags/crawl_search_page.py for tasks to queue
[2025-11-22T06:31:15.223+0000] {logging_mixin.py:190} INFO - [2025-11-22T06:31:15.223+0000] {dagbag.py:588} INFO - Filling up the DagBag from /opt/airflow/dags/crawl_search_page.py
[2025-11-22T06:31:15.801+0000] {processor.py:925} INFO - DAG(s) 'crawl_search_page' retrieved from /opt/airflow/dags/crawl_search_page.py
[2025-11-22T06:31:15.819+0000] {logging_mixin.py:190} INFO - [2025-11-22T06:31:15.818+0000] {dag.py:3239} INFO - Sync 1 DAGs
[2025-11-22T06:31:15.828+0000] {logging_mixin.py:190} INFO - [2025-11-22T06:31:15.828+0000] {dag.py:4180} INFO - Setting next_dagrun for crawl_search_page to None, run_after=None
[2025-11-22T06:31:15.854+0000] {processor.py:208} INFO - Processing /opt/airflow/dags/crawl_search_page.py took 0.640 seconds
[2025-11-22T06:31:45.945+0000] {processor.py:186} INFO - Started process (PID=3068) to work on /opt/airflow/dags/crawl_search_page.py
[2025-11-22T06:31:45.946+0000] {processor.py:914} INFO - Processing file /opt/airflow/dags/crawl_search_page.py for tasks to queue
[2025-11-22T06:31:45.949+0000] {logging_mixin.py:190} INFO - [2025-11-22T06:31:45.948+0000] {dagbag.py:588} INFO - Filling up the DagBag from /opt/airflow/dags/crawl_search_page.py
[2025-11-22T06:31:46.519+0000] {processor.py:925} INFO - DAG(s) 'crawl_search_page' retrieved from /opt/airflow/dags/crawl_search_page.py
[2025-11-22T06:31:46.537+0000] {logging_mixin.py:190} INFO - [2025-11-22T06:31:46.536+0000] {dag.py:3239} INFO - Sync 1 DAGs
[2025-11-22T06:31:46.546+0000] {logging_mixin.py:190} INFO - [2025-11-22T06:31:46.546+0000] {dag.py:4180} INFO - Setting next_dagrun for crawl_search_page to None, run_after=None
[2025-11-22T06:31:46.564+0000] {processor.py:208} INFO - Processing /opt/airflow/dags/crawl_search_page.py took 0.625 seconds
[2025-11-22T06:32:16.649+0000] {processor.py:186} INFO - Started process (PID=3080) to work on /opt/airflow/dags/crawl_search_page.py
[2025-11-22T06:32:16.650+0000] {processor.py:914} INFO - Processing file /opt/airflow/dags/crawl_search_page.py for tasks to queue
[2025-11-22T06:32:16.652+0000] {logging_mixin.py:190} INFO - [2025-11-22T06:32:16.652+0000] {dagbag.py:588} INFO - Filling up the DagBag from /opt/airflow/dags/crawl_search_page.py
[2025-11-22T06:32:17.196+0000] {processor.py:925} INFO - DAG(s) 'crawl_search_page' retrieved from /opt/airflow/dags/crawl_search_page.py
[2025-11-22T06:32:17.213+0000] {logging_mixin.py:190} INFO - [2025-11-22T06:32:17.212+0000] {dag.py:3239} INFO - Sync 1 DAGs
[2025-11-22T06:32:17.223+0000] {logging_mixin.py:190} INFO - [2025-11-22T06:32:17.223+0000] {dag.py:4180} INFO - Setting next_dagrun for crawl_search_page to None, run_after=None
[2025-11-22T06:32:17.250+0000] {processor.py:208} INFO - Processing /opt/airflow/dags/crawl_search_page.py took 0.607 seconds
[2025-11-22T06:32:47.385+0000] {processor.py:186} INFO - Started process (PID=3092) to work on /opt/airflow/dags/crawl_search_page.py
[2025-11-22T06:32:47.386+0000] {processor.py:914} INFO - Processing file /opt/airflow/dags/crawl_search_page.py for tasks to queue
[2025-11-22T06:32:47.388+0000] {logging_mixin.py:190} INFO - [2025-11-22T06:32:47.388+0000] {dagbag.py:588} INFO - Filling up the DagBag from /opt/airflow/dags/crawl_search_page.py
[2025-11-22T06:32:47.962+0000] {processor.py:925} INFO - DAG(s) 'crawl_search_page' retrieved from /opt/airflow/dags/crawl_search_page.py
[2025-11-22T06:32:47.981+0000] {logging_mixin.py:190} INFO - [2025-11-22T06:32:47.980+0000] {dag.py:3239} INFO - Sync 1 DAGs
[2025-11-22T06:32:47.990+0000] {logging_mixin.py:190} INFO - [2025-11-22T06:32:47.990+0000] {dag.py:4180} INFO - Setting next_dagrun for crawl_search_page to None, run_after=None
[2025-11-22T06:32:48.017+0000] {processor.py:208} INFO - Processing /opt/airflow/dags/crawl_search_page.py took 0.638 seconds
[2025-11-22T06:33:18.449+0000] {processor.py:186} INFO - Started process (PID=3104) to work on /opt/airflow/dags/crawl_search_page.py
[2025-11-22T06:33:18.450+0000] {processor.py:914} INFO - Processing file /opt/airflow/dags/crawl_search_page.py for tasks to queue
[2025-11-22T06:33:18.452+0000] {logging_mixin.py:190} INFO - [2025-11-22T06:33:18.452+0000] {dagbag.py:588} INFO - Filling up the DagBag from /opt/airflow/dags/crawl_search_page.py
[2025-11-22T06:33:19.008+0000] {processor.py:925} INFO - DAG(s) 'crawl_search_page' retrieved from /opt/airflow/dags/crawl_search_page.py
[2025-11-22T06:33:19.026+0000] {logging_mixin.py:190} INFO - [2025-11-22T06:33:19.025+0000] {dag.py:3239} INFO - Sync 1 DAGs
[2025-11-22T06:33:19.037+0000] {logging_mixin.py:190} INFO - [2025-11-22T06:33:19.037+0000] {dag.py:4180} INFO - Setting next_dagrun for crawl_search_page to None, run_after=None
[2025-11-22T06:33:19.055+0000] {processor.py:208} INFO - Processing /opt/airflow/dags/crawl_search_page.py took 0.612 seconds
[2025-11-22T06:33:49.400+0000] {processor.py:186} INFO - Started process (PID=3116) to work on /opt/airflow/dags/crawl_search_page.py
[2025-11-22T06:33:49.401+0000] {processor.py:914} INFO - Processing file /opt/airflow/dags/crawl_search_page.py for tasks to queue
[2025-11-22T06:33:49.403+0000] {logging_mixin.py:190} INFO - [2025-11-22T06:33:49.403+0000] {dagbag.py:588} INFO - Filling up the DagBag from /opt/airflow/dags/crawl_search_page.py
[2025-11-22T06:33:49.969+0000] {processor.py:925} INFO - DAG(s) 'crawl_search_page' retrieved from /opt/airflow/dags/crawl_search_page.py
[2025-11-22T06:33:49.986+0000] {logging_mixin.py:190} INFO - [2025-11-22T06:33:49.985+0000] {dag.py:3239} INFO - Sync 1 DAGs
[2025-11-22T06:33:49.996+0000] {logging_mixin.py:190} INFO - [2025-11-22T06:33:49.995+0000] {dag.py:4180} INFO - Setting next_dagrun for crawl_search_page to None, run_after=None
[2025-11-22T06:33:50.014+0000] {processor.py:208} INFO - Processing /opt/airflow/dags/crawl_search_page.py took 0.619 seconds
[2025-11-22T06:34:20.441+0000] {processor.py:186} INFO - Started process (PID=3128) to work on /opt/airflow/dags/crawl_search_page.py
[2025-11-22T06:34:20.442+0000] {processor.py:914} INFO - Processing file /opt/airflow/dags/crawl_search_page.py for tasks to queue
[2025-11-22T06:34:20.445+0000] {logging_mixin.py:190} INFO - [2025-11-22T06:34:20.444+0000] {dagbag.py:588} INFO - Filling up the DagBag from /opt/airflow/dags/crawl_search_page.py
[2025-11-22T06:34:21.001+0000] {processor.py:925} INFO - DAG(s) 'crawl_search_page' retrieved from /opt/airflow/dags/crawl_search_page.py
[2025-11-22T06:34:21.018+0000] {logging_mixin.py:190} INFO - [2025-11-22T06:34:21.018+0000] {dag.py:3239} INFO - Sync 1 DAGs
[2025-11-22T06:34:21.028+0000] {logging_mixin.py:190} INFO - [2025-11-22T06:34:21.028+0000] {dag.py:4180} INFO - Setting next_dagrun for crawl_search_page to None, run_after=None
[2025-11-22T06:34:21.053+0000] {processor.py:208} INFO - Processing /opt/airflow/dags/crawl_search_page.py took 0.617 seconds
[2025-11-22T06:34:51.184+0000] {processor.py:186} INFO - Started process (PID=3140) to work on /opt/airflow/dags/crawl_search_page.py
[2025-11-22T06:34:51.185+0000] {processor.py:914} INFO - Processing file /opt/airflow/dags/crawl_search_page.py for tasks to queue
[2025-11-22T06:34:51.187+0000] {logging_mixin.py:190} INFO - [2025-11-22T06:34:51.186+0000] {dagbag.py:588} INFO - Filling up the DagBag from /opt/airflow/dags/crawl_search_page.py
[2025-11-22T06:34:51.781+0000] {processor.py:925} INFO - DAG(s) 'crawl_search_page' retrieved from /opt/airflow/dags/crawl_search_page.py
[2025-11-22T06:34:51.799+0000] {logging_mixin.py:190} INFO - [2025-11-22T06:34:51.798+0000] {dag.py:3239} INFO - Sync 1 DAGs
[2025-11-22T06:34:51.809+0000] {logging_mixin.py:190} INFO - [2025-11-22T06:34:51.809+0000] {dag.py:4180} INFO - Setting next_dagrun for crawl_search_page to None, run_after=None
[2025-11-22T06:34:51.836+0000] {processor.py:208} INFO - Processing /opt/airflow/dags/crawl_search_page.py took 0.658 seconds
[2025-11-22T06:35:22.059+0000] {processor.py:186} INFO - Started process (PID=3158) to work on /opt/airflow/dags/crawl_search_page.py
[2025-11-22T06:35:22.061+0000] {processor.py:914} INFO - Processing file /opt/airflow/dags/crawl_search_page.py for tasks to queue
[2025-11-22T06:35:22.063+0000] {logging_mixin.py:190} INFO - [2025-11-22T06:35:22.063+0000] {dagbag.py:588} INFO - Filling up the DagBag from /opt/airflow/dags/crawl_search_page.py
[2025-11-22T06:35:22.677+0000] {processor.py:925} INFO - DAG(s) 'crawl_search_page' retrieved from /opt/airflow/dags/crawl_search_page.py
[2025-11-22T06:35:22.695+0000] {logging_mixin.py:190} INFO - [2025-11-22T06:35:22.695+0000] {dag.py:3239} INFO - Sync 1 DAGs
[2025-11-22T06:35:22.706+0000] {logging_mixin.py:190} INFO - [2025-11-22T06:35:22.706+0000] {dag.py:4180} INFO - Setting next_dagrun for crawl_search_page to None, run_after=None
[2025-11-22T06:35:22.732+0000] {processor.py:208} INFO - Processing /opt/airflow/dags/crawl_search_page.py took 0.678 seconds
[2025-11-22T06:35:53.153+0000] {processor.py:186} INFO - Started process (PID=3170) to work on /opt/airflow/dags/crawl_search_page.py
[2025-11-22T06:35:53.154+0000] {processor.py:914} INFO - Processing file /opt/airflow/dags/crawl_search_page.py for tasks to queue
[2025-11-22T06:35:53.156+0000] {logging_mixin.py:190} INFO - [2025-11-22T06:35:53.156+0000] {dagbag.py:588} INFO - Filling up the DagBag from /opt/airflow/dags/crawl_search_page.py
[2025-11-22T06:35:53.745+0000] {processor.py:925} INFO - DAG(s) 'crawl_search_page' retrieved from /opt/airflow/dags/crawl_search_page.py
[2025-11-22T06:35:53.762+0000] {logging_mixin.py:190} INFO - [2025-11-22T06:35:53.762+0000] {dag.py:3239} INFO - Sync 1 DAGs
[2025-11-22T06:35:53.772+0000] {logging_mixin.py:190} INFO - [2025-11-22T06:35:53.771+0000] {dag.py:4180} INFO - Setting next_dagrun for crawl_search_page to None, run_after=None
[2025-11-22T06:35:53.797+0000] {processor.py:208} INFO - Processing /opt/airflow/dags/crawl_search_page.py took 0.650 seconds
[2025-11-22T06:36:24.018+0000] {processor.py:186} INFO - Started process (PID=3182) to work on /opt/airflow/dags/crawl_search_page.py
[2025-11-22T06:36:24.019+0000] {processor.py:914} INFO - Processing file /opt/airflow/dags/crawl_search_page.py for tasks to queue
[2025-11-22T06:36:24.021+0000] {logging_mixin.py:190} INFO - [2025-11-22T06:36:24.021+0000] {dagbag.py:588} INFO - Filling up the DagBag from /opt/airflow/dags/crawl_search_page.py
[2025-11-22T06:36:24.607+0000] {processor.py:925} INFO - DAG(s) 'crawl_search_page' retrieved from /opt/airflow/dags/crawl_search_page.py
[2025-11-22T06:36:24.625+0000] {logging_mixin.py:190} INFO - [2025-11-22T06:36:24.624+0000] {dag.py:3239} INFO - Sync 1 DAGs
[2025-11-22T06:36:24.634+0000] {logging_mixin.py:190} INFO - [2025-11-22T06:36:24.634+0000] {dag.py:4180} INFO - Setting next_dagrun for crawl_search_page to None, run_after=None
[2025-11-22T06:36:24.653+0000] {processor.py:208} INFO - Processing /opt/airflow/dags/crawl_search_page.py took 0.640 seconds
[2025-11-22T06:36:55.103+0000] {processor.py:186} INFO - Started process (PID=3194) to work on /opt/airflow/dags/crawl_search_page.py
[2025-11-22T06:36:55.104+0000] {processor.py:914} INFO - Processing file /opt/airflow/dags/crawl_search_page.py for tasks to queue
[2025-11-22T06:36:55.106+0000] {logging_mixin.py:190} INFO - [2025-11-22T06:36:55.106+0000] {dagbag.py:588} INFO - Filling up the DagBag from /opt/airflow/dags/crawl_search_page.py
[2025-11-22T06:36:55.697+0000] {processor.py:925} INFO - DAG(s) 'crawl_search_page' retrieved from /opt/airflow/dags/crawl_search_page.py
[2025-11-22T06:36:55.713+0000] {logging_mixin.py:190} INFO - [2025-11-22T06:36:55.713+0000] {dag.py:3239} INFO - Sync 1 DAGs
[2025-11-22T06:36:55.728+0000] {logging_mixin.py:190} INFO - [2025-11-22T06:36:55.727+0000] {dag.py:4180} INFO - Setting next_dagrun for crawl_search_page to None, run_after=None
[2025-11-22T06:36:55.751+0000] {processor.py:208} INFO - Processing /opt/airflow/dags/crawl_search_page.py took 0.654 seconds
[2025-11-22T06:37:25.993+0000] {processor.py:186} INFO - Started process (PID=3206) to work on /opt/airflow/dags/crawl_search_page.py
[2025-11-22T06:37:25.994+0000] {processor.py:914} INFO - Processing file /opt/airflow/dags/crawl_search_page.py for tasks to queue
[2025-11-22T06:37:25.996+0000] {logging_mixin.py:190} INFO - [2025-11-22T06:37:25.996+0000] {dagbag.py:588} INFO - Filling up the DagBag from /opt/airflow/dags/crawl_search_page.py
[2025-11-22T06:37:26.588+0000] {processor.py:925} INFO - DAG(s) 'crawl_search_page' retrieved from /opt/airflow/dags/crawl_search_page.py
[2025-11-22T06:37:26.605+0000] {logging_mixin.py:190} INFO - [2025-11-22T06:37:26.605+0000] {dag.py:3239} INFO - Sync 1 DAGs
[2025-11-22T06:37:26.615+0000] {logging_mixin.py:190} INFO - [2025-11-22T06:37:26.615+0000] {dag.py:4180} INFO - Setting next_dagrun for crawl_search_page to None, run_after=None
[2025-11-22T06:37:26.638+0000] {processor.py:208} INFO - Processing /opt/airflow/dags/crawl_search_page.py took 0.651 seconds
[2025-11-22T06:37:57.085+0000] {processor.py:186} INFO - Started process (PID=3218) to work on /opt/airflow/dags/crawl_search_page.py
[2025-11-22T06:37:57.086+0000] {processor.py:914} INFO - Processing file /opt/airflow/dags/crawl_search_page.py for tasks to queue
[2025-11-22T06:37:57.088+0000] {logging_mixin.py:190} INFO - [2025-11-22T06:37:57.088+0000] {dagbag.py:588} INFO - Filling up the DagBag from /opt/airflow/dags/crawl_search_page.py
[2025-11-22T06:37:57.656+0000] {processor.py:925} INFO - DAG(s) 'crawl_search_page' retrieved from /opt/airflow/dags/crawl_search_page.py
[2025-11-22T06:37:57.683+0000] {logging_mixin.py:190} INFO - [2025-11-22T06:37:57.683+0000] {dag.py:3239} INFO - Sync 1 DAGs
[2025-11-22T06:37:57.694+0000] {logging_mixin.py:190} INFO - [2025-11-22T06:37:57.694+0000] {dag.py:4180} INFO - Setting next_dagrun for crawl_search_page to None, run_after=None
[2025-11-22T06:37:57.712+0000] {processor.py:208} INFO - Processing /opt/airflow/dags/crawl_search_page.py took 0.632 seconds
[2025-11-22T06:38:27.919+0000] {processor.py:186} INFO - Started process (PID=3230) to work on /opt/airflow/dags/crawl_search_page.py
[2025-11-22T06:38:27.920+0000] {processor.py:914} INFO - Processing file /opt/airflow/dags/crawl_search_page.py for tasks to queue
[2025-11-22T06:38:27.922+0000] {logging_mixin.py:190} INFO - [2025-11-22T06:38:27.921+0000] {dagbag.py:588} INFO - Filling up the DagBag from /opt/airflow/dags/crawl_search_page.py
[2025-11-22T06:38:28.500+0000] {processor.py:925} INFO - DAG(s) 'crawl_search_page' retrieved from /opt/airflow/dags/crawl_search_page.py
[2025-11-22T06:38:28.519+0000] {logging_mixin.py:190} INFO - [2025-11-22T06:38:28.519+0000] {dag.py:3239} INFO - Sync 1 DAGs
[2025-11-22T06:38:28.531+0000] {logging_mixin.py:190} INFO - [2025-11-22T06:38:28.531+0000] {dag.py:4180} INFO - Setting next_dagrun for crawl_search_page to None, run_after=None
[2025-11-22T06:38:28.550+0000] {processor.py:208} INFO - Processing /opt/airflow/dags/crawl_search_page.py took 0.637 seconds
[2025-11-22T06:38:59.000+0000] {processor.py:186} INFO - Started process (PID=3242) to work on /opt/airflow/dags/crawl_search_page.py
[2025-11-22T06:38:59.001+0000] {processor.py:914} INFO - Processing file /opt/airflow/dags/crawl_search_page.py for tasks to queue
[2025-11-22T06:38:59.003+0000] {logging_mixin.py:190} INFO - [2025-11-22T06:38:59.003+0000] {dagbag.py:588} INFO - Filling up the DagBag from /opt/airflow/dags/crawl_search_page.py
[2025-11-22T06:38:59.593+0000] {processor.py:925} INFO - DAG(s) 'crawl_search_page' retrieved from /opt/airflow/dags/crawl_search_page.py
[2025-11-22T06:38:59.611+0000] {logging_mixin.py:190} INFO - [2025-11-22T06:38:59.611+0000] {dag.py:3239} INFO - Sync 1 DAGs
[2025-11-22T06:38:59.621+0000] {logging_mixin.py:190} INFO - [2025-11-22T06:38:59.621+0000] {dag.py:4180} INFO - Setting next_dagrun for crawl_search_page to None, run_after=None
[2025-11-22T06:38:59.639+0000] {processor.py:208} INFO - Processing /opt/airflow/dags/crawl_search_page.py took 0.647 seconds
[2025-11-22T06:39:29.902+0000] {processor.py:186} INFO - Started process (PID=3254) to work on /opt/airflow/dags/crawl_search_page.py
[2025-11-22T06:39:29.903+0000] {processor.py:914} INFO - Processing file /opt/airflow/dags/crawl_search_page.py for tasks to queue
[2025-11-22T06:39:29.906+0000] {logging_mixin.py:190} INFO - [2025-11-22T06:39:29.905+0000] {dagbag.py:588} INFO - Filling up the DagBag from /opt/airflow/dags/crawl_search_page.py
[2025-11-22T06:39:30.546+0000] {processor.py:925} INFO - DAG(s) 'crawl_search_page' retrieved from /opt/airflow/dags/crawl_search_page.py
[2025-11-22T06:39:30.563+0000] {logging_mixin.py:190} INFO - [2025-11-22T06:39:30.563+0000] {dag.py:3239} INFO - Sync 1 DAGs
[2025-11-22T06:39:30.573+0000] {logging_mixin.py:190} INFO - [2025-11-22T06:39:30.573+0000] {dag.py:4180} INFO - Setting next_dagrun for crawl_search_page to None, run_after=None
[2025-11-22T06:39:30.599+0000] {processor.py:208} INFO - Processing /opt/airflow/dags/crawl_search_page.py took 0.703 seconds
[2025-11-22T06:40:01.036+0000] {processor.py:186} INFO - Started process (PID=3266) to work on /opt/airflow/dags/crawl_search_page.py
[2025-11-22T06:40:01.037+0000] {processor.py:914} INFO - Processing file /opt/airflow/dags/crawl_search_page.py for tasks to queue
[2025-11-22T06:40:01.041+0000] {logging_mixin.py:190} INFO - [2025-11-22T06:40:01.040+0000] {dagbag.py:588} INFO - Filling up the DagBag from /opt/airflow/dags/crawl_search_page.py
[2025-11-22T06:40:01.634+0000] {processor.py:925} INFO - DAG(s) 'crawl_search_page' retrieved from /opt/airflow/dags/crawl_search_page.py
[2025-11-22T06:40:01.652+0000] {logging_mixin.py:190} INFO - [2025-11-22T06:40:01.651+0000] {dag.py:3239} INFO - Sync 1 DAGs
[2025-11-22T06:40:01.662+0000] {logging_mixin.py:190} INFO - [2025-11-22T06:40:01.662+0000] {dag.py:4180} INFO - Setting next_dagrun for crawl_search_page to None, run_after=None
[2025-11-22T06:40:01.681+0000] {processor.py:208} INFO - Processing /opt/airflow/dags/crawl_search_page.py took 0.651 seconds
[2025-11-22T06:40:31.767+0000] {processor.py:186} INFO - Started process (PID=3278) to work on /opt/airflow/dags/crawl_search_page.py
[2025-11-22T06:40:31.768+0000] {processor.py:914} INFO - Processing file /opt/airflow/dags/crawl_search_page.py for tasks to queue
[2025-11-22T06:40:31.770+0000] {logging_mixin.py:190} INFO - [2025-11-22T06:40:31.770+0000] {dagbag.py:588} INFO - Filling up the DagBag from /opt/airflow/dags/crawl_search_page.py
[2025-11-22T06:40:32.322+0000] {processor.py:925} INFO - DAG(s) 'crawl_search_page' retrieved from /opt/airflow/dags/crawl_search_page.py
[2025-11-22T06:40:32.340+0000] {logging_mixin.py:190} INFO - [2025-11-22T06:40:32.339+0000] {dag.py:3239} INFO - Sync 1 DAGs
[2025-11-22T06:40:32.349+0000] {logging_mixin.py:190} INFO - [2025-11-22T06:40:32.349+0000] {dag.py:4180} INFO - Setting next_dagrun for crawl_search_page to None, run_after=None
[2025-11-22T06:40:32.376+0000] {processor.py:208} INFO - Processing /opt/airflow/dags/crawl_search_page.py took 0.614 seconds
[2025-11-22T06:41:02.701+0000] {processor.py:186} INFO - Started process (PID=3290) to work on /opt/airflow/dags/crawl_search_page.py
[2025-11-22T06:41:02.702+0000] {processor.py:914} INFO - Processing file /opt/airflow/dags/crawl_search_page.py for tasks to queue
[2025-11-22T06:41:02.704+0000] {logging_mixin.py:190} INFO - [2025-11-22T06:41:02.704+0000] {dagbag.py:588} INFO - Filling up the DagBag from /opt/airflow/dags/crawl_search_page.py
[2025-11-22T06:41:03.308+0000] {processor.py:925} INFO - DAG(s) 'crawl_search_page' retrieved from /opt/airflow/dags/crawl_search_page.py
[2025-11-22T06:41:03.326+0000] {logging_mixin.py:190} INFO - [2025-11-22T06:41:03.326+0000] {dag.py:3239} INFO - Sync 1 DAGs
[2025-11-22T06:41:03.337+0000] {logging_mixin.py:190} INFO - [2025-11-22T06:41:03.337+0000] {dag.py:4180} INFO - Setting next_dagrun for crawl_search_page to None, run_after=None
[2025-11-22T06:41:03.363+0000] {processor.py:208} INFO - Processing /opt/airflow/dags/crawl_search_page.py took 0.669 seconds
[2025-11-22T06:41:33.793+0000] {processor.py:186} INFO - Started process (PID=3302) to work on /opt/airflow/dags/crawl_search_page.py
[2025-11-22T06:41:33.794+0000] {processor.py:914} INFO - Processing file /opt/airflow/dags/crawl_search_page.py for tasks to queue
[2025-11-22T06:41:33.796+0000] {logging_mixin.py:190} INFO - [2025-11-22T06:41:33.796+0000] {dagbag.py:588} INFO - Filling up the DagBag from /opt/airflow/dags/crawl_search_page.py
[2025-11-22T06:41:34.362+0000] {processor.py:925} INFO - DAG(s) 'crawl_search_page' retrieved from /opt/airflow/dags/crawl_search_page.py
[2025-11-22T06:41:34.380+0000] {logging_mixin.py:190} INFO - [2025-11-22T06:41:34.380+0000] {dag.py:3239} INFO - Sync 1 DAGs
[2025-11-22T06:41:34.390+0000] {logging_mixin.py:190} INFO - [2025-11-22T06:41:34.390+0000] {dag.py:4180} INFO - Setting next_dagrun for crawl_search_page to None, run_after=None
[2025-11-22T06:41:34.416+0000] {processor.py:208} INFO - Processing /opt/airflow/dags/crawl_search_page.py took 0.629 seconds
[2025-11-22T06:42:04.840+0000] {processor.py:186} INFO - Started process (PID=3314) to work on /opt/airflow/dags/crawl_search_page.py
[2025-11-22T06:42:04.841+0000] {processor.py:914} INFO - Processing file /opt/airflow/dags/crawl_search_page.py for tasks to queue
[2025-11-22T06:42:04.843+0000] {logging_mixin.py:190} INFO - [2025-11-22T06:42:04.843+0000] {dagbag.py:588} INFO - Filling up the DagBag from /opt/airflow/dags/crawl_search_page.py
[2025-11-22T06:42:05.434+0000] {processor.py:925} INFO - DAG(s) 'crawl_search_page' retrieved from /opt/airflow/dags/crawl_search_page.py
[2025-11-22T06:42:05.452+0000] {logging_mixin.py:190} INFO - [2025-11-22T06:42:05.451+0000] {dag.py:3239} INFO - Sync 1 DAGs
[2025-11-22T06:42:05.461+0000] {logging_mixin.py:190} INFO - [2025-11-22T06:42:05.461+0000] {dag.py:4180} INFO - Setting next_dagrun for crawl_search_page to None, run_after=None
[2025-11-22T06:42:05.479+0000] {processor.py:208} INFO - Processing /opt/airflow/dags/crawl_search_page.py took 0.645 seconds
[2025-11-22T06:42:35.832+0000] {processor.py:186} INFO - Started process (PID=3326) to work on /opt/airflow/dags/crawl_search_page.py
[2025-11-22T06:42:35.833+0000] {processor.py:914} INFO - Processing file /opt/airflow/dags/crawl_search_page.py for tasks to queue
[2025-11-22T06:42:35.836+0000] {logging_mixin.py:190} INFO - [2025-11-22T06:42:35.835+0000] {dagbag.py:588} INFO - Filling up the DagBag from /opt/airflow/dags/crawl_search_page.py
[2025-11-22T06:42:36.392+0000] {processor.py:925} INFO - DAG(s) 'crawl_search_page' retrieved from /opt/airflow/dags/crawl_search_page.py
[2025-11-22T06:42:36.409+0000] {logging_mixin.py:190} INFO - [2025-11-22T06:42:36.408+0000] {dag.py:3239} INFO - Sync 1 DAGs
[2025-11-22T06:42:36.419+0000] {logging_mixin.py:190} INFO - [2025-11-22T06:42:36.418+0000] {dag.py:4180} INFO - Setting next_dagrun for crawl_search_page to None, run_after=None
[2025-11-22T06:42:36.436+0000] {processor.py:208} INFO - Processing /opt/airflow/dags/crawl_search_page.py took 0.609 seconds
[2025-11-22T06:43:06.861+0000] {processor.py:186} INFO - Started process (PID=3338) to work on /opt/airflow/dags/crawl_search_page.py
[2025-11-22T06:43:06.862+0000] {processor.py:914} INFO - Processing file /opt/airflow/dags/crawl_search_page.py for tasks to queue
[2025-11-22T06:43:06.864+0000] {logging_mixin.py:190} INFO - [2025-11-22T06:43:06.864+0000] {dagbag.py:588} INFO - Filling up the DagBag from /opt/airflow/dags/crawl_search_page.py
[2025-11-22T06:43:07.432+0000] {processor.py:925} INFO - DAG(s) 'crawl_search_page' retrieved from /opt/airflow/dags/crawl_search_page.py
[2025-11-22T06:43:07.450+0000] {logging_mixin.py:190} INFO - [2025-11-22T06:43:07.449+0000] {dag.py:3239} INFO - Sync 1 DAGs
[2025-11-22T06:43:07.459+0000] {logging_mixin.py:190} INFO - [2025-11-22T06:43:07.459+0000] {dag.py:4180} INFO - Setting next_dagrun for crawl_search_page to None, run_after=None
[2025-11-22T06:43:07.487+0000] {processor.py:208} INFO - Processing /opt/airflow/dags/crawl_search_page.py took 0.632 seconds
[2025-11-22T06:43:37.611+0000] {processor.py:186} INFO - Started process (PID=3350) to work on /opt/airflow/dags/crawl_search_page.py
[2025-11-22T06:43:37.613+0000] {processor.py:914} INFO - Processing file /opt/airflow/dags/crawl_search_page.py for tasks to queue
[2025-11-22T06:43:37.614+0000] {logging_mixin.py:190} INFO - [2025-11-22T06:43:37.614+0000] {dagbag.py:588} INFO - Filling up the DagBag from /opt/airflow/dags/crawl_search_page.py
[2025-11-22T06:43:38.185+0000] {processor.py:925} INFO - DAG(s) 'crawl_search_page' retrieved from /opt/airflow/dags/crawl_search_page.py
[2025-11-22T06:43:38.201+0000] {logging_mixin.py:190} INFO - [2025-11-22T06:43:38.201+0000] {dag.py:3239} INFO - Sync 1 DAGs
[2025-11-22T06:43:38.212+0000] {logging_mixin.py:190} INFO - [2025-11-22T06:43:38.212+0000] {dag.py:4180} INFO - Setting next_dagrun for crawl_search_page to None, run_after=None
[2025-11-22T06:43:38.231+0000] {processor.py:208} INFO - Processing /opt/airflow/dags/crawl_search_page.py took 0.625 seconds
[2025-11-22T06:44:08.556+0000] {processor.py:186} INFO - Started process (PID=3362) to work on /opt/airflow/dags/crawl_search_page.py
[2025-11-22T06:44:08.559+0000] {processor.py:914} INFO - Processing file /opt/airflow/dags/crawl_search_page.py for tasks to queue
[2025-11-22T06:44:08.564+0000] {logging_mixin.py:190} INFO - [2025-11-22T06:44:08.563+0000] {dagbag.py:588} INFO - Filling up the DagBag from /opt/airflow/dags/crawl_search_page.py
[2025-11-22T06:44:09.607+0000] {processor.py:925} INFO - DAG(s) 'crawl_search_page' retrieved from /opt/airflow/dags/crawl_search_page.py
[2025-11-22T06:44:09.638+0000] {logging_mixin.py:190} INFO - [2025-11-22T06:44:09.638+0000] {dag.py:3239} INFO - Sync 1 DAGs
[2025-11-22T06:44:09.654+0000] {logging_mixin.py:190} INFO - [2025-11-22T06:44:09.654+0000] {dag.py:4180} INFO - Setting next_dagrun for crawl_search_page to None, run_after=None
[2025-11-22T06:44:09.673+0000] {processor.py:208} INFO - Processing /opt/airflow/dags/crawl_search_page.py took 1.128 seconds
[2025-11-22T06:44:39.956+0000] {processor.py:186} INFO - Started process (PID=3374) to work on /opt/airflow/dags/crawl_search_page.py
[2025-11-22T06:44:39.957+0000] {processor.py:914} INFO - Processing file /opt/airflow/dags/crawl_search_page.py for tasks to queue
[2025-11-22T06:44:39.959+0000] {logging_mixin.py:190} INFO - [2025-11-22T06:44:39.959+0000] {dagbag.py:588} INFO - Filling up the DagBag from /opt/airflow/dags/crawl_search_page.py
[2025-11-22T06:44:40.561+0000] {processor.py:925} INFO - DAG(s) 'crawl_search_page' retrieved from /opt/airflow/dags/crawl_search_page.py
[2025-11-22T06:44:40.578+0000] {logging_mixin.py:190} INFO - [2025-11-22T06:44:40.578+0000] {dag.py:3239} INFO - Sync 1 DAGs
[2025-11-22T06:44:40.588+0000] {logging_mixin.py:190} INFO - [2025-11-22T06:44:40.588+0000] {dag.py:4180} INFO - Setting next_dagrun for crawl_search_page to None, run_after=None
[2025-11-22T06:44:40.606+0000] {processor.py:208} INFO - Processing /opt/airflow/dags/crawl_search_page.py took 0.656 seconds
[2025-11-22T06:45:11.228+0000] {processor.py:186} INFO - Started process (PID=3386) to work on /opt/airflow/dags/crawl_search_page.py
[2025-11-22T06:45:11.229+0000] {processor.py:914} INFO - Processing file /opt/airflow/dags/crawl_search_page.py for tasks to queue
[2025-11-22T06:45:11.232+0000] {logging_mixin.py:190} INFO - [2025-11-22T06:45:11.232+0000] {dagbag.py:588} INFO - Filling up the DagBag from /opt/airflow/dags/crawl_search_page.py
[2025-11-22T06:45:11.794+0000] {processor.py:925} INFO - DAG(s) 'crawl_search_page' retrieved from /opt/airflow/dags/crawl_search_page.py
[2025-11-22T06:45:11.813+0000] {logging_mixin.py:190} INFO - [2025-11-22T06:45:11.812+0000] {dag.py:3239} INFO - Sync 1 DAGs
[2025-11-22T06:45:11.823+0000] {logging_mixin.py:190} INFO - [2025-11-22T06:45:11.823+0000] {dag.py:4180} INFO - Setting next_dagrun for crawl_search_page to None, run_after=None
[2025-11-22T06:45:11.851+0000] {processor.py:208} INFO - Processing /opt/airflow/dags/crawl_search_page.py took 0.628 seconds
[2025-11-22T06:45:42.252+0000] {processor.py:186} INFO - Started process (PID=3398) to work on /opt/airflow/dags/crawl_search_page.py
[2025-11-22T06:45:42.253+0000] {processor.py:914} INFO - Processing file /opt/airflow/dags/crawl_search_page.py for tasks to queue
[2025-11-22T06:45:42.256+0000] {logging_mixin.py:190} INFO - [2025-11-22T06:45:42.255+0000] {dagbag.py:588} INFO - Filling up the DagBag from /opt/airflow/dags/crawl_search_page.py
[2025-11-22T06:45:42.864+0000] {processor.py:925} INFO - DAG(s) 'crawl_search_page' retrieved from /opt/airflow/dags/crawl_search_page.py
[2025-11-22T06:45:42.884+0000] {logging_mixin.py:190} INFO - [2025-11-22T06:45:42.884+0000] {dag.py:3239} INFO - Sync 1 DAGs
[2025-11-22T06:45:42.903+0000] {logging_mixin.py:190} INFO - [2025-11-22T06:45:42.903+0000] {dag.py:4180} INFO - Setting next_dagrun for crawl_search_page to None, run_after=None
[2025-11-22T06:45:42.922+0000] {processor.py:208} INFO - Processing /opt/airflow/dags/crawl_search_page.py took 0.676 seconds
[2025-11-22T06:46:13.131+0000] {processor.py:186} INFO - Started process (PID=3410) to work on /opt/airflow/dags/crawl_search_page.py
[2025-11-22T06:46:13.133+0000] {processor.py:914} INFO - Processing file /opt/airflow/dags/crawl_search_page.py for tasks to queue
[2025-11-22T06:46:13.138+0000] {logging_mixin.py:190} INFO - [2025-11-22T06:46:13.137+0000] {dagbag.py:588} INFO - Filling up the DagBag from /opt/airflow/dags/crawl_search_page.py
[2025-11-22T06:46:13.817+0000] {processor.py:925} INFO - DAG(s) 'crawl_search_page' retrieved from /opt/airflow/dags/crawl_search_page.py
[2025-11-22T06:46:13.835+0000] {logging_mixin.py:190} INFO - [2025-11-22T06:46:13.835+0000] {dag.py:3239} INFO - Sync 1 DAGs
[2025-11-22T06:46:13.845+0000] {logging_mixin.py:190} INFO - [2025-11-22T06:46:13.845+0000] {dag.py:4180} INFO - Setting next_dagrun for crawl_search_page to None, run_after=None
[2025-11-22T06:46:13.863+0000] {processor.py:208} INFO - Processing /opt/airflow/dags/crawl_search_page.py took 0.745 seconds
[2025-11-22T06:46:44.405+0000] {processor.py:186} INFO - Started process (PID=3422) to work on /opt/airflow/dags/crawl_search_page.py
[2025-11-22T06:46:44.406+0000] {processor.py:914} INFO - Processing file /opt/airflow/dags/crawl_search_page.py for tasks to queue
[2025-11-22T06:46:44.408+0000] {logging_mixin.py:190} INFO - [2025-11-22T06:46:44.408+0000] {dagbag.py:588} INFO - Filling up the DagBag from /opt/airflow/dags/crawl_search_page.py
[2025-11-22T06:46:45.072+0000] {processor.py:925} INFO - DAG(s) 'crawl_search_page' retrieved from /opt/airflow/dags/crawl_search_page.py
[2025-11-22T06:46:45.097+0000] {logging_mixin.py:190} INFO - [2025-11-22T06:46:45.097+0000] {dag.py:3239} INFO - Sync 1 DAGs
[2025-11-22T06:46:45.109+0000] {logging_mixin.py:190} INFO - [2025-11-22T06:46:45.109+0000] {dag.py:4180} INFO - Setting next_dagrun for crawl_search_page to None, run_after=None
[2025-11-22T06:46:45.128+0000] {processor.py:208} INFO - Processing /opt/airflow/dags/crawl_search_page.py took 0.731 seconds
[2025-11-22T06:47:15.521+0000] {processor.py:186} INFO - Started process (PID=3434) to work on /opt/airflow/dags/crawl_search_page.py
[2025-11-22T06:47:15.522+0000] {processor.py:914} INFO - Processing file /opt/airflow/dags/crawl_search_page.py for tasks to queue
[2025-11-22T06:47:15.525+0000] {logging_mixin.py:190} INFO - [2025-11-22T06:47:15.524+0000] {dagbag.py:588} INFO - Filling up the DagBag from /opt/airflow/dags/crawl_search_page.py
[2025-11-22T06:47:16.136+0000] {processor.py:925} INFO - DAG(s) 'crawl_search_page' retrieved from /opt/airflow/dags/crawl_search_page.py
[2025-11-22T06:47:16.154+0000] {logging_mixin.py:190} INFO - [2025-11-22T06:47:16.154+0000] {dag.py:3239} INFO - Sync 1 DAGs
[2025-11-22T06:47:16.165+0000] {logging_mixin.py:190} INFO - [2025-11-22T06:47:16.165+0000] {dag.py:4180} INFO - Setting next_dagrun for crawl_search_page to None, run_after=None
[2025-11-22T06:47:16.182+0000] {processor.py:208} INFO - Processing /opt/airflow/dags/crawl_search_page.py took 0.667 seconds
[2025-11-22T06:47:46.260+0000] {processor.py:186} INFO - Started process (PID=3446) to work on /opt/airflow/dags/crawl_search_page.py
[2025-11-22T06:47:46.261+0000] {processor.py:914} INFO - Processing file /opt/airflow/dags/crawl_search_page.py for tasks to queue
[2025-11-22T06:47:46.264+0000] {logging_mixin.py:190} INFO - [2025-11-22T06:47:46.263+0000] {dagbag.py:588} INFO - Filling up the DagBag from /opt/airflow/dags/crawl_search_page.py
[2025-11-22T06:47:46.858+0000] {processor.py:925} INFO - DAG(s) 'crawl_search_page' retrieved from /opt/airflow/dags/crawl_search_page.py
[2025-11-22T06:47:46.876+0000] {logging_mixin.py:190} INFO - [2025-11-22T06:47:46.876+0000] {dag.py:3239} INFO - Sync 1 DAGs
[2025-11-22T06:47:46.887+0000] {logging_mixin.py:190} INFO - [2025-11-22T06:47:46.887+0000] {dag.py:4180} INFO - Setting next_dagrun for crawl_search_page to None, run_after=None
[2025-11-22T06:47:46.914+0000] {processor.py:208} INFO - Processing /opt/airflow/dags/crawl_search_page.py took 0.661 seconds
[2025-11-22T06:48:17.220+0000] {processor.py:186} INFO - Started process (PID=3458) to work on /opt/airflow/dags/crawl_search_page.py
[2025-11-22T06:48:17.221+0000] {processor.py:914} INFO - Processing file /opt/airflow/dags/crawl_search_page.py for tasks to queue
[2025-11-22T06:48:17.224+0000] {logging_mixin.py:190} INFO - [2025-11-22T06:48:17.223+0000] {dagbag.py:588} INFO - Filling up the DagBag from /opt/airflow/dags/crawl_search_page.py
[2025-11-22T06:48:17.911+0000] {processor.py:925} INFO - DAG(s) 'crawl_search_page' retrieved from /opt/airflow/dags/crawl_search_page.py
[2025-11-22T06:48:17.934+0000] {logging_mixin.py:190} INFO - [2025-11-22T06:48:17.934+0000] {dag.py:3239} INFO - Sync 1 DAGs
[2025-11-22T06:48:17.948+0000] {logging_mixin.py:190} INFO - [2025-11-22T06:48:17.948+0000] {dag.py:4180} INFO - Setting next_dagrun for crawl_search_page to None, run_after=None
[2025-11-22T06:48:17.970+0000] {processor.py:208} INFO - Processing /opt/airflow/dags/crawl_search_page.py took 0.757 seconds
[2025-11-22T06:48:48.258+0000] {processor.py:186} INFO - Started process (PID=3470) to work on /opt/airflow/dags/crawl_search_page.py
[2025-11-22T06:48:48.259+0000] {processor.py:914} INFO - Processing file /opt/airflow/dags/crawl_search_page.py for tasks to queue
[2025-11-22T06:48:48.262+0000] {logging_mixin.py:190} INFO - [2025-11-22T06:48:48.262+0000] {dagbag.py:588} INFO - Filling up the DagBag from /opt/airflow/dags/crawl_search_page.py
[2025-11-22T06:48:48.873+0000] {processor.py:925} INFO - DAG(s) 'crawl_search_page' retrieved from /opt/airflow/dags/crawl_search_page.py
[2025-11-22T06:48:48.892+0000] {logging_mixin.py:190} INFO - [2025-11-22T06:48:48.891+0000] {dag.py:3239} INFO - Sync 1 DAGs
[2025-11-22T06:48:48.904+0000] {logging_mixin.py:190} INFO - [2025-11-22T06:48:48.904+0000] {dag.py:4180} INFO - Setting next_dagrun for crawl_search_page to None, run_after=None
[2025-11-22T06:48:48.923+0000] {processor.py:208} INFO - Processing /opt/airflow/dags/crawl_search_page.py took 0.672 seconds
[2025-11-22T06:49:19.234+0000] {processor.py:186} INFO - Started process (PID=3482) to work on /opt/airflow/dags/crawl_search_page.py
[2025-11-22T06:49:19.235+0000] {processor.py:914} INFO - Processing file /opt/airflow/dags/crawl_search_page.py for tasks to queue
[2025-11-22T06:49:19.238+0000] {logging_mixin.py:190} INFO - [2025-11-22T06:49:19.237+0000] {dagbag.py:588} INFO - Filling up the DagBag from /opt/airflow/dags/crawl_search_page.py
[2025-11-22T06:49:19.823+0000] {processor.py:925} INFO - DAG(s) 'crawl_search_page' retrieved from /opt/airflow/dags/crawl_search_page.py
[2025-11-22T06:49:19.841+0000] {logging_mixin.py:190} INFO - [2025-11-22T06:49:19.841+0000] {dag.py:3239} INFO - Sync 1 DAGs
[2025-11-22T06:49:19.854+0000] {logging_mixin.py:190} INFO - [2025-11-22T06:49:19.854+0000] {dag.py:4180} INFO - Setting next_dagrun for crawl_search_page to None, run_after=None
[2025-11-22T06:49:19.872+0000] {processor.py:208} INFO - Processing /opt/airflow/dags/crawl_search_page.py took 0.644 seconds
[2025-11-22T06:49:50.155+0000] {processor.py:186} INFO - Started process (PID=3494) to work on /opt/airflow/dags/crawl_search_page.py
[2025-11-22T06:49:50.157+0000] {processor.py:914} INFO - Processing file /opt/airflow/dags/crawl_search_page.py for tasks to queue
[2025-11-22T06:49:50.160+0000] {logging_mixin.py:190} INFO - [2025-11-22T06:49:50.159+0000] {dagbag.py:588} INFO - Filling up the DagBag from /opt/airflow/dags/crawl_search_page.py
[2025-11-22T06:49:50.869+0000] {processor.py:925} INFO - DAG(s) 'crawl_search_page' retrieved from /opt/airflow/dags/crawl_search_page.py
[2025-11-22T06:49:50.894+0000] {logging_mixin.py:190} INFO - [2025-11-22T06:49:50.894+0000] {dag.py:3239} INFO - Sync 1 DAGs
[2025-11-22T06:49:50.907+0000] {logging_mixin.py:190} INFO - [2025-11-22T06:49:50.907+0000] {dag.py:4180} INFO - Setting next_dagrun for crawl_search_page to None, run_after=None
[2025-11-22T06:49:50.926+0000] {processor.py:208} INFO - Processing /opt/airflow/dags/crawl_search_page.py took 0.778 seconds
[2025-11-22T06:50:21.383+0000] {processor.py:186} INFO - Started process (PID=3506) to work on /opt/airflow/dags/crawl_search_page.py
[2025-11-22T06:50:21.384+0000] {processor.py:914} INFO - Processing file /opt/airflow/dags/crawl_search_page.py for tasks to queue
[2025-11-22T06:50:21.387+0000] {logging_mixin.py:190} INFO - [2025-11-22T06:50:21.386+0000] {dagbag.py:588} INFO - Filling up the DagBag from /opt/airflow/dags/crawl_search_page.py
[2025-11-22T06:50:22.255+0000] {processor.py:925} INFO - DAG(s) 'crawl_search_page' retrieved from /opt/airflow/dags/crawl_search_page.py
[2025-11-22T06:50:22.287+0000] {logging_mixin.py:190} INFO - [2025-11-22T06:50:22.287+0000] {dag.py:3239} INFO - Sync 1 DAGs
[2025-11-22T06:50:22.299+0000] {logging_mixin.py:190} INFO - [2025-11-22T06:50:22.299+0000] {dag.py:4180} INFO - Setting next_dagrun for crawl_search_page to None, run_after=None
[2025-11-22T06:50:22.326+0000] {processor.py:208} INFO - Processing /opt/airflow/dags/crawl_search_page.py took 0.951 seconds
[2025-11-22T06:50:52.657+0000] {processor.py:186} INFO - Started process (PID=3518) to work on /opt/airflow/dags/crawl_search_page.py
[2025-11-22T06:50:52.658+0000] {processor.py:914} INFO - Processing file /opt/airflow/dags/crawl_search_page.py for tasks to queue
[2025-11-22T06:50:52.661+0000] {logging_mixin.py:190} INFO - [2025-11-22T06:50:52.660+0000] {dagbag.py:588} INFO - Filling up the DagBag from /opt/airflow/dags/crawl_search_page.py
[2025-11-22T06:50:53.403+0000] {processor.py:925} INFO - DAG(s) 'crawl_search_page' retrieved from /opt/airflow/dags/crawl_search_page.py
[2025-11-22T06:50:53.423+0000] {logging_mixin.py:190} INFO - [2025-11-22T06:50:53.423+0000] {dag.py:3239} INFO - Sync 1 DAGs
[2025-11-22T06:50:53.435+0000] {logging_mixin.py:190} INFO - [2025-11-22T06:50:53.435+0000] {dag.py:4180} INFO - Setting next_dagrun for crawl_search_page to None, run_after=None
[2025-11-22T06:50:53.457+0000] {processor.py:208} INFO - Processing /opt/airflow/dags/crawl_search_page.py took 0.805 seconds
[2025-11-22T06:51:23.772+0000] {processor.py:186} INFO - Started process (PID=3530) to work on /opt/airflow/dags/crawl_search_page.py
[2025-11-22T06:51:23.774+0000] {processor.py:914} INFO - Processing file /opt/airflow/dags/crawl_search_page.py for tasks to queue
[2025-11-22T06:51:23.777+0000] {logging_mixin.py:190} INFO - [2025-11-22T06:51:23.776+0000] {dagbag.py:588} INFO - Filling up the DagBag from /opt/airflow/dags/crawl_search_page.py
[2025-11-22T06:51:24.760+0000] {processor.py:925} INFO - DAG(s) 'crawl_search_page' retrieved from /opt/airflow/dags/crawl_search_page.py
[2025-11-22T06:51:24.783+0000] {logging_mixin.py:190} INFO - [2025-11-22T06:51:24.783+0000] {dag.py:3239} INFO - Sync 1 DAGs
[2025-11-22T06:51:24.798+0000] {logging_mixin.py:190} INFO - [2025-11-22T06:51:24.797+0000] {dag.py:4180} INFO - Setting next_dagrun for crawl_search_page to None, run_after=None
[2025-11-22T06:51:24.823+0000] {processor.py:208} INFO - Processing /opt/airflow/dags/crawl_search_page.py took 1.060 seconds
[2025-11-22T06:51:55.102+0000] {processor.py:186} INFO - Started process (PID=3548) to work on /opt/airflow/dags/crawl_search_page.py
[2025-11-22T06:51:55.103+0000] {processor.py:914} INFO - Processing file /opt/airflow/dags/crawl_search_page.py for tasks to queue
[2025-11-22T06:51:55.106+0000] {logging_mixin.py:190} INFO - [2025-11-22T06:51:55.105+0000] {dagbag.py:588} INFO - Filling up the DagBag from /opt/airflow/dags/crawl_search_page.py
[2025-11-22T06:51:55.801+0000] {processor.py:925} INFO - DAG(s) 'crawl_search_page' retrieved from /opt/airflow/dags/crawl_search_page.py
[2025-11-22T06:51:55.823+0000] {logging_mixin.py:190} INFO - [2025-11-22T06:51:55.822+0000] {dag.py:3239} INFO - Sync 1 DAGs
[2025-11-22T06:51:55.837+0000] {logging_mixin.py:190} INFO - [2025-11-22T06:51:55.837+0000] {dag.py:4180} INFO - Setting next_dagrun for crawl_search_page to None, run_after=None
[2025-11-22T06:51:55.859+0000] {processor.py:208} INFO - Processing /opt/airflow/dags/crawl_search_page.py took 0.764 seconds
[2025-11-22T06:52:26.303+0000] {processor.py:186} INFO - Started process (PID=3560) to work on /opt/airflow/dags/crawl_search_page.py
[2025-11-22T06:52:26.304+0000] {processor.py:914} INFO - Processing file /opt/airflow/dags/crawl_search_page.py for tasks to queue
[2025-11-22T06:52:26.306+0000] {logging_mixin.py:190} INFO - [2025-11-22T06:52:26.306+0000] {dagbag.py:588} INFO - Filling up the DagBag from /opt/airflow/dags/crawl_search_page.py
[2025-11-22T06:52:26.893+0000] {processor.py:925} INFO - DAG(s) 'crawl_search_page' retrieved from /opt/airflow/dags/crawl_search_page.py
[2025-11-22T06:52:26.911+0000] {logging_mixin.py:190} INFO - [2025-11-22T06:52:26.911+0000] {dag.py:3239} INFO - Sync 1 DAGs
[2025-11-22T06:52:26.923+0000] {logging_mixin.py:190} INFO - [2025-11-22T06:52:26.922+0000] {dag.py:4180} INFO - Setting next_dagrun for crawl_search_page to None, run_after=None
[2025-11-22T06:52:26.940+0000] {processor.py:208} INFO - Processing /opt/airflow/dags/crawl_search_page.py took 0.643 seconds
[2025-11-22T06:52:57.361+0000] {processor.py:186} INFO - Started process (PID=3572) to work on /opt/airflow/dags/crawl_search_page.py
[2025-11-22T06:52:57.362+0000] {processor.py:914} INFO - Processing file /opt/airflow/dags/crawl_search_page.py for tasks to queue
[2025-11-22T06:52:57.365+0000] {logging_mixin.py:190} INFO - [2025-11-22T06:52:57.364+0000] {dagbag.py:588} INFO - Filling up the DagBag from /opt/airflow/dags/crawl_search_page.py
[2025-11-22T06:52:57.948+0000] {processor.py:925} INFO - DAG(s) 'crawl_search_page' retrieved from /opt/airflow/dags/crawl_search_page.py
[2025-11-22T06:52:57.968+0000] {logging_mixin.py:190} INFO - [2025-11-22T06:52:57.968+0000] {dag.py:3239} INFO - Sync 1 DAGs
[2025-11-22T06:52:57.979+0000] {logging_mixin.py:190} INFO - [2025-11-22T06:52:57.979+0000] {dag.py:4180} INFO - Setting next_dagrun for crawl_search_page to None, run_after=None
[2025-11-22T06:52:57.999+0000] {processor.py:208} INFO - Processing /opt/airflow/dags/crawl_search_page.py took 0.644 seconds
[2025-11-22T06:53:28.279+0000] {processor.py:186} INFO - Started process (PID=3584) to work on /opt/airflow/dags/crawl_search_page.py
[2025-11-22T06:53:28.280+0000] {processor.py:914} INFO - Processing file /opt/airflow/dags/crawl_search_page.py for tasks to queue
[2025-11-22T06:53:28.283+0000] {logging_mixin.py:190} INFO - [2025-11-22T06:53:28.282+0000] {dagbag.py:588} INFO - Filling up the DagBag from /opt/airflow/dags/crawl_search_page.py
[2025-11-22T06:53:28.871+0000] {processor.py:925} INFO - DAG(s) 'crawl_search_page' retrieved from /opt/airflow/dags/crawl_search_page.py
[2025-11-22T06:53:28.889+0000] {logging_mixin.py:190} INFO - [2025-11-22T06:53:28.888+0000] {dag.py:3239} INFO - Sync 1 DAGs
[2025-11-22T06:53:28.899+0000] {logging_mixin.py:190} INFO - [2025-11-22T06:53:28.899+0000] {dag.py:4180} INFO - Setting next_dagrun for crawl_search_page to None, run_after=None
[2025-11-22T06:53:28.917+0000] {processor.py:208} INFO - Processing /opt/airflow/dags/crawl_search_page.py took 0.643 seconds
[2025-11-22T06:53:59.318+0000] {processor.py:186} INFO - Started process (PID=3596) to work on /opt/airflow/dags/crawl_search_page.py
[2025-11-22T06:53:59.319+0000] {processor.py:914} INFO - Processing file /opt/airflow/dags/crawl_search_page.py for tasks to queue
[2025-11-22T06:53:59.322+0000] {logging_mixin.py:190} INFO - [2025-11-22T06:53:59.322+0000] {dagbag.py:588} INFO - Filling up the DagBag from /opt/airflow/dags/crawl_search_page.py
[2025-11-22T06:53:59.891+0000] {processor.py:925} INFO - DAG(s) 'crawl_search_page' retrieved from /opt/airflow/dags/crawl_search_page.py
[2025-11-22T06:53:59.909+0000] {logging_mixin.py:190} INFO - [2025-11-22T06:53:59.909+0000] {dag.py:3239} INFO - Sync 1 DAGs
[2025-11-22T06:53:59.920+0000] {logging_mixin.py:190} INFO - [2025-11-22T06:53:59.919+0000] {dag.py:4180} INFO - Setting next_dagrun for crawl_search_page to None, run_after=None
[2025-11-22T06:53:59.939+0000] {processor.py:208} INFO - Processing /opt/airflow/dags/crawl_search_page.py took 0.629 seconds
[2025-11-22T06:54:30.086+0000] {processor.py:186} INFO - Started process (PID=3608) to work on /opt/airflow/dags/crawl_search_page.py
[2025-11-22T06:54:30.087+0000] {processor.py:914} INFO - Processing file /opt/airflow/dags/crawl_search_page.py for tasks to queue
[2025-11-22T06:54:30.089+0000] {logging_mixin.py:190} INFO - [2025-11-22T06:54:30.089+0000] {dagbag.py:588} INFO - Filling up the DagBag from /opt/airflow/dags/crawl_search_page.py
[2025-11-22T06:54:30.680+0000] {processor.py:925} INFO - DAG(s) 'crawl_search_page' retrieved from /opt/airflow/dags/crawl_search_page.py
[2025-11-22T06:54:30.699+0000] {logging_mixin.py:190} INFO - [2025-11-22T06:54:30.698+0000] {dag.py:3239} INFO - Sync 1 DAGs
[2025-11-22T06:54:30.709+0000] {logging_mixin.py:190} INFO - [2025-11-22T06:54:30.709+0000] {dag.py:4180} INFO - Setting next_dagrun for crawl_search_page to None, run_after=None
[2025-11-22T06:54:30.736+0000] {processor.py:208} INFO - Processing /opt/airflow/dags/crawl_search_page.py took 0.656 seconds
[2025-11-22T06:55:01.129+0000] {processor.py:186} INFO - Started process (PID=3620) to work on /opt/airflow/dags/crawl_search_page.py
[2025-11-22T06:55:01.130+0000] {processor.py:914} INFO - Processing file /opt/airflow/dags/crawl_search_page.py for tasks to queue
[2025-11-22T06:55:01.132+0000] {logging_mixin.py:190} INFO - [2025-11-22T06:55:01.132+0000] {dagbag.py:588} INFO - Filling up the DagBag from /opt/airflow/dags/crawl_search_page.py
[2025-11-22T06:55:01.740+0000] {processor.py:925} INFO - DAG(s) 'crawl_search_page' retrieved from /opt/airflow/dags/crawl_search_page.py
[2025-11-22T06:55:01.759+0000] {logging_mixin.py:190} INFO - [2025-11-22T06:55:01.758+0000] {dag.py:3239} INFO - Sync 1 DAGs
[2025-11-22T06:55:01.769+0000] {logging_mixin.py:190} INFO - [2025-11-22T06:55:01.769+0000] {dag.py:4180} INFO - Setting next_dagrun for crawl_search_page to None, run_after=None
[2025-11-22T06:55:01.789+0000] {processor.py:208} INFO - Processing /opt/airflow/dags/crawl_search_page.py took 0.666 seconds
[2025-11-22T06:55:32.263+0000] {processor.py:186} INFO - Started process (PID=3632) to work on /opt/airflow/dags/crawl_search_page.py
[2025-11-22T06:55:32.264+0000] {processor.py:914} INFO - Processing file /opt/airflow/dags/crawl_search_page.py for tasks to queue
[2025-11-22T06:55:32.266+0000] {logging_mixin.py:190} INFO - [2025-11-22T06:55:32.266+0000] {dagbag.py:588} INFO - Filling up the DagBag from /opt/airflow/dags/crawl_search_page.py
[2025-11-22T06:55:32.857+0000] {processor.py:925} INFO - DAG(s) 'crawl_search_page' retrieved from /opt/airflow/dags/crawl_search_page.py
[2025-11-22T06:55:32.875+0000] {logging_mixin.py:190} INFO - [2025-11-22T06:55:32.875+0000] {dag.py:3239} INFO - Sync 1 DAGs
[2025-11-22T06:55:32.886+0000] {logging_mixin.py:190} INFO - [2025-11-22T06:55:32.886+0000] {dag.py:4180} INFO - Setting next_dagrun for crawl_search_page to None, run_after=None
[2025-11-22T06:55:32.905+0000] {processor.py:208} INFO - Processing /opt/airflow/dags/crawl_search_page.py took 0.647 seconds
[2025-11-22T06:56:03.289+0000] {processor.py:186} INFO - Started process (PID=3644) to work on /opt/airflow/dags/crawl_search_page.py
[2025-11-22T06:56:03.290+0000] {processor.py:914} INFO - Processing file /opt/airflow/dags/crawl_search_page.py for tasks to queue
[2025-11-22T06:56:03.293+0000] {logging_mixin.py:190} INFO - [2025-11-22T06:56:03.292+0000] {dagbag.py:588} INFO - Filling up the DagBag from /opt/airflow/dags/crawl_search_page.py
[2025-11-22T06:56:03.952+0000] {processor.py:925} INFO - DAG(s) 'crawl_search_page' retrieved from /opt/airflow/dags/crawl_search_page.py
[2025-11-22T06:56:03.972+0000] {logging_mixin.py:190} INFO - [2025-11-22T06:56:03.971+0000] {dag.py:3239} INFO - Sync 1 DAGs
[2025-11-22T06:56:03.983+0000] {logging_mixin.py:190} INFO - [2025-11-22T06:56:03.983+0000] {dag.py:4180} INFO - Setting next_dagrun for crawl_search_page to None, run_after=None
[2025-11-22T06:56:04.000+0000] {processor.py:208} INFO - Processing /opt/airflow/dags/crawl_search_page.py took 0.717 seconds
[2025-11-22T06:58:06.896+0000] {processor.py:186} INFO - Started process (PID=174) to work on /opt/airflow/dags/crawl_search_page.py
[2025-11-22T06:58:06.897+0000] {processor.py:914} INFO - Processing file /opt/airflow/dags/crawl_search_page.py for tasks to queue
[2025-11-22T06:58:06.899+0000] {logging_mixin.py:190} INFO - [2025-11-22T06:58:06.899+0000] {dagbag.py:588} INFO - Filling up the DagBag from /opt/airflow/dags/crawl_search_page.py
[2025-11-22T06:58:08.005+0000] {processor.py:925} INFO - DAG(s) 'crawl_search_page' retrieved from /opt/airflow/dags/crawl_search_page.py
[2025-11-22T06:58:08.041+0000] {logging_mixin.py:190} INFO - [2025-11-22T06:58:08.041+0000] {dag.py:3239} INFO - Sync 1 DAGs
[2025-11-22T06:58:08.059+0000] {logging_mixin.py:190} INFO - [2025-11-22T06:58:08.059+0000] {dag.py:4180} INFO - Setting next_dagrun for crawl_search_page to None, run_after=None
[2025-11-22T06:58:08.079+0000] {processor.py:208} INFO - Processing /opt/airflow/dags/crawl_search_page.py took 1.190 seconds
[2025-11-22T06:58:38.336+0000] {processor.py:186} INFO - Started process (PID=193) to work on /opt/airflow/dags/crawl_search_page.py
[2025-11-22T06:58:38.337+0000] {processor.py:914} INFO - Processing file /opt/airflow/dags/crawl_search_page.py for tasks to queue
[2025-11-22T06:58:38.339+0000] {logging_mixin.py:190} INFO - [2025-11-22T06:58:38.339+0000] {dagbag.py:588} INFO - Filling up the DagBag from /opt/airflow/dags/crawl_search_page.py
[2025-11-22T06:58:38.959+0000] {processor.py:925} INFO - DAG(s) 'crawl_search_page' retrieved from /opt/airflow/dags/crawl_search_page.py
[2025-11-22T06:58:38.977+0000] {logging_mixin.py:190} INFO - [2025-11-22T06:58:38.976+0000] {dag.py:3239} INFO - Sync 1 DAGs
[2025-11-22T06:58:38.988+0000] {logging_mixin.py:190} INFO - [2025-11-22T06:58:38.987+0000] {dag.py:4180} INFO - Setting next_dagrun for crawl_search_page to None, run_after=None
[2025-11-22T06:58:39.007+0000] {processor.py:208} INFO - Processing /opt/airflow/dags/crawl_search_page.py took 0.677 seconds
[2025-11-22T06:59:09.403+0000] {processor.py:186} INFO - Started process (PID=205) to work on /opt/airflow/dags/crawl_search_page.py
[2025-11-22T06:59:09.404+0000] {processor.py:914} INFO - Processing file /opt/airflow/dags/crawl_search_page.py for tasks to queue
[2025-11-22T06:59:09.406+0000] {logging_mixin.py:190} INFO - [2025-11-22T06:59:09.406+0000] {dagbag.py:588} INFO - Filling up the DagBag from /opt/airflow/dags/crawl_search_page.py
[2025-11-22T06:59:10.114+0000] {processor.py:925} INFO - DAG(s) 'crawl_search_page' retrieved from /opt/airflow/dags/crawl_search_page.py
[2025-11-22T06:59:10.135+0000] {logging_mixin.py:190} INFO - [2025-11-22T06:59:10.135+0000] {dag.py:3239} INFO - Sync 1 DAGs
[2025-11-22T06:59:10.148+0000] {logging_mixin.py:190} INFO - [2025-11-22T06:59:10.147+0000] {dag.py:4180} INFO - Setting next_dagrun for crawl_search_page to None, run_after=None
[2025-11-22T06:59:10.167+0000] {processor.py:208} INFO - Processing /opt/airflow/dags/crawl_search_page.py took 0.770 seconds
[2025-11-22T06:59:59.929+0000] {processor.py:186} INFO - Started process (PID=180) to work on /opt/airflow/dags/crawl_search_page.py
[2025-11-22T06:59:59.930+0000] {processor.py:914} INFO - Processing file /opt/airflow/dags/crawl_search_page.py for tasks to queue
[2025-11-22T06:59:59.932+0000] {logging_mixin.py:190} INFO - [2025-11-22T06:59:59.932+0000] {dagbag.py:588} INFO - Filling up the DagBag from /opt/airflow/dags/crawl_search_page.py
[2025-11-22T07:00:00.696+0000] {processor.py:925} INFO - DAG(s) 'crawl_search_page' retrieved from /opt/airflow/dags/crawl_search_page.py
[2025-11-22T07:00:00.721+0000] {logging_mixin.py:190} INFO - [2025-11-22T07:00:00.720+0000] {dag.py:3239} INFO - Sync 1 DAGs
[2025-11-22T07:00:00.737+0000] {logging_mixin.py:190} INFO - [2025-11-22T07:00:00.737+0000] {dag.py:4180} INFO - Setting next_dagrun for crawl_search_page to None, run_after=None
[2025-11-22T07:00:00.759+0000] {processor.py:208} INFO - Processing /opt/airflow/dags/crawl_search_page.py took 0.837 seconds
[2025-11-22T07:00:31.131+0000] {processor.py:186} INFO - Started process (PID=192) to work on /opt/airflow/dags/crawl_search_page.py
[2025-11-22T07:00:31.132+0000] {processor.py:914} INFO - Processing file /opt/airflow/dags/crawl_search_page.py for tasks to queue
[2025-11-22T07:00:31.134+0000] {logging_mixin.py:190} INFO - [2025-11-22T07:00:31.134+0000] {dagbag.py:588} INFO - Filling up the DagBag from /opt/airflow/dags/crawl_search_page.py
[2025-11-22T07:00:31.715+0000] {processor.py:925} INFO - DAG(s) 'crawl_search_page' retrieved from /opt/airflow/dags/crawl_search_page.py
[2025-11-22T07:00:31.732+0000] {logging_mixin.py:190} INFO - [2025-11-22T07:00:31.732+0000] {dag.py:3239} INFO - Sync 1 DAGs
[2025-11-22T07:00:31.742+0000] {logging_mixin.py:190} INFO - [2025-11-22T07:00:31.742+0000] {dag.py:4180} INFO - Setting next_dagrun for crawl_search_page to None, run_after=None
[2025-11-22T07:00:31.770+0000] {processor.py:208} INFO - Processing /opt/airflow/dags/crawl_search_page.py took 0.644 seconds
[2025-11-22T07:01:02.142+0000] {processor.py:186} INFO - Started process (PID=204) to work on /opt/airflow/dags/crawl_search_page.py
[2025-11-22T07:01:02.144+0000] {processor.py:914} INFO - Processing file /opt/airflow/dags/crawl_search_page.py for tasks to queue
[2025-11-22T07:01:02.152+0000] {logging_mixin.py:190} INFO - [2025-11-22T07:01:02.152+0000] {dagbag.py:588} INFO - Filling up the DagBag from /opt/airflow/dags/crawl_search_page.py
[2025-11-22T07:01:03.024+0000] {processor.py:925} INFO - DAG(s) 'crawl_search_page' retrieved from /opt/airflow/dags/crawl_search_page.py
[2025-11-22T07:01:03.044+0000] {logging_mixin.py:190} INFO - [2025-11-22T07:01:03.044+0000] {dag.py:3239} INFO - Sync 1 DAGs
[2025-11-22T07:01:03.055+0000] {logging_mixin.py:190} INFO - [2025-11-22T07:01:03.055+0000] {dag.py:4180} INFO - Setting next_dagrun for crawl_search_page to None, run_after=None
[2025-11-22T07:01:03.073+0000] {processor.py:208} INFO - Processing /opt/airflow/dags/crawl_search_page.py took 0.945 seconds
[2025-11-22T07:01:33.626+0000] {processor.py:186} INFO - Started process (PID=216) to work on /opt/airflow/dags/crawl_search_page.py
[2025-11-22T07:01:33.628+0000] {processor.py:914} INFO - Processing file /opt/airflow/dags/crawl_search_page.py for tasks to queue
[2025-11-22T07:01:33.631+0000] {logging_mixin.py:190} INFO - [2025-11-22T07:01:33.630+0000] {dagbag.py:588} INFO - Filling up the DagBag from /opt/airflow/dags/crawl_search_page.py
[2025-11-22T07:01:34.503+0000] {processor.py:925} INFO - DAG(s) 'crawl_search_page' retrieved from /opt/airflow/dags/crawl_search_page.py
[2025-11-22T07:01:34.541+0000] {logging_mixin.py:190} INFO - [2025-11-22T07:01:34.540+0000] {dag.py:3239} INFO - Sync 1 DAGs
[2025-11-22T07:01:34.555+0000] {logging_mixin.py:190} INFO - [2025-11-22T07:01:34.555+0000] {dag.py:4180} INFO - Setting next_dagrun for crawl_search_page to None, run_after=None
[2025-11-22T07:01:34.580+0000] {processor.py:208} INFO - Processing /opt/airflow/dags/crawl_search_page.py took 0.960 seconds
[2025-11-22T07:02:04.998+0000] {processor.py:186} INFO - Started process (PID=230) to work on /opt/airflow/dags/crawl_search_page.py
[2025-11-22T07:02:04.999+0000] {processor.py:914} INFO - Processing file /opt/airflow/dags/crawl_search_page.py for tasks to queue
[2025-11-22T07:02:05.001+0000] {logging_mixin.py:190} INFO - [2025-11-22T07:02:05.000+0000] {dagbag.py:588} INFO - Filling up the DagBag from /opt/airflow/dags/crawl_search_page.py
[2025-11-22T07:02:05.768+0000] {processor.py:925} INFO - DAG(s) 'crawl_search_page' retrieved from /opt/airflow/dags/crawl_search_page.py
[2025-11-22T07:02:05.792+0000] {logging_mixin.py:190} INFO - [2025-11-22T07:02:05.792+0000] {dag.py:3239} INFO - Sync 1 DAGs
[2025-11-22T07:02:05.806+0000] {logging_mixin.py:190} INFO - [2025-11-22T07:02:05.806+0000] {dag.py:4180} INFO - Setting next_dagrun for crawl_search_page to None, run_after=None
[2025-11-22T07:02:05.828+0000] {processor.py:208} INFO - Processing /opt/airflow/dags/crawl_search_page.py took 0.837 seconds
[2025-11-22T07:02:36.171+0000] {processor.py:186} INFO - Started process (PID=243) to work on /opt/airflow/dags/crawl_search_page.py
[2025-11-22T07:02:36.172+0000] {processor.py:914} INFO - Processing file /opt/airflow/dags/crawl_search_page.py for tasks to queue
[2025-11-22T07:02:36.174+0000] {logging_mixin.py:190} INFO - [2025-11-22T07:02:36.174+0000] {dagbag.py:588} INFO - Filling up the DagBag from /opt/airflow/dags/crawl_search_page.py
[2025-11-22T07:02:36.814+0000] {processor.py:925} INFO - DAG(s) 'crawl_search_page' retrieved from /opt/airflow/dags/crawl_search_page.py
[2025-11-22T07:02:36.848+0000] {logging_mixin.py:190} INFO - [2025-11-22T07:02:36.847+0000] {dag.py:3239} INFO - Sync 1 DAGs
[2025-11-22T07:02:36.862+0000] {logging_mixin.py:190} INFO - [2025-11-22T07:02:36.861+0000] {dag.py:4180} INFO - Setting next_dagrun for crawl_search_page to None, run_after=None
[2025-11-22T07:02:36.883+0000] {processor.py:208} INFO - Processing /opt/airflow/dags/crawl_search_page.py took 0.718 seconds
[2025-11-22T07:03:07.244+0000] {processor.py:186} INFO - Started process (PID=255) to work on /opt/airflow/dags/crawl_search_page.py
[2025-11-22T07:03:07.245+0000] {processor.py:914} INFO - Processing file /opt/airflow/dags/crawl_search_page.py for tasks to queue
[2025-11-22T07:03:07.247+0000] {logging_mixin.py:190} INFO - [2025-11-22T07:03:07.247+0000] {dagbag.py:588} INFO - Filling up the DagBag from /opt/airflow/dags/crawl_search_page.py
[2025-11-22T07:03:07.843+0000] {processor.py:925} INFO - DAG(s) 'crawl_search_page' retrieved from /opt/airflow/dags/crawl_search_page.py
[2025-11-22T07:03:07.864+0000] {logging_mixin.py:190} INFO - [2025-11-22T07:03:07.864+0000] {dag.py:3239} INFO - Sync 1 DAGs
[2025-11-22T07:03:07.875+0000] {logging_mixin.py:190} INFO - [2025-11-22T07:03:07.875+0000] {dag.py:4180} INFO - Setting next_dagrun for crawl_search_page to None, run_after=None
[2025-11-22T07:03:07.895+0000] {processor.py:208} INFO - Processing /opt/airflow/dags/crawl_search_page.py took 0.657 seconds
[2025-11-22T07:03:38.202+0000] {processor.py:186} INFO - Started process (PID=267) to work on /opt/airflow/dags/crawl_search_page.py
[2025-11-22T07:03:38.203+0000] {processor.py:914} INFO - Processing file /opt/airflow/dags/crawl_search_page.py for tasks to queue
[2025-11-22T07:03:38.205+0000] {logging_mixin.py:190} INFO - [2025-11-22T07:03:38.205+0000] {dagbag.py:588} INFO - Filling up the DagBag from /opt/airflow/dags/crawl_search_page.py
[2025-11-22T07:03:38.817+0000] {processor.py:925} INFO - DAG(s) 'crawl_search_page' retrieved from /opt/airflow/dags/crawl_search_page.py
[2025-11-22T07:03:38.836+0000] {logging_mixin.py:190} INFO - [2025-11-22T07:03:38.836+0000] {dag.py:3239} INFO - Sync 1 DAGs
[2025-11-22T07:03:38.847+0000] {logging_mixin.py:190} INFO - [2025-11-22T07:03:38.846+0000] {dag.py:4180} INFO - Setting next_dagrun for crawl_search_page to None, run_after=None
[2025-11-22T07:03:38.864+0000] {processor.py:208} INFO - Processing /opt/airflow/dags/crawl_search_page.py took 0.667 seconds
[2025-11-22T07:05:04.306+0000] {processor.py:186} INFO - Started process (PID=180) to work on /opt/airflow/dags/crawl_search_page.py
[2025-11-22T07:05:04.314+0000] {processor.py:914} INFO - Processing file /opt/airflow/dags/crawl_search_page.py for tasks to queue
[2025-11-22T07:05:04.317+0000] {logging_mixin.py:190} INFO - [2025-11-22T07:05:04.316+0000] {dagbag.py:588} INFO - Filling up the DagBag from /opt/airflow/dags/crawl_search_page.py
[2025-11-22T07:05:06.967+0000] {processor.py:925} INFO - DAG(s) 'crawl_search_page' retrieved from /opt/airflow/dags/crawl_search_page.py
[2025-11-22T07:05:07.019+0000] {logging_mixin.py:190} INFO - [2025-11-22T07:05:07.018+0000] {dag.py:3239} INFO - Sync 1 DAGs
[2025-11-22T07:05:07.124+0000] {logging_mixin.py:190} INFO - [2025-11-22T07:05:07.124+0000] {dag.py:4180} INFO - Setting next_dagrun for crawl_search_page to None, run_after=None
[2025-11-22T07:05:07.462+0000] {processor.py:208} INFO - Processing /opt/airflow/dags/crawl_search_page.py took 3.164 seconds
[2025-11-22T07:05:37.662+0000] {processor.py:186} INFO - Started process (PID=199) to work on /opt/airflow/dags/crawl_search_page.py
[2025-11-22T07:05:37.663+0000] {processor.py:914} INFO - Processing file /opt/airflow/dags/crawl_search_page.py for tasks to queue
[2025-11-22T07:05:37.668+0000] {logging_mixin.py:190} INFO - [2025-11-22T07:05:37.667+0000] {dagbag.py:588} INFO - Filling up the DagBag from /opt/airflow/dags/crawl_search_page.py
[2025-11-22T07:05:38.408+0000] {processor.py:925} INFO - DAG(s) 'crawl_search_page' retrieved from /opt/airflow/dags/crawl_search_page.py
[2025-11-22T07:05:38.427+0000] {logging_mixin.py:190} INFO - [2025-11-22T07:05:38.426+0000] {dag.py:3239} INFO - Sync 1 DAGs
[2025-11-22T07:05:38.437+0000] {logging_mixin.py:190} INFO - [2025-11-22T07:05:38.436+0000] {dag.py:4180} INFO - Setting next_dagrun for crawl_search_page to None, run_after=None
[2025-11-22T07:05:38.454+0000] {processor.py:208} INFO - Processing /opt/airflow/dags/crawl_search_page.py took 0.801 seconds
[2025-11-22T07:06:08.864+0000] {processor.py:186} INFO - Started process (PID=211) to work on /opt/airflow/dags/crawl_search_page.py
[2025-11-22T07:06:08.866+0000] {processor.py:914} INFO - Processing file /opt/airflow/dags/crawl_search_page.py for tasks to queue
[2025-11-22T07:06:08.868+0000] {logging_mixin.py:190} INFO - [2025-11-22T07:06:08.868+0000] {dagbag.py:588} INFO - Filling up the DagBag from /opt/airflow/dags/crawl_search_page.py
[2025-11-22T07:06:09.492+0000] {processor.py:925} INFO - DAG(s) 'crawl_search_page' retrieved from /opt/airflow/dags/crawl_search_page.py
[2025-11-22T07:06:09.511+0000] {logging_mixin.py:190} INFO - [2025-11-22T07:06:09.511+0000] {dag.py:3239} INFO - Sync 1 DAGs
[2025-11-22T07:06:09.523+0000] {logging_mixin.py:190} INFO - [2025-11-22T07:06:09.522+0000] {dag.py:4180} INFO - Setting next_dagrun for crawl_search_page to None, run_after=None
[2025-11-22T07:06:09.541+0000] {processor.py:208} INFO - Processing /opt/airflow/dags/crawl_search_page.py took 0.682 seconds
[2025-11-22T07:06:39.932+0000] {processor.py:186} INFO - Started process (PID=223) to work on /opt/airflow/dags/crawl_search_page.py
[2025-11-22T07:06:39.933+0000] {processor.py:914} INFO - Processing file /opt/airflow/dags/crawl_search_page.py for tasks to queue
[2025-11-22T07:06:39.936+0000] {logging_mixin.py:190} INFO - [2025-11-22T07:06:39.935+0000] {dagbag.py:588} INFO - Filling up the DagBag from /opt/airflow/dags/crawl_search_page.py
[2025-11-22T07:06:40.573+0000] {processor.py:925} INFO - DAG(s) 'crawl_search_page' retrieved from /opt/airflow/dags/crawl_search_page.py
[2025-11-22T07:06:40.609+0000] {logging_mixin.py:190} INFO - [2025-11-22T07:06:40.608+0000] {dag.py:3239} INFO - Sync 1 DAGs
[2025-11-22T07:06:40.632+0000] {logging_mixin.py:190} INFO - [2025-11-22T07:06:40.632+0000] {dag.py:4180} INFO - Setting next_dagrun for crawl_search_page to None, run_after=None
[2025-11-22T07:06:40.658+0000] {processor.py:208} INFO - Processing /opt/airflow/dags/crawl_search_page.py took 0.732 seconds
[2025-11-22T07:07:10.749+0000] {processor.py:186} INFO - Started process (PID=235) to work on /opt/airflow/dags/crawl_search_page.py
[2025-11-22T07:07:10.750+0000] {processor.py:914} INFO - Processing file /opt/airflow/dags/crawl_search_page.py for tasks to queue
[2025-11-22T07:07:10.752+0000] {logging_mixin.py:190} INFO - [2025-11-22T07:07:10.752+0000] {dagbag.py:588} INFO - Filling up the DagBag from /opt/airflow/dags/crawl_search_page.py
[2025-11-22T07:07:11.371+0000] {processor.py:925} INFO - DAG(s) 'crawl_search_page' retrieved from /opt/airflow/dags/crawl_search_page.py
[2025-11-22T07:07:11.388+0000] {logging_mixin.py:190} INFO - [2025-11-22T07:07:11.388+0000] {dag.py:3239} INFO - Sync 1 DAGs
[2025-11-22T07:07:11.399+0000] {logging_mixin.py:190} INFO - [2025-11-22T07:07:11.399+0000] {dag.py:4180} INFO - Setting next_dagrun for crawl_search_page to None, run_after=None
[2025-11-22T07:07:11.418+0000] {processor.py:208} INFO - Processing /opt/airflow/dags/crawl_search_page.py took 0.675 seconds
[2025-11-22T07:07:41.489+0000] {processor.py:186} INFO - Started process (PID=247) to work on /opt/airflow/dags/crawl_search_page.py
[2025-11-22T07:07:41.490+0000] {processor.py:914} INFO - Processing file /opt/airflow/dags/crawl_search_page.py for tasks to queue
[2025-11-22T07:07:41.494+0000] {logging_mixin.py:190} INFO - [2025-11-22T07:07:41.493+0000] {dagbag.py:588} INFO - Filling up the DagBag from /opt/airflow/dags/crawl_search_page.py
[2025-11-22T07:07:42.107+0000] {processor.py:925} INFO - DAG(s) 'crawl_search_page' retrieved from /opt/airflow/dags/crawl_search_page.py
[2025-11-22T07:07:42.127+0000] {logging_mixin.py:190} INFO - [2025-11-22T07:07:42.126+0000] {dag.py:3239} INFO - Sync 1 DAGs
[2025-11-22T07:07:42.141+0000] {logging_mixin.py:190} INFO - [2025-11-22T07:07:42.141+0000] {dag.py:4180} INFO - Setting next_dagrun for crawl_search_page to None, run_after=None
[2025-11-22T07:07:42.158+0000] {processor.py:208} INFO - Processing /opt/airflow/dags/crawl_search_page.py took 0.677 seconds
[2025-11-22T07:08:12.559+0000] {processor.py:186} INFO - Started process (PID=259) to work on /opt/airflow/dags/crawl_search_page.py
[2025-11-22T07:08:12.560+0000] {processor.py:914} INFO - Processing file /opt/airflow/dags/crawl_search_page.py for tasks to queue
[2025-11-22T07:08:12.562+0000] {logging_mixin.py:190} INFO - [2025-11-22T07:08:12.562+0000] {dagbag.py:588} INFO - Filling up the DagBag from /opt/airflow/dags/crawl_search_page.py
[2025-11-22T07:08:13.148+0000] {processor.py:925} INFO - DAG(s) 'crawl_search_page' retrieved from /opt/airflow/dags/crawl_search_page.py
[2025-11-22T07:08:13.176+0000] {logging_mixin.py:190} INFO - [2025-11-22T07:08:13.176+0000] {dag.py:3239} INFO - Sync 1 DAGs
[2025-11-22T07:08:13.187+0000] {logging_mixin.py:190} INFO - [2025-11-22T07:08:13.187+0000] {dag.py:4180} INFO - Setting next_dagrun for crawl_search_page to None, run_after=None
[2025-11-22T07:08:13.205+0000] {processor.py:208} INFO - Processing /opt/airflow/dags/crawl_search_page.py took 0.651 seconds
[2025-11-22T07:08:43.550+0000] {processor.py:186} INFO - Started process (PID=271) to work on /opt/airflow/dags/crawl_search_page.py
[2025-11-22T07:08:43.551+0000] {processor.py:914} INFO - Processing file /opt/airflow/dags/crawl_search_page.py for tasks to queue
[2025-11-22T07:08:43.554+0000] {logging_mixin.py:190} INFO - [2025-11-22T07:08:43.553+0000] {dagbag.py:588} INFO - Filling up the DagBag from /opt/airflow/dags/crawl_search_page.py
[2025-11-22T07:08:44.172+0000] {processor.py:925} INFO - DAG(s) 'crawl_search_page' retrieved from /opt/airflow/dags/crawl_search_page.py
[2025-11-22T07:08:44.194+0000] {logging_mixin.py:190} INFO - [2025-11-22T07:08:44.193+0000] {dag.py:3239} INFO - Sync 1 DAGs
[2025-11-22T07:08:44.205+0000] {logging_mixin.py:190} INFO - [2025-11-22T07:08:44.205+0000] {dag.py:4180} INFO - Setting next_dagrun for crawl_search_page to None, run_after=None
[2025-11-22T07:08:44.224+0000] {processor.py:208} INFO - Processing /opt/airflow/dags/crawl_search_page.py took 0.680 seconds
[2025-11-22T07:09:14.664+0000] {processor.py:186} INFO - Started process (PID=283) to work on /opt/airflow/dags/crawl_search_page.py
[2025-11-22T07:09:14.665+0000] {processor.py:914} INFO - Processing file /opt/airflow/dags/crawl_search_page.py for tasks to queue
[2025-11-22T07:09:14.667+0000] {logging_mixin.py:190} INFO - [2025-11-22T07:09:14.667+0000] {dagbag.py:588} INFO - Filling up the DagBag from /opt/airflow/dags/crawl_search_page.py
[2025-11-22T07:09:15.337+0000] {processor.py:925} INFO - DAG(s) 'crawl_search_page' retrieved from /opt/airflow/dags/crawl_search_page.py
[2025-11-22T07:09:15.355+0000] {logging_mixin.py:190} INFO - [2025-11-22T07:09:15.355+0000] {dag.py:3239} INFO - Sync 1 DAGs
[2025-11-22T07:09:15.366+0000] {logging_mixin.py:190} INFO - [2025-11-22T07:09:15.365+0000] {dag.py:4180} INFO - Setting next_dagrun for crawl_search_page to None, run_after=None
[2025-11-22T07:09:15.384+0000] {processor.py:208} INFO - Processing /opt/airflow/dags/crawl_search_page.py took 0.726 seconds
[2025-11-22T07:09:45.783+0000] {processor.py:186} INFO - Started process (PID=295) to work on /opt/airflow/dags/crawl_search_page.py
[2025-11-22T07:09:45.784+0000] {processor.py:914} INFO - Processing file /opt/airflow/dags/crawl_search_page.py for tasks to queue
[2025-11-22T07:09:45.787+0000] {logging_mixin.py:190} INFO - [2025-11-22T07:09:45.787+0000] {dagbag.py:588} INFO - Filling up the DagBag from /opt/airflow/dags/crawl_search_page.py
[2025-11-22T07:09:46.438+0000] {processor.py:925} INFO - DAG(s) 'crawl_search_page' retrieved from /opt/airflow/dags/crawl_search_page.py
[2025-11-22T07:09:46.458+0000] {logging_mixin.py:190} INFO - [2025-11-22T07:09:46.457+0000] {dag.py:3239} INFO - Sync 1 DAGs
[2025-11-22T07:09:46.469+0000] {logging_mixin.py:190} INFO - [2025-11-22T07:09:46.469+0000] {dag.py:4180} INFO - Setting next_dagrun for crawl_search_page to None, run_after=None
[2025-11-22T07:09:46.486+0000] {processor.py:208} INFO - Processing /opt/airflow/dags/crawl_search_page.py took 0.709 seconds
[2025-11-22T07:10:16.636+0000] {processor.py:186} INFO - Started process (PID=307) to work on /opt/airflow/dags/crawl_search_page.py
[2025-11-22T07:10:16.637+0000] {processor.py:914} INFO - Processing file /opt/airflow/dags/crawl_search_page.py for tasks to queue
[2025-11-22T07:10:16.639+0000] {logging_mixin.py:190} INFO - [2025-11-22T07:10:16.639+0000] {dagbag.py:588} INFO - Filling up the DagBag from /opt/airflow/dags/crawl_search_page.py
[2025-11-22T07:10:17.260+0000] {processor.py:925} INFO - DAG(s) 'crawl_search_page' retrieved from /opt/airflow/dags/crawl_search_page.py
[2025-11-22T07:10:17.279+0000] {logging_mixin.py:190} INFO - [2025-11-22T07:10:17.279+0000] {dag.py:3239} INFO - Sync 1 DAGs
[2025-11-22T07:10:17.291+0000] {logging_mixin.py:190} INFO - [2025-11-22T07:10:17.291+0000] {dag.py:4180} INFO - Setting next_dagrun for crawl_search_page to None, run_after=None
[2025-11-22T07:10:17.308+0000] {processor.py:208} INFO - Processing /opt/airflow/dags/crawl_search_page.py took 0.678 seconds
[2025-11-22T07:10:47.364+0000] {processor.py:186} INFO - Started process (PID=319) to work on /opt/airflow/dags/crawl_search_page.py
[2025-11-22T07:10:47.366+0000] {processor.py:914} INFO - Processing file /opt/airflow/dags/crawl_search_page.py for tasks to queue
[2025-11-22T07:10:47.368+0000] {logging_mixin.py:190} INFO - [2025-11-22T07:10:47.368+0000] {dagbag.py:588} INFO - Filling up the DagBag from /opt/airflow/dags/crawl_search_page.py
[2025-11-22T07:10:47.964+0000] {processor.py:925} INFO - DAG(s) 'crawl_search_page' retrieved from /opt/airflow/dags/crawl_search_page.py
[2025-11-22T07:10:47.983+0000] {logging_mixin.py:190} INFO - [2025-11-22T07:10:47.983+0000] {dag.py:3239} INFO - Sync 1 DAGs
[2025-11-22T07:10:47.994+0000] {logging_mixin.py:190} INFO - [2025-11-22T07:10:47.994+0000] {dag.py:4180} INFO - Setting next_dagrun for crawl_search_page to None, run_after=None
[2025-11-22T07:10:48.012+0000] {processor.py:208} INFO - Processing /opt/airflow/dags/crawl_search_page.py took 0.654 seconds
[2025-11-22T07:11:18.381+0000] {processor.py:186} INFO - Started process (PID=331) to work on /opt/airflow/dags/crawl_search_page.py
[2025-11-22T07:11:18.383+0000] {processor.py:914} INFO - Processing file /opt/airflow/dags/crawl_search_page.py for tasks to queue
[2025-11-22T07:11:18.385+0000] {logging_mixin.py:190} INFO - [2025-11-22T07:11:18.385+0000] {dagbag.py:588} INFO - Filling up the DagBag from /opt/airflow/dags/crawl_search_page.py
[2025-11-22T07:11:18.965+0000] {processor.py:925} INFO - DAG(s) 'crawl_search_page' retrieved from /opt/airflow/dags/crawl_search_page.py
[2025-11-22T07:11:18.984+0000] {logging_mixin.py:190} INFO - [2025-11-22T07:11:18.984+0000] {dag.py:3239} INFO - Sync 1 DAGs
[2025-11-22T07:11:18.995+0000] {logging_mixin.py:190} INFO - [2025-11-22T07:11:18.995+0000] {dag.py:4180} INFO - Setting next_dagrun for crawl_search_page to None, run_after=None
[2025-11-22T07:11:19.013+0000] {processor.py:208} INFO - Processing /opt/airflow/dags/crawl_search_page.py took 0.637 seconds
[2025-11-22T07:11:49.424+0000] {processor.py:186} INFO - Started process (PID=343) to work on /opt/airflow/dags/crawl_search_page.py
[2025-11-22T07:11:49.425+0000] {processor.py:914} INFO - Processing file /opt/airflow/dags/crawl_search_page.py for tasks to queue
[2025-11-22T07:11:49.427+0000] {logging_mixin.py:190} INFO - [2025-11-22T07:11:49.427+0000] {dagbag.py:588} INFO - Filling up the DagBag from /opt/airflow/dags/crawl_search_page.py
[2025-11-22T07:11:49.997+0000] {processor.py:925} INFO - DAG(s) 'crawl_search_page' retrieved from /opt/airflow/dags/crawl_search_page.py
[2025-11-22T07:11:50.018+0000] {logging_mixin.py:190} INFO - [2025-11-22T07:11:50.018+0000] {dag.py:3239} INFO - Sync 1 DAGs
[2025-11-22T07:11:50.029+0000] {logging_mixin.py:190} INFO - [2025-11-22T07:11:50.029+0000] {dag.py:4180} INFO - Setting next_dagrun for crawl_search_page to None, run_after=None
[2025-11-22T07:11:50.048+0000] {processor.py:208} INFO - Processing /opt/airflow/dags/crawl_search_page.py took 0.628 seconds
[2025-11-22T07:12:20.469+0000] {processor.py:186} INFO - Started process (PID=355) to work on /opt/airflow/dags/crawl_search_page.py
[2025-11-22T07:12:20.470+0000] {processor.py:914} INFO - Processing file /opt/airflow/dags/crawl_search_page.py for tasks to queue
[2025-11-22T07:12:20.472+0000] {logging_mixin.py:190} INFO - [2025-11-22T07:12:20.472+0000] {dagbag.py:588} INFO - Filling up the DagBag from /opt/airflow/dags/crawl_search_page.py
[2025-11-22T07:12:21.067+0000] {processor.py:925} INFO - DAG(s) 'crawl_search_page' retrieved from /opt/airflow/dags/crawl_search_page.py
[2025-11-22T07:12:21.111+0000] {logging_mixin.py:190} INFO - [2025-11-22T07:12:21.110+0000] {dag.py:3239} INFO - Sync 1 DAGs
[2025-11-22T07:12:21.126+0000] {logging_mixin.py:190} INFO - [2025-11-22T07:12:21.126+0000] {dag.py:4180} INFO - Setting next_dagrun for crawl_search_page to None, run_after=None
[2025-11-22T07:12:21.144+0000] {processor.py:208} INFO - Processing /opt/airflow/dags/crawl_search_page.py took 0.681 seconds
[2025-11-22T07:12:51.488+0000] {processor.py:186} INFO - Started process (PID=367) to work on /opt/airflow/dags/crawl_search_page.py
[2025-11-22T07:12:51.489+0000] {processor.py:914} INFO - Processing file /opt/airflow/dags/crawl_search_page.py for tasks to queue
[2025-11-22T07:12:51.491+0000] {logging_mixin.py:190} INFO - [2025-11-22T07:12:51.491+0000] {dagbag.py:588} INFO - Filling up the DagBag from /opt/airflow/dags/crawl_search_page.py
[2025-11-22T07:12:52.092+0000] {processor.py:925} INFO - DAG(s) 'crawl_search_page' retrieved from /opt/airflow/dags/crawl_search_page.py
[2025-11-22T07:12:52.110+0000] {logging_mixin.py:190} INFO - [2025-11-22T07:12:52.110+0000] {dag.py:3239} INFO - Sync 1 DAGs
[2025-11-22T07:12:52.121+0000] {logging_mixin.py:190} INFO - [2025-11-22T07:12:52.121+0000] {dag.py:4180} INFO - Setting next_dagrun for crawl_search_page to None, run_after=None
[2025-11-22T07:12:52.141+0000] {processor.py:208} INFO - Processing /opt/airflow/dags/crawl_search_page.py took 0.658 seconds
[2025-11-22T07:13:22.496+0000] {processor.py:186} INFO - Started process (PID=379) to work on /opt/airflow/dags/crawl_search_page.py
[2025-11-22T07:13:22.497+0000] {processor.py:914} INFO - Processing file /opt/airflow/dags/crawl_search_page.py for tasks to queue
[2025-11-22T07:13:22.499+0000] {logging_mixin.py:190} INFO - [2025-11-22T07:13:22.499+0000] {dagbag.py:588} INFO - Filling up the DagBag from /opt/airflow/dags/crawl_search_page.py
[2025-11-22T07:13:23.076+0000] {processor.py:925} INFO - DAG(s) 'crawl_search_page' retrieved from /opt/airflow/dags/crawl_search_page.py
[2025-11-22T07:13:23.093+0000] {logging_mixin.py:190} INFO - [2025-11-22T07:13:23.092+0000] {dag.py:3239} INFO - Sync 1 DAGs
[2025-11-22T07:13:23.104+0000] {logging_mixin.py:190} INFO - [2025-11-22T07:13:23.104+0000] {dag.py:4180} INFO - Setting next_dagrun for crawl_search_page to None, run_after=None
[2025-11-22T07:13:23.123+0000] {processor.py:208} INFO - Processing /opt/airflow/dags/crawl_search_page.py took 0.631 seconds
[2025-11-22T07:13:53.563+0000] {processor.py:186} INFO - Started process (PID=391) to work on /opt/airflow/dags/crawl_search_page.py
[2025-11-22T07:13:53.564+0000] {processor.py:914} INFO - Processing file /opt/airflow/dags/crawl_search_page.py for tasks to queue
[2025-11-22T07:13:53.566+0000] {logging_mixin.py:190} INFO - [2025-11-22T07:13:53.565+0000] {dagbag.py:588} INFO - Filling up the DagBag from /opt/airflow/dags/crawl_search_page.py
[2025-11-22T07:13:54.130+0000] {processor.py:925} INFO - DAG(s) 'crawl_search_page' retrieved from /opt/airflow/dags/crawl_search_page.py
[2025-11-22T07:13:54.150+0000] {logging_mixin.py:190} INFO - [2025-11-22T07:13:54.149+0000] {dag.py:3239} INFO - Sync 1 DAGs
[2025-11-22T07:13:54.160+0000] {logging_mixin.py:190} INFO - [2025-11-22T07:13:54.160+0000] {dag.py:4180} INFO - Setting next_dagrun for crawl_search_page to None, run_after=None
[2025-11-22T07:13:54.177+0000] {processor.py:208} INFO - Processing /opt/airflow/dags/crawl_search_page.py took 0.620 seconds
[2025-11-22T07:14:24.238+0000] {processor.py:186} INFO - Started process (PID=403) to work on /opt/airflow/dags/crawl_search_page.py
[2025-11-22T07:14:24.239+0000] {processor.py:914} INFO - Processing file /opt/airflow/dags/crawl_search_page.py for tasks to queue
[2025-11-22T07:14:24.242+0000] {logging_mixin.py:190} INFO - [2025-11-22T07:14:24.241+0000] {dagbag.py:588} INFO - Filling up the DagBag from /opt/airflow/dags/crawl_search_page.py
[2025-11-22T07:14:24.801+0000] {processor.py:925} INFO - DAG(s) 'crawl_search_page' retrieved from /opt/airflow/dags/crawl_search_page.py
[2025-11-22T07:14:24.819+0000] {logging_mixin.py:190} INFO - [2025-11-22T07:14:24.819+0000] {dag.py:3239} INFO - Sync 1 DAGs
[2025-11-22T07:14:24.829+0000] {logging_mixin.py:190} INFO - [2025-11-22T07:14:24.829+0000] {dag.py:4180} INFO - Setting next_dagrun for crawl_search_page to None, run_after=None
[2025-11-22T07:14:24.849+0000] {processor.py:208} INFO - Processing /opt/airflow/dags/crawl_search_page.py took 0.617 seconds
[2025-11-22T07:14:54.966+0000] {processor.py:186} INFO - Started process (PID=415) to work on /opt/airflow/dags/crawl_search_page.py
[2025-11-22T07:14:54.967+0000] {processor.py:914} INFO - Processing file /opt/airflow/dags/crawl_search_page.py for tasks to queue
[2025-11-22T07:14:54.969+0000] {logging_mixin.py:190} INFO - [2025-11-22T07:14:54.969+0000] {dagbag.py:588} INFO - Filling up the DagBag from /opt/airflow/dags/crawl_search_page.py
[2025-11-22T07:14:55.594+0000] {processor.py:925} INFO - DAG(s) 'crawl_search_page' retrieved from /opt/airflow/dags/crawl_search_page.py
[2025-11-22T07:14:55.612+0000] {logging_mixin.py:190} INFO - [2025-11-22T07:14:55.611+0000] {dag.py:3239} INFO - Sync 1 DAGs
[2025-11-22T07:14:55.621+0000] {logging_mixin.py:190} INFO - [2025-11-22T07:14:55.621+0000] {dag.py:4180} INFO - Setting next_dagrun for crawl_search_page to None, run_after=None
[2025-11-22T07:14:55.640+0000] {processor.py:208} INFO - Processing /opt/airflow/dags/crawl_search_page.py took 0.679 seconds
[2025-11-22T07:15:26.263+0000] {processor.py:186} INFO - Started process (PID=427) to work on /opt/airflow/dags/crawl_search_page.py
[2025-11-22T07:15:26.264+0000] {processor.py:914} INFO - Processing file /opt/airflow/dags/crawl_search_page.py for tasks to queue
[2025-11-22T07:15:26.267+0000] {logging_mixin.py:190} INFO - [2025-11-22T07:15:26.266+0000] {dagbag.py:588} INFO - Filling up the DagBag from /opt/airflow/dags/crawl_search_page.py
[2025-11-22T07:15:26.840+0000] {processor.py:925} INFO - DAG(s) 'crawl_search_page' retrieved from /opt/airflow/dags/crawl_search_page.py
[2025-11-22T07:15:26.858+0000] {logging_mixin.py:190} INFO - [2025-11-22T07:15:26.858+0000] {dag.py:3239} INFO - Sync 1 DAGs
[2025-11-22T07:15:26.868+0000] {logging_mixin.py:190} INFO - [2025-11-22T07:15:26.868+0000] {dag.py:4180} INFO - Setting next_dagrun for crawl_search_page to None, run_after=None
[2025-11-22T07:15:26.887+0000] {processor.py:208} INFO - Processing /opt/airflow/dags/crawl_search_page.py took 0.631 seconds
[2025-11-22T07:15:57.283+0000] {processor.py:186} INFO - Started process (PID=439) to work on /opt/airflow/dags/crawl_search_page.py
[2025-11-22T07:15:57.285+0000] {processor.py:914} INFO - Processing file /opt/airflow/dags/crawl_search_page.py for tasks to queue
[2025-11-22T07:15:57.287+0000] {logging_mixin.py:190} INFO - [2025-11-22T07:15:57.287+0000] {dagbag.py:588} INFO - Filling up the DagBag from /opt/airflow/dags/crawl_search_page.py
[2025-11-22T07:15:57.878+0000] {processor.py:925} INFO - DAG(s) 'crawl_search_page' retrieved from /opt/airflow/dags/crawl_search_page.py
[2025-11-22T07:15:57.901+0000] {logging_mixin.py:190} INFO - [2025-11-22T07:15:57.901+0000] {dag.py:3239} INFO - Sync 1 DAGs
[2025-11-22T07:15:57.913+0000] {logging_mixin.py:190} INFO - [2025-11-22T07:15:57.913+0000] {dag.py:4180} INFO - Setting next_dagrun for crawl_search_page to None, run_after=None
[2025-11-22T07:15:57.933+0000] {processor.py:208} INFO - Processing /opt/airflow/dags/crawl_search_page.py took 0.655 seconds
[2025-11-22T07:16:28.234+0000] {processor.py:186} INFO - Started process (PID=451) to work on /opt/airflow/dags/crawl_search_page.py
[2025-11-22T07:16:28.235+0000] {processor.py:914} INFO - Processing file /opt/airflow/dags/crawl_search_page.py for tasks to queue
[2025-11-22T07:16:28.237+0000] {logging_mixin.py:190} INFO - [2025-11-22T07:16:28.237+0000] {dagbag.py:588} INFO - Filling up the DagBag from /opt/airflow/dags/crawl_search_page.py
[2025-11-22T07:16:28.807+0000] {processor.py:925} INFO - DAG(s) 'crawl_search_page' retrieved from /opt/airflow/dags/crawl_search_page.py
[2025-11-22T07:16:28.824+0000] {logging_mixin.py:190} INFO - [2025-11-22T07:16:28.824+0000] {dag.py:3239} INFO - Sync 1 DAGs
[2025-11-22T07:16:28.835+0000] {logging_mixin.py:190} INFO - [2025-11-22T07:16:28.835+0000] {dag.py:4180} INFO - Setting next_dagrun for crawl_search_page to None, run_after=None
[2025-11-22T07:16:28.854+0000] {processor.py:208} INFO - Processing /opt/airflow/dags/crawl_search_page.py took 0.625 seconds
[2025-11-22T07:17:15.609+0000] {processor.py:186} INFO - Started process (PID=180) to work on /opt/airflow/dags/crawl_search_page.py
[2025-11-22T07:17:15.612+0000] {processor.py:914} INFO - Processing file /opt/airflow/dags/crawl_search_page.py for tasks to queue
[2025-11-22T07:17:15.623+0000] {logging_mixin.py:190} INFO - [2025-11-22T07:17:15.622+0000] {dagbag.py:588} INFO - Filling up the DagBag from /opt/airflow/dags/crawl_search_page.py
[2025-11-22T07:17:17.217+0000] {processor.py:925} INFO - DAG(s) 'crawl_search_page' retrieved from /opt/airflow/dags/crawl_search_page.py
[2025-11-22T07:17:17.246+0000] {logging_mixin.py:190} INFO - [2025-11-22T07:17:17.245+0000] {dag.py:3239} INFO - Sync 1 DAGs
[2025-11-22T07:17:17.264+0000] {logging_mixin.py:190} INFO - [2025-11-22T07:17:17.264+0000] {dag.py:4180} INFO - Setting next_dagrun for crawl_search_page to None, run_after=None
[2025-11-22T07:17:17.286+0000] {processor.py:208} INFO - Processing /opt/airflow/dags/crawl_search_page.py took 1.701 seconds
[2025-11-22T07:17:47.675+0000] {processor.py:186} INFO - Started process (PID=193) to work on /opt/airflow/dags/crawl_search_page.py
[2025-11-22T07:17:47.677+0000] {processor.py:914} INFO - Processing file /opt/airflow/dags/crawl_search_page.py for tasks to queue
[2025-11-22T07:17:47.681+0000] {logging_mixin.py:190} INFO - [2025-11-22T07:17:47.680+0000] {dagbag.py:588} INFO - Filling up the DagBag from /opt/airflow/dags/crawl_search_page.py
[2025-11-22T07:17:48.469+0000] {processor.py:925} INFO - DAG(s) 'crawl_search_page' retrieved from /opt/airflow/dags/crawl_search_page.py
[2025-11-22T07:17:48.490+0000] {logging_mixin.py:190} INFO - [2025-11-22T07:17:48.490+0000] {dag.py:3239} INFO - Sync 1 DAGs
[2025-11-22T07:17:48.502+0000] {logging_mixin.py:190} INFO - [2025-11-22T07:17:48.502+0000] {dag.py:4180} INFO - Setting next_dagrun for crawl_search_page to None, run_after=None
[2025-11-22T07:17:48.527+0000] {processor.py:208} INFO - Processing /opt/airflow/dags/crawl_search_page.py took 0.862 seconds
[2025-11-22T07:19:07.329+0000] {processor.py:186} INFO - Started process (PID=180) to work on /opt/airflow/dags/crawl_search_page.py
[2025-11-22T07:19:07.331+0000] {processor.py:914} INFO - Processing file /opt/airflow/dags/crawl_search_page.py for tasks to queue
[2025-11-22T07:19:07.333+0000] {logging_mixin.py:190} INFO - [2025-11-22T07:19:07.333+0000] {dagbag.py:588} INFO - Filling up the DagBag from /opt/airflow/dags/crawl_search_page.py
[2025-11-22T07:19:08.548+0000] {processor.py:925} INFO - DAG(s) 'crawl_search_page' retrieved from /opt/airflow/dags/crawl_search_page.py
[2025-11-22T07:19:08.585+0000] {logging_mixin.py:190} INFO - [2025-11-22T07:19:08.584+0000] {dag.py:3239} INFO - Sync 1 DAGs
[2025-11-22T07:19:08.603+0000] {logging_mixin.py:190} INFO - [2025-11-22T07:19:08.603+0000] {dag.py:4180} INFO - Setting next_dagrun for crawl_search_page to None, run_after=None
[2025-11-22T07:19:08.652+0000] {processor.py:208} INFO - Processing /opt/airflow/dags/crawl_search_page.py took 1.331 seconds
[2025-11-22T07:19:38.717+0000] {processor.py:186} INFO - Started process (PID=192) to work on /opt/airflow/dags/crawl_search_page.py
[2025-11-22T07:19:38.718+0000] {processor.py:914} INFO - Processing file /opt/airflow/dags/crawl_search_page.py for tasks to queue
[2025-11-22T07:19:38.720+0000] {logging_mixin.py:190} INFO - [2025-11-22T07:19:38.720+0000] {dagbag.py:588} INFO - Filling up the DagBag from /opt/airflow/dags/crawl_search_page.py
[2025-11-22T07:19:39.338+0000] {processor.py:925} INFO - DAG(s) 'crawl_search_page' retrieved from /opt/airflow/dags/crawl_search_page.py
[2025-11-22T07:19:39.355+0000] {logging_mixin.py:190} INFO - [2025-11-22T07:19:39.355+0000] {dag.py:3239} INFO - Sync 1 DAGs
[2025-11-22T07:19:39.365+0000] {logging_mixin.py:190} INFO - [2025-11-22T07:19:39.365+0000] {dag.py:4180} INFO - Setting next_dagrun for crawl_search_page to None, run_after=None
[2025-11-22T07:19:39.384+0000] {processor.py:208} INFO - Processing /opt/airflow/dags/crawl_search_page.py took 0.672 seconds
[2025-11-22T07:20:09.805+0000] {processor.py:186} INFO - Started process (PID=204) to work on /opt/airflow/dags/crawl_search_page.py
[2025-11-22T07:20:09.806+0000] {processor.py:914} INFO - Processing file /opt/airflow/dags/crawl_search_page.py for tasks to queue
[2025-11-22T07:20:09.808+0000] {logging_mixin.py:190} INFO - [2025-11-22T07:20:09.808+0000] {dagbag.py:588} INFO - Filling up the DagBag from /opt/airflow/dags/crawl_search_page.py
[2025-11-22T07:20:10.394+0000] {processor.py:925} INFO - DAG(s) 'crawl_search_page' retrieved from /opt/airflow/dags/crawl_search_page.py
[2025-11-22T07:20:10.411+0000] {logging_mixin.py:190} INFO - [2025-11-22T07:20:10.411+0000] {dag.py:3239} INFO - Sync 1 DAGs
[2025-11-22T07:20:10.422+0000] {logging_mixin.py:190} INFO - [2025-11-22T07:20:10.421+0000] {dag.py:4180} INFO - Setting next_dagrun for crawl_search_page to None, run_after=None
[2025-11-22T07:20:10.444+0000] {processor.py:208} INFO - Processing /opt/airflow/dags/crawl_search_page.py took 0.644 seconds
[2025-11-22T07:20:40.698+0000] {processor.py:186} INFO - Started process (PID=222) to work on /opt/airflow/dags/crawl_search_page.py
[2025-11-22T07:20:40.700+0000] {processor.py:914} INFO - Processing file /opt/airflow/dags/crawl_search_page.py for tasks to queue
[2025-11-22T07:20:40.702+0000] {logging_mixin.py:190} INFO - [2025-11-22T07:20:40.702+0000] {dagbag.py:588} INFO - Filling up the DagBag from /opt/airflow/dags/crawl_search_page.py
[2025-11-22T07:20:41.293+0000] {processor.py:925} INFO - DAG(s) 'crawl_search_page' retrieved from /opt/airflow/dags/crawl_search_page.py
[2025-11-22T07:20:41.311+0000] {logging_mixin.py:190} INFO - [2025-11-22T07:20:41.310+0000] {dag.py:3239} INFO - Sync 1 DAGs
[2025-11-22T07:20:41.321+0000] {logging_mixin.py:190} INFO - [2025-11-22T07:20:41.321+0000] {dag.py:4180} INFO - Setting next_dagrun for crawl_search_page to None, run_after=None
[2025-11-22T07:20:41.339+0000] {processor.py:208} INFO - Processing /opt/airflow/dags/crawl_search_page.py took 0.646 seconds
[2025-11-22T07:21:11.746+0000] {processor.py:186} INFO - Started process (PID=234) to work on /opt/airflow/dags/crawl_search_page.py
[2025-11-22T07:21:11.747+0000] {processor.py:914} INFO - Processing file /opt/airflow/dags/crawl_search_page.py for tasks to queue
[2025-11-22T07:21:11.749+0000] {logging_mixin.py:190} INFO - [2025-11-22T07:21:11.749+0000] {dagbag.py:588} INFO - Filling up the DagBag from /opt/airflow/dags/crawl_search_page.py
[2025-11-22T07:21:12.342+0000] {processor.py:925} INFO - DAG(s) 'crawl_search_page' retrieved from /opt/airflow/dags/crawl_search_page.py
[2025-11-22T07:21:12.359+0000] {logging_mixin.py:190} INFO - [2025-11-22T07:21:12.359+0000] {dag.py:3239} INFO - Sync 1 DAGs
[2025-11-22T07:21:12.374+0000] {logging_mixin.py:190} INFO - [2025-11-22T07:21:12.373+0000] {dag.py:4180} INFO - Setting next_dagrun for crawl_search_page to None, run_after=None
[2025-11-22T07:21:12.401+0000] {processor.py:208} INFO - Processing /opt/airflow/dags/crawl_search_page.py took 0.660 seconds
[2025-11-22T07:23:17.406+0000] {processor.py:186} INFO - Started process (PID=180) to work on /opt/airflow/dags/crawl_search_page.py
[2025-11-22T07:23:17.411+0000] {processor.py:914} INFO - Processing file /opt/airflow/dags/crawl_search_page.py for tasks to queue
[2025-11-22T07:23:17.416+0000] {logging_mixin.py:190} INFO - [2025-11-22T07:23:17.416+0000] {dagbag.py:588} INFO - Filling up the DagBag from /opt/airflow/dags/crawl_search_page.py
[2025-11-22T07:23:18.501+0000] {processor.py:925} INFO - DAG(s) 'crawl_search_page' retrieved from /opt/airflow/dags/crawl_search_page.py
[2025-11-22T07:23:18.577+0000] {logging_mixin.py:190} INFO - [2025-11-22T07:23:18.577+0000] {dag.py:3239} INFO - Sync 1 DAGs
[2025-11-22T07:23:18.647+0000] {logging_mixin.py:190} INFO - [2025-11-22T07:23:18.647+0000] {dag.py:4180} INFO - Setting next_dagrun for crawl_search_page to None, run_after=None
[2025-11-22T07:23:18.706+0000] {processor.py:208} INFO - Processing /opt/airflow/dags/crawl_search_page.py took 1.318 seconds
[2025-11-22T07:23:48.779+0000] {processor.py:186} INFO - Started process (PID=192) to work on /opt/airflow/dags/crawl_search_page.py
[2025-11-22T07:23:48.780+0000] {processor.py:914} INFO - Processing file /opt/airflow/dags/crawl_search_page.py for tasks to queue
[2025-11-22T07:23:48.783+0000] {logging_mixin.py:190} INFO - [2025-11-22T07:23:48.783+0000] {dagbag.py:588} INFO - Filling up the DagBag from /opt/airflow/dags/crawl_search_page.py
[2025-11-22T07:23:49.661+0000] {processor.py:925} INFO - DAG(s) 'crawl_search_page' retrieved from /opt/airflow/dags/crawl_search_page.py
[2025-11-22T07:23:49.682+0000] {logging_mixin.py:190} INFO - [2025-11-22T07:23:49.681+0000] {dag.py:3239} INFO - Sync 1 DAGs
[2025-11-22T07:23:49.694+0000] {logging_mixin.py:190} INFO - [2025-11-22T07:23:49.693+0000] {dag.py:4180} INFO - Setting next_dagrun for crawl_search_page to None, run_after=None
[2025-11-22T07:23:49.710+0000] {processor.py:208} INFO - Processing /opt/airflow/dags/crawl_search_page.py took 0.939 seconds
[2025-11-22T07:24:20.080+0000] {processor.py:186} INFO - Started process (PID=204) to work on /opt/airflow/dags/crawl_search_page.py
[2025-11-22T07:24:20.081+0000] {processor.py:914} INFO - Processing file /opt/airflow/dags/crawl_search_page.py for tasks to queue
[2025-11-22T07:24:20.083+0000] {logging_mixin.py:190} INFO - [2025-11-22T07:24:20.082+0000] {dagbag.py:588} INFO - Filling up the DagBag from /opt/airflow/dags/crawl_search_page.py
[2025-11-22T07:24:20.713+0000] {processor.py:925} INFO - DAG(s) 'crawl_search_page' retrieved from /opt/airflow/dags/crawl_search_page.py
[2025-11-22T07:24:20.731+0000] {logging_mixin.py:190} INFO - [2025-11-22T07:24:20.730+0000] {dag.py:3239} INFO - Sync 1 DAGs
[2025-11-22T07:24:20.741+0000] {logging_mixin.py:190} INFO - [2025-11-22T07:24:20.741+0000] {dag.py:4180} INFO - Setting next_dagrun for crawl_search_page to None, run_after=None
[2025-11-22T07:24:20.759+0000] {processor.py:208} INFO - Processing /opt/airflow/dags/crawl_search_page.py took 0.684 seconds
[2025-11-22T07:24:51.166+0000] {processor.py:186} INFO - Started process (PID=216) to work on /opt/airflow/dags/crawl_search_page.py
[2025-11-22T07:24:51.167+0000] {processor.py:914} INFO - Processing file /opt/airflow/dags/crawl_search_page.py for tasks to queue
[2025-11-22T07:24:51.170+0000] {logging_mixin.py:190} INFO - [2025-11-22T07:24:51.169+0000] {dagbag.py:588} INFO - Filling up the DagBag from /opt/airflow/dags/crawl_search_page.py
[2025-11-22T07:24:51.775+0000] {processor.py:925} INFO - DAG(s) 'crawl_search_page' retrieved from /opt/airflow/dags/crawl_search_page.py
[2025-11-22T07:24:51.791+0000] {logging_mixin.py:190} INFO - [2025-11-22T07:24:51.791+0000] {dag.py:3239} INFO - Sync 1 DAGs
[2025-11-22T07:24:51.800+0000] {logging_mixin.py:190} INFO - [2025-11-22T07:24:51.800+0000] {dag.py:4180} INFO - Setting next_dagrun for crawl_search_page to None, run_after=None
[2025-11-22T07:24:51.819+0000] {processor.py:208} INFO - Processing /opt/airflow/dags/crawl_search_page.py took 0.658 seconds
[2025-11-22T07:25:22.126+0000] {processor.py:186} INFO - Started process (PID=234) to work on /opt/airflow/dags/crawl_search_page.py
[2025-11-22T07:25:22.127+0000] {processor.py:914} INFO - Processing file /opt/airflow/dags/crawl_search_page.py for tasks to queue
[2025-11-22T07:25:22.129+0000] {logging_mixin.py:190} INFO - [2025-11-22T07:25:22.129+0000] {dagbag.py:588} INFO - Filling up the DagBag from /opt/airflow/dags/crawl_search_page.py
[2025-11-22T07:25:22.746+0000] {processor.py:925} INFO - DAG(s) 'crawl_search_page' retrieved from /opt/airflow/dags/crawl_search_page.py
[2025-11-22T07:25:22.766+0000] {logging_mixin.py:190} INFO - [2025-11-22T07:25:22.765+0000] {dag.py:3239} INFO - Sync 1 DAGs
[2025-11-22T07:25:22.777+0000] {logging_mixin.py:190} INFO - [2025-11-22T07:25:22.777+0000] {dag.py:4180} INFO - Setting next_dagrun for crawl_search_page to None, run_after=None
[2025-11-22T07:25:22.794+0000] {processor.py:208} INFO - Processing /opt/airflow/dags/crawl_search_page.py took 0.673 seconds
[2025-11-22T07:25:53.173+0000] {processor.py:186} INFO - Started process (PID=246) to work on /opt/airflow/dags/crawl_search_page.py
[2025-11-22T07:25:53.174+0000] {processor.py:914} INFO - Processing file /opt/airflow/dags/crawl_search_page.py for tasks to queue
[2025-11-22T07:25:53.176+0000] {logging_mixin.py:190} INFO - [2025-11-22T07:25:53.176+0000] {dagbag.py:588} INFO - Filling up the DagBag from /opt/airflow/dags/crawl_search_page.py
[2025-11-22T07:25:53.788+0000] {processor.py:925} INFO - DAG(s) 'crawl_search_page' retrieved from /opt/airflow/dags/crawl_search_page.py
[2025-11-22T07:25:53.808+0000] {logging_mixin.py:190} INFO - [2025-11-22T07:25:53.808+0000] {dag.py:3239} INFO - Sync 1 DAGs
[2025-11-22T07:25:53.819+0000] {logging_mixin.py:190} INFO - [2025-11-22T07:25:53.818+0000] {dag.py:4180} INFO - Setting next_dagrun for crawl_search_page to None, run_after=None
[2025-11-22T07:25:53.837+0000] {processor.py:208} INFO - Processing /opt/airflow/dags/crawl_search_page.py took 0.669 seconds
[2025-11-22T07:26:24.234+0000] {processor.py:186} INFO - Started process (PID=258) to work on /opt/airflow/dags/crawl_search_page.py
[2025-11-22T07:26:24.235+0000] {processor.py:914} INFO - Processing file /opt/airflow/dags/crawl_search_page.py for tasks to queue
[2025-11-22T07:26:24.237+0000] {logging_mixin.py:190} INFO - [2025-11-22T07:26:24.237+0000] {dagbag.py:588} INFO - Filling up the DagBag from /opt/airflow/dags/crawl_search_page.py
[2025-11-22T07:26:24.850+0000] {processor.py:925} INFO - DAG(s) 'crawl_search_page' retrieved from /opt/airflow/dags/crawl_search_page.py
[2025-11-22T07:26:24.870+0000] {logging_mixin.py:190} INFO - [2025-11-22T07:26:24.869+0000] {dag.py:3239} INFO - Sync 1 DAGs
[2025-11-22T07:26:24.879+0000] {logging_mixin.py:190} INFO - [2025-11-22T07:26:24.879+0000] {dag.py:4180} INFO - Setting next_dagrun for crawl_search_page to None, run_after=None
[2025-11-22T07:26:24.897+0000] {processor.py:208} INFO - Processing /opt/airflow/dags/crawl_search_page.py took 0.670 seconds
[2025-11-22T07:26:55.127+0000] {processor.py:186} INFO - Started process (PID=270) to work on /opt/airflow/dags/crawl_search_page.py
[2025-11-22T07:26:55.128+0000] {processor.py:914} INFO - Processing file /opt/airflow/dags/crawl_search_page.py for tasks to queue
[2025-11-22T07:26:55.131+0000] {logging_mixin.py:190} INFO - [2025-11-22T07:26:55.131+0000] {dagbag.py:588} INFO - Filling up the DagBag from /opt/airflow/dags/crawl_search_page.py
[2025-11-22T07:26:55.751+0000] {processor.py:925} INFO - DAG(s) 'crawl_search_page' retrieved from /opt/airflow/dags/crawl_search_page.py
[2025-11-22T07:26:55.776+0000] {logging_mixin.py:190} INFO - [2025-11-22T07:26:55.776+0000] {dag.py:3239} INFO - Sync 1 DAGs
[2025-11-22T07:26:55.786+0000] {logging_mixin.py:190} INFO - [2025-11-22T07:26:55.786+0000] {dag.py:4180} INFO - Setting next_dagrun for crawl_search_page to None, run_after=None
[2025-11-22T07:26:55.804+0000] {processor.py:208} INFO - Processing /opt/airflow/dags/crawl_search_page.py took 0.683 seconds
[2025-11-22T07:27:26.152+0000] {processor.py:186} INFO - Started process (PID=282) to work on /opt/airflow/dags/crawl_search_page.py
[2025-11-22T07:27:26.153+0000] {processor.py:914} INFO - Processing file /opt/airflow/dags/crawl_search_page.py for tasks to queue
[2025-11-22T07:27:26.156+0000] {logging_mixin.py:190} INFO - [2025-11-22T07:27:26.155+0000] {dagbag.py:588} INFO - Filling up the DagBag from /opt/airflow/dags/crawl_search_page.py
[2025-11-22T07:27:26.781+0000] {processor.py:925} INFO - DAG(s) 'crawl_search_page' retrieved from /opt/airflow/dags/crawl_search_page.py
[2025-11-22T07:27:26.801+0000] {logging_mixin.py:190} INFO - [2025-11-22T07:27:26.801+0000] {dag.py:3239} INFO - Sync 1 DAGs
[2025-11-22T07:27:26.813+0000] {logging_mixin.py:190} INFO - [2025-11-22T07:27:26.813+0000] {dag.py:4180} INFO - Setting next_dagrun for crawl_search_page to None, run_after=None
[2025-11-22T07:27:26.832+0000] {processor.py:208} INFO - Processing /opt/airflow/dags/crawl_search_page.py took 0.685 seconds
[2025-11-22T07:27:57.038+0000] {processor.py:186} INFO - Started process (PID=294) to work on /opt/airflow/dags/crawl_search_page.py
[2025-11-22T07:27:57.039+0000] {processor.py:914} INFO - Processing file /opt/airflow/dags/crawl_search_page.py for tasks to queue
[2025-11-22T07:27:57.041+0000] {logging_mixin.py:190} INFO - [2025-11-22T07:27:57.041+0000] {dagbag.py:588} INFO - Filling up the DagBag from /opt/airflow/dags/crawl_search_page.py
[2025-11-22T07:27:57.649+0000] {processor.py:925} INFO - DAG(s) 'crawl_search_page' retrieved from /opt/airflow/dags/crawl_search_page.py
[2025-11-22T07:27:57.669+0000] {logging_mixin.py:190} INFO - [2025-11-22T07:27:57.668+0000] {dag.py:3239} INFO - Sync 1 DAGs
[2025-11-22T07:27:57.680+0000] {logging_mixin.py:190} INFO - [2025-11-22T07:27:57.680+0000] {dag.py:4180} INFO - Setting next_dagrun for crawl_search_page to None, run_after=None
[2025-11-22T07:27:57.700+0000] {processor.py:208} INFO - Processing /opt/airflow/dags/crawl_search_page.py took 0.667 seconds
[2025-11-22T07:28:27.868+0000] {processor.py:186} INFO - Started process (PID=306) to work on /opt/airflow/dags/crawl_search_page.py
[2025-11-22T07:28:27.870+0000] {processor.py:914} INFO - Processing file /opt/airflow/dags/crawl_search_page.py for tasks to queue
[2025-11-22T07:28:27.872+0000] {logging_mixin.py:190} INFO - [2025-11-22T07:28:27.872+0000] {dagbag.py:588} INFO - Filling up the DagBag from /opt/airflow/dags/crawl_search_page.py
[2025-11-22T07:28:28.530+0000] {processor.py:925} INFO - DAG(s) 'crawl_search_page' retrieved from /opt/airflow/dags/crawl_search_page.py
[2025-11-22T07:28:28.547+0000] {logging_mixin.py:190} INFO - [2025-11-22T07:28:28.547+0000] {dag.py:3239} INFO - Sync 1 DAGs
[2025-11-22T07:28:28.559+0000] {logging_mixin.py:190} INFO - [2025-11-22T07:28:28.558+0000] {dag.py:4180} INFO - Setting next_dagrun for crawl_search_page to None, run_after=None
[2025-11-22T07:28:28.578+0000] {processor.py:208} INFO - Processing /opt/airflow/dags/crawl_search_page.py took 0.715 seconds
[2025-11-22T07:28:58.966+0000] {processor.py:186} INFO - Started process (PID=318) to work on /opt/airflow/dags/crawl_search_page.py
[2025-11-22T07:28:58.967+0000] {processor.py:914} INFO - Processing file /opt/airflow/dags/crawl_search_page.py for tasks to queue
[2025-11-22T07:28:58.969+0000] {logging_mixin.py:190} INFO - [2025-11-22T07:28:58.969+0000] {dagbag.py:588} INFO - Filling up the DagBag from /opt/airflow/dags/crawl_search_page.py
[2025-11-22T07:28:59.814+0000] {processor.py:925} INFO - DAG(s) 'crawl_search_page' retrieved from /opt/airflow/dags/crawl_search_page.py
[2025-11-22T07:28:59.839+0000] {logging_mixin.py:190} INFO - [2025-11-22T07:28:59.838+0000] {dag.py:3239} INFO - Sync 1 DAGs
[2025-11-22T07:28:59.853+0000] {logging_mixin.py:190} INFO - [2025-11-22T07:28:59.852+0000] {dag.py:4180} INFO - Setting next_dagrun for crawl_search_page to None, run_after=None
[2025-11-22T07:28:59.870+0000] {processor.py:208} INFO - Processing /opt/airflow/dags/crawl_search_page.py took 0.912 seconds
[2025-11-22T07:29:30.230+0000] {processor.py:186} INFO - Started process (PID=330) to work on /opt/airflow/dags/crawl_search_page.py
[2025-11-22T07:29:30.231+0000] {processor.py:914} INFO - Processing file /opt/airflow/dags/crawl_search_page.py for tasks to queue
[2025-11-22T07:29:30.234+0000] {logging_mixin.py:190} INFO - [2025-11-22T07:29:30.234+0000] {dagbag.py:588} INFO - Filling up the DagBag from /opt/airflow/dags/crawl_search_page.py
[2025-11-22T07:29:30.995+0000] {processor.py:925} INFO - DAG(s) 'crawl_search_page' retrieved from /opt/airflow/dags/crawl_search_page.py
[2025-11-22T07:29:31.014+0000] {logging_mixin.py:190} INFO - [2025-11-22T07:29:31.014+0000] {dag.py:3239} INFO - Sync 1 DAGs
[2025-11-22T07:29:31.026+0000] {logging_mixin.py:190} INFO - [2025-11-22T07:29:31.025+0000] {dag.py:4180} INFO - Setting next_dagrun for crawl_search_page to None, run_after=None
[2025-11-22T07:29:31.045+0000] {processor.py:208} INFO - Processing /opt/airflow/dags/crawl_search_page.py took 0.823 seconds
[2025-11-22T07:30:01.427+0000] {processor.py:186} INFO - Started process (PID=342) to work on /opt/airflow/dags/crawl_search_page.py
[2025-11-22T07:30:01.428+0000] {processor.py:914} INFO - Processing file /opt/airflow/dags/crawl_search_page.py for tasks to queue
[2025-11-22T07:30:01.431+0000] {logging_mixin.py:190} INFO - [2025-11-22T07:30:01.431+0000] {dagbag.py:588} INFO - Filling up the DagBag from /opt/airflow/dags/crawl_search_page.py
[2025-11-22T07:30:02.033+0000] {processor.py:925} INFO - DAG(s) 'crawl_search_page' retrieved from /opt/airflow/dags/crawl_search_page.py
[2025-11-22T07:30:02.051+0000] {logging_mixin.py:190} INFO - [2025-11-22T07:30:02.051+0000] {dag.py:3239} INFO - Sync 1 DAGs
[2025-11-22T07:30:02.062+0000] {logging_mixin.py:190} INFO - [2025-11-22T07:30:02.062+0000] {dag.py:4180} INFO - Setting next_dagrun for crawl_search_page to None, run_after=None
[2025-11-22T07:30:02.080+0000] {processor.py:208} INFO - Processing /opt/airflow/dags/crawl_search_page.py took 0.658 seconds
[2025-11-22T07:30:32.225+0000] {processor.py:186} INFO - Started process (PID=354) to work on /opt/airflow/dags/crawl_search_page.py
[2025-11-22T07:30:32.226+0000] {processor.py:914} INFO - Processing file /opt/airflow/dags/crawl_search_page.py for tasks to queue
[2025-11-22T07:30:32.229+0000] {logging_mixin.py:190} INFO - [2025-11-22T07:30:32.229+0000] {dagbag.py:588} INFO - Filling up the DagBag from /opt/airflow/dags/crawl_search_page.py
[2025-11-22T07:30:32.879+0000] {processor.py:925} INFO - DAG(s) 'crawl_search_page' retrieved from /opt/airflow/dags/crawl_search_page.py
[2025-11-22T07:30:32.898+0000] {logging_mixin.py:190} INFO - [2025-11-22T07:30:32.897+0000] {dag.py:3239} INFO - Sync 1 DAGs
[2025-11-22T07:30:32.908+0000] {logging_mixin.py:190} INFO - [2025-11-22T07:30:32.908+0000] {dag.py:4180} INFO - Setting next_dagrun for crawl_search_page to None, run_after=None
[2025-11-22T07:30:32.926+0000] {processor.py:208} INFO - Processing /opt/airflow/dags/crawl_search_page.py took 0.707 seconds
[2025-11-22T07:31:03.260+0000] {processor.py:186} INFO - Started process (PID=366) to work on /opt/airflow/dags/crawl_search_page.py
[2025-11-22T07:31:03.261+0000] {processor.py:914} INFO - Processing file /opt/airflow/dags/crawl_search_page.py for tasks to queue
[2025-11-22T07:31:03.263+0000] {logging_mixin.py:190} INFO - [2025-11-22T07:31:03.263+0000] {dagbag.py:588} INFO - Filling up the DagBag from /opt/airflow/dags/crawl_search_page.py
[2025-11-22T07:31:03.890+0000] {processor.py:925} INFO - DAG(s) 'crawl_search_page' retrieved from /opt/airflow/dags/crawl_search_page.py
[2025-11-22T07:31:03.909+0000] {logging_mixin.py:190} INFO - [2025-11-22T07:31:03.909+0000] {dag.py:3239} INFO - Sync 1 DAGs
[2025-11-22T07:31:03.921+0000] {logging_mixin.py:190} INFO - [2025-11-22T07:31:03.921+0000] {dag.py:4180} INFO - Setting next_dagrun for crawl_search_page to None, run_after=None
[2025-11-22T07:31:03.939+0000] {processor.py:208} INFO - Processing /opt/airflow/dags/crawl_search_page.py took 0.685 seconds
[2025-11-22T07:31:34.141+0000] {processor.py:186} INFO - Started process (PID=378) to work on /opt/airflow/dags/crawl_search_page.py
[2025-11-22T07:31:34.142+0000] {processor.py:914} INFO - Processing file /opt/airflow/dags/crawl_search_page.py for tasks to queue
[2025-11-22T07:31:34.144+0000] {logging_mixin.py:190} INFO - [2025-11-22T07:31:34.144+0000] {dagbag.py:588} INFO - Filling up the DagBag from /opt/airflow/dags/crawl_search_page.py
[2025-11-22T07:31:34.737+0000] {processor.py:925} INFO - DAG(s) 'crawl_search_page' retrieved from /opt/airflow/dags/crawl_search_page.py
[2025-11-22T07:31:34.756+0000] {logging_mixin.py:190} INFO - [2025-11-22T07:31:34.756+0000] {dag.py:3239} INFO - Sync 1 DAGs
[2025-11-22T07:31:34.768+0000] {logging_mixin.py:190} INFO - [2025-11-22T07:31:34.768+0000] {dag.py:4180} INFO - Setting next_dagrun for crawl_search_page to None, run_after=None
[2025-11-22T07:31:34.786+0000] {processor.py:208} INFO - Processing /opt/airflow/dags/crawl_search_page.py took 0.651 seconds
[2025-11-22T07:32:05.167+0000] {processor.py:186} INFO - Started process (PID=390) to work on /opt/airflow/dags/crawl_search_page.py
[2025-11-22T07:32:05.168+0000] {processor.py:914} INFO - Processing file /opt/airflow/dags/crawl_search_page.py for tasks to queue
[2025-11-22T07:32:05.170+0000] {logging_mixin.py:190} INFO - [2025-11-22T07:32:05.170+0000] {dagbag.py:588} INFO - Filling up the DagBag from /opt/airflow/dags/crawl_search_page.py
[2025-11-22T07:32:05.746+0000] {processor.py:925} INFO - DAG(s) 'crawl_search_page' retrieved from /opt/airflow/dags/crawl_search_page.py
[2025-11-22T07:32:05.764+0000] {logging_mixin.py:190} INFO - [2025-11-22T07:32:05.763+0000] {dag.py:3239} INFO - Sync 1 DAGs
[2025-11-22T07:32:05.774+0000] {logging_mixin.py:190} INFO - [2025-11-22T07:32:05.774+0000] {dag.py:4180} INFO - Setting next_dagrun for crawl_search_page to None, run_after=None
[2025-11-22T07:32:05.792+0000] {processor.py:208} INFO - Processing /opt/airflow/dags/crawl_search_page.py took 0.630 seconds
[2025-11-22T07:32:35.991+0000] {processor.py:186} INFO - Started process (PID=402) to work on /opt/airflow/dags/crawl_search_page.py
[2025-11-22T07:32:35.992+0000] {processor.py:914} INFO - Processing file /opt/airflow/dags/crawl_search_page.py for tasks to queue
[2025-11-22T07:32:35.995+0000] {logging_mixin.py:190} INFO - [2025-11-22T07:32:35.995+0000] {dagbag.py:588} INFO - Filling up the DagBag from /opt/airflow/dags/crawl_search_page.py
[2025-11-22T07:32:36.657+0000] {processor.py:925} INFO - DAG(s) 'crawl_search_page' retrieved from /opt/airflow/dags/crawl_search_page.py
[2025-11-22T07:32:36.678+0000] {logging_mixin.py:190} INFO - [2025-11-22T07:32:36.677+0000] {dag.py:3239} INFO - Sync 1 DAGs
[2025-11-22T07:32:36.688+0000] {logging_mixin.py:190} INFO - [2025-11-22T07:32:36.688+0000] {dag.py:4180} INFO - Setting next_dagrun for crawl_search_page to None, run_after=None
[2025-11-22T07:32:36.705+0000] {processor.py:208} INFO - Processing /opt/airflow/dags/crawl_search_page.py took 0.720 seconds
[2025-11-22T07:33:07.114+0000] {processor.py:186} INFO - Started process (PID=414) to work on /opt/airflow/dags/crawl_search_page.py
[2025-11-22T07:33:07.115+0000] {processor.py:914} INFO - Processing file /opt/airflow/dags/crawl_search_page.py for tasks to queue
[2025-11-22T07:33:07.117+0000] {logging_mixin.py:190} INFO - [2025-11-22T07:33:07.117+0000] {dagbag.py:588} INFO - Filling up the DagBag from /opt/airflow/dags/crawl_search_page.py
[2025-11-22T07:33:07.722+0000] {processor.py:925} INFO - DAG(s) 'crawl_search_page' retrieved from /opt/airflow/dags/crawl_search_page.py
[2025-11-22T07:33:07.740+0000] {logging_mixin.py:190} INFO - [2025-11-22T07:33:07.740+0000] {dag.py:3239} INFO - Sync 1 DAGs
[2025-11-22T07:33:07.750+0000] {logging_mixin.py:190} INFO - [2025-11-22T07:33:07.750+0000] {dag.py:4180} INFO - Setting next_dagrun for crawl_search_page to None, run_after=None
[2025-11-22T07:33:07.768+0000] {processor.py:208} INFO - Processing /opt/airflow/dags/crawl_search_page.py took 0.660 seconds
[2025-11-22T07:33:38.141+0000] {processor.py:186} INFO - Started process (PID=426) to work on /opt/airflow/dags/crawl_search_page.py
[2025-11-22T07:33:38.142+0000] {processor.py:914} INFO - Processing file /opt/airflow/dags/crawl_search_page.py for tasks to queue
[2025-11-22T07:33:38.145+0000] {logging_mixin.py:190} INFO - [2025-11-22T07:33:38.145+0000] {dagbag.py:588} INFO - Filling up the DagBag from /opt/airflow/dags/crawl_search_page.py
[2025-11-22T07:33:38.794+0000] {processor.py:925} INFO - DAG(s) 'crawl_search_page' retrieved from /opt/airflow/dags/crawl_search_page.py
[2025-11-22T07:33:38.814+0000] {logging_mixin.py:190} INFO - [2025-11-22T07:33:38.814+0000] {dag.py:3239} INFO - Sync 1 DAGs
[2025-11-22T07:33:38.825+0000] {logging_mixin.py:190} INFO - [2025-11-22T07:33:38.825+0000] {dag.py:4180} INFO - Setting next_dagrun for crawl_search_page to None, run_after=None
[2025-11-22T07:33:38.848+0000] {processor.py:208} INFO - Processing /opt/airflow/dags/crawl_search_page.py took 0.712 seconds
[2025-11-22T07:34:09.229+0000] {processor.py:186} INFO - Started process (PID=438) to work on /opt/airflow/dags/crawl_search_page.py
[2025-11-22T07:34:09.230+0000] {processor.py:914} INFO - Processing file /opt/airflow/dags/crawl_search_page.py for tasks to queue
[2025-11-22T07:34:09.233+0000] {logging_mixin.py:190} INFO - [2025-11-22T07:34:09.232+0000] {dagbag.py:588} INFO - Filling up the DagBag from /opt/airflow/dags/crawl_search_page.py
[2025-11-22T07:34:09.999+0000] {processor.py:925} INFO - DAG(s) 'crawl_search_page' retrieved from /opt/airflow/dags/crawl_search_page.py
[2025-11-22T07:34:10.019+0000] {logging_mixin.py:190} INFO - [2025-11-22T07:34:10.018+0000] {dag.py:3239} INFO - Sync 1 DAGs
[2025-11-22T07:34:10.031+0000] {logging_mixin.py:190} INFO - [2025-11-22T07:34:10.031+0000] {dag.py:4180} INFO - Setting next_dagrun for crawl_search_page to None, run_after=None
[2025-11-22T07:34:10.050+0000] {processor.py:208} INFO - Processing /opt/airflow/dags/crawl_search_page.py took 0.826 seconds
[2025-11-22T07:34:40.422+0000] {processor.py:186} INFO - Started process (PID=450) to work on /opt/airflow/dags/crawl_search_page.py
[2025-11-22T07:34:40.423+0000] {processor.py:914} INFO - Processing file /opt/airflow/dags/crawl_search_page.py for tasks to queue
[2025-11-22T07:34:40.426+0000] {logging_mixin.py:190} INFO - [2025-11-22T07:34:40.425+0000] {dagbag.py:588} INFO - Filling up the DagBag from /opt/airflow/dags/crawl_search_page.py
[2025-11-22T07:34:41.062+0000] {processor.py:925} INFO - DAG(s) 'crawl_search_page' retrieved from /opt/airflow/dags/crawl_search_page.py
[2025-11-22T07:34:41.084+0000] {logging_mixin.py:190} INFO - [2025-11-22T07:34:41.084+0000] {dag.py:3239} INFO - Sync 1 DAGs
[2025-11-22T07:34:41.101+0000] {logging_mixin.py:190} INFO - [2025-11-22T07:34:41.101+0000] {dag.py:4180} INFO - Setting next_dagrun for crawl_search_page to None, run_after=None
[2025-11-22T07:34:41.118+0000] {processor.py:208} INFO - Processing /opt/airflow/dags/crawl_search_page.py took 0.701 seconds
[2025-11-22T07:35:11.512+0000] {processor.py:186} INFO - Started process (PID=462) to work on /opt/airflow/dags/crawl_search_page.py
[2025-11-22T07:35:11.513+0000] {processor.py:914} INFO - Processing file /opt/airflow/dags/crawl_search_page.py for tasks to queue
[2025-11-22T07:35:11.515+0000] {logging_mixin.py:190} INFO - [2025-11-22T07:35:11.515+0000] {dagbag.py:588} INFO - Filling up the DagBag from /opt/airflow/dags/crawl_search_page.py
[2025-11-22T07:35:12.107+0000] {processor.py:925} INFO - DAG(s) 'crawl_search_page' retrieved from /opt/airflow/dags/crawl_search_page.py
[2025-11-22T07:35:12.125+0000] {logging_mixin.py:190} INFO - [2025-11-22T07:35:12.125+0000] {dag.py:3239} INFO - Sync 1 DAGs
[2025-11-22T07:35:12.136+0000] {logging_mixin.py:190} INFO - [2025-11-22T07:35:12.136+0000] {dag.py:4180} INFO - Setting next_dagrun for crawl_search_page to None, run_after=None
[2025-11-22T07:35:12.154+0000] {processor.py:208} INFO - Processing /opt/airflow/dags/crawl_search_page.py took 0.648 seconds
[2025-11-22T07:35:42.525+0000] {processor.py:186} INFO - Started process (PID=475) to work on /opt/airflow/dags/crawl_search_page.py
[2025-11-22T07:35:42.526+0000] {processor.py:914} INFO - Processing file /opt/airflow/dags/crawl_search_page.py for tasks to queue
[2025-11-22T07:35:42.528+0000] {logging_mixin.py:190} INFO - [2025-11-22T07:35:42.528+0000] {dagbag.py:588} INFO - Filling up the DagBag from /opt/airflow/dags/crawl_search_page.py
[2025-11-22T07:35:43.141+0000] {processor.py:925} INFO - DAG(s) 'crawl_search_page' retrieved from /opt/airflow/dags/crawl_search_page.py
[2025-11-22T07:35:43.159+0000] {logging_mixin.py:190} INFO - [2025-11-22T07:35:43.159+0000] {dag.py:3239} INFO - Sync 1 DAGs
[2025-11-22T07:35:43.171+0000] {logging_mixin.py:190} INFO - [2025-11-22T07:35:43.171+0000] {dag.py:4180} INFO - Setting next_dagrun for crawl_search_page to None, run_after=None
[2025-11-22T07:35:43.188+0000] {processor.py:208} INFO - Processing /opt/airflow/dags/crawl_search_page.py took 0.668 seconds
[2025-11-22T07:36:13.542+0000] {processor.py:186} INFO - Started process (PID=487) to work on /opt/airflow/dags/crawl_search_page.py
[2025-11-22T07:36:13.543+0000] {processor.py:914} INFO - Processing file /opt/airflow/dags/crawl_search_page.py for tasks to queue
[2025-11-22T07:36:13.545+0000] {logging_mixin.py:190} INFO - [2025-11-22T07:36:13.545+0000] {dagbag.py:588} INFO - Filling up the DagBag from /opt/airflow/dags/crawl_search_page.py
[2025-11-22T07:36:14.137+0000] {processor.py:925} INFO - DAG(s) 'crawl_search_page' retrieved from /opt/airflow/dags/crawl_search_page.py
[2025-11-22T07:36:14.154+0000] {logging_mixin.py:190} INFO - [2025-11-22T07:36:14.154+0000] {dag.py:3239} INFO - Sync 1 DAGs
[2025-11-22T07:36:14.164+0000] {logging_mixin.py:190} INFO - [2025-11-22T07:36:14.164+0000] {dag.py:4180} INFO - Setting next_dagrun for crawl_search_page to None, run_after=None
[2025-11-22T07:36:14.183+0000] {processor.py:208} INFO - Processing /opt/airflow/dags/crawl_search_page.py took 0.647 seconds
[2025-11-22T07:36:44.268+0000] {processor.py:186} INFO - Started process (PID=499) to work on /opt/airflow/dags/crawl_search_page.py
[2025-11-22T07:36:44.269+0000] {processor.py:914} INFO - Processing file /opt/airflow/dags/crawl_search_page.py for tasks to queue
[2025-11-22T07:36:44.271+0000] {logging_mixin.py:190} INFO - [2025-11-22T07:36:44.271+0000] {dagbag.py:588} INFO - Filling up the DagBag from /opt/airflow/dags/crawl_search_page.py
[2025-11-22T07:36:44.875+0000] {processor.py:925} INFO - DAG(s) 'crawl_search_page' retrieved from /opt/airflow/dags/crawl_search_page.py
[2025-11-22T07:36:44.893+0000] {logging_mixin.py:190} INFO - [2025-11-22T07:36:44.892+0000] {dag.py:3239} INFO - Sync 1 DAGs
[2025-11-22T07:36:44.904+0000] {logging_mixin.py:190} INFO - [2025-11-22T07:36:44.904+0000] {dag.py:4180} INFO - Setting next_dagrun for crawl_search_page to None, run_after=None
[2025-11-22T07:36:44.924+0000] {processor.py:208} INFO - Processing /opt/airflow/dags/crawl_search_page.py took 0.662 seconds
[2025-11-22T07:37:15.258+0000] {processor.py:186} INFO - Started process (PID=511) to work on /opt/airflow/dags/crawl_search_page.py
[2025-11-22T07:37:15.259+0000] {processor.py:914} INFO - Processing file /opt/airflow/dags/crawl_search_page.py for tasks to queue
[2025-11-22T07:37:15.262+0000] {logging_mixin.py:190} INFO - [2025-11-22T07:37:15.261+0000] {dagbag.py:588} INFO - Filling up the DagBag from /opt/airflow/dags/crawl_search_page.py
[2025-11-22T07:37:15.852+0000] {processor.py:925} INFO - DAG(s) 'crawl_search_page' retrieved from /opt/airflow/dags/crawl_search_page.py
[2025-11-22T07:37:15.871+0000] {logging_mixin.py:190} INFO - [2025-11-22T07:37:15.870+0000] {dag.py:3239} INFO - Sync 1 DAGs
[2025-11-22T07:37:15.882+0000] {logging_mixin.py:190} INFO - [2025-11-22T07:37:15.881+0000] {dag.py:4180} INFO - Setting next_dagrun for crawl_search_page to None, run_after=None
[2025-11-22T07:37:15.899+0000] {processor.py:208} INFO - Processing /opt/airflow/dags/crawl_search_page.py took 0.648 seconds
[2025-11-22T07:37:46.237+0000] {processor.py:186} INFO - Started process (PID=523) to work on /opt/airflow/dags/crawl_search_page.py
[2025-11-22T07:37:46.238+0000] {processor.py:914} INFO - Processing file /opt/airflow/dags/crawl_search_page.py for tasks to queue
[2025-11-22T07:37:46.241+0000] {logging_mixin.py:190} INFO - [2025-11-22T07:37:46.240+0000] {dagbag.py:588} INFO - Filling up the DagBag from /opt/airflow/dags/crawl_search_page.py
[2025-11-22T07:37:46.846+0000] {processor.py:925} INFO - DAG(s) 'crawl_search_page' retrieved from /opt/airflow/dags/crawl_search_page.py
[2025-11-22T07:37:46.864+0000] {logging_mixin.py:190} INFO - [2025-11-22T07:37:46.864+0000] {dag.py:3239} INFO - Sync 1 DAGs
[2025-11-22T07:37:46.875+0000] {logging_mixin.py:190} INFO - [2025-11-22T07:37:46.874+0000] {dag.py:4180} INFO - Setting next_dagrun for crawl_search_page to None, run_after=None
[2025-11-22T07:37:46.893+0000] {processor.py:208} INFO - Processing /opt/airflow/dags/crawl_search_page.py took 0.663 seconds
[2025-11-22T07:38:17.270+0000] {processor.py:186} INFO - Started process (PID=535) to work on /opt/airflow/dags/crawl_search_page.py
[2025-11-22T07:38:17.271+0000] {processor.py:914} INFO - Processing file /opt/airflow/dags/crawl_search_page.py for tasks to queue
[2025-11-22T07:38:17.273+0000] {logging_mixin.py:190} INFO - [2025-11-22T07:38:17.273+0000] {dagbag.py:588} INFO - Filling up the DagBag from /opt/airflow/dags/crawl_search_page.py
[2025-11-22T07:38:17.880+0000] {processor.py:925} INFO - DAG(s) 'crawl_search_page' retrieved from /opt/airflow/dags/crawl_search_page.py
[2025-11-22T07:38:17.899+0000] {logging_mixin.py:190} INFO - [2025-11-22T07:38:17.898+0000] {dag.py:3239} INFO - Sync 1 DAGs
[2025-11-22T07:38:17.909+0000] {logging_mixin.py:190} INFO - [2025-11-22T07:38:17.909+0000] {dag.py:4180} INFO - Setting next_dagrun for crawl_search_page to None, run_after=None
[2025-11-22T07:38:17.927+0000] {processor.py:208} INFO - Processing /opt/airflow/dags/crawl_search_page.py took 0.663 seconds
[2025-11-22T07:38:48.019+0000] {processor.py:186} INFO - Started process (PID=547) to work on /opt/airflow/dags/crawl_search_page.py
[2025-11-22T07:38:48.021+0000] {processor.py:914} INFO - Processing file /opt/airflow/dags/crawl_search_page.py for tasks to queue
[2025-11-22T07:38:48.023+0000] {logging_mixin.py:190} INFO - [2025-11-22T07:38:48.023+0000] {dagbag.py:588} INFO - Filling up the DagBag from /opt/airflow/dags/crawl_search_page.py
[2025-11-22T07:38:48.623+0000] {processor.py:925} INFO - DAG(s) 'crawl_search_page' retrieved from /opt/airflow/dags/crawl_search_page.py
[2025-11-22T07:38:48.641+0000] {logging_mixin.py:190} INFO - [2025-11-22T07:38:48.641+0000] {dag.py:3239} INFO - Sync 1 DAGs
[2025-11-22T07:38:48.651+0000] {logging_mixin.py:190} INFO - [2025-11-22T07:38:48.651+0000] {dag.py:4180} INFO - Setting next_dagrun for crawl_search_page to None, run_after=None
[2025-11-22T07:38:48.670+0000] {processor.py:208} INFO - Processing /opt/airflow/dags/crawl_search_page.py took 0.657 seconds
[2025-11-22T07:39:18.903+0000] {processor.py:186} INFO - Started process (PID=559) to work on /opt/airflow/dags/crawl_search_page.py
[2025-11-22T07:39:18.904+0000] {processor.py:914} INFO - Processing file /opt/airflow/dags/crawl_search_page.py for tasks to queue
[2025-11-22T07:39:18.906+0000] {logging_mixin.py:190} INFO - [2025-11-22T07:39:18.906+0000] {dagbag.py:588} INFO - Filling up the DagBag from /opt/airflow/dags/crawl_search_page.py
[2025-11-22T07:39:19.523+0000] {processor.py:925} INFO - DAG(s) 'crawl_search_page' retrieved from /opt/airflow/dags/crawl_search_page.py
[2025-11-22T07:39:19.540+0000] {logging_mixin.py:190} INFO - [2025-11-22T07:39:19.540+0000] {dag.py:3239} INFO - Sync 1 DAGs
[2025-11-22T07:39:19.551+0000] {logging_mixin.py:190} INFO - [2025-11-22T07:39:19.550+0000] {dag.py:4180} INFO - Setting next_dagrun for crawl_search_page to None, run_after=None
[2025-11-22T07:39:19.569+0000] {processor.py:208} INFO - Processing /opt/airflow/dags/crawl_search_page.py took 0.673 seconds
[2025-11-22T07:39:49.905+0000] {processor.py:186} INFO - Started process (PID=571) to work on /opt/airflow/dags/crawl_search_page.py
[2025-11-22T07:39:49.906+0000] {processor.py:914} INFO - Processing file /opt/airflow/dags/crawl_search_page.py for tasks to queue
[2025-11-22T07:39:49.909+0000] {logging_mixin.py:190} INFO - [2025-11-22T07:39:49.909+0000] {dagbag.py:588} INFO - Filling up the DagBag from /opt/airflow/dags/crawl_search_page.py
[2025-11-22T07:39:50.600+0000] {processor.py:925} INFO - DAG(s) 'crawl_search_page' retrieved from /opt/airflow/dags/crawl_search_page.py
[2025-11-22T07:39:50.621+0000] {logging_mixin.py:190} INFO - [2025-11-22T07:39:50.621+0000] {dag.py:3239} INFO - Sync 1 DAGs
[2025-11-22T07:39:50.634+0000] {logging_mixin.py:190} INFO - [2025-11-22T07:39:50.634+0000] {dag.py:4180} INFO - Setting next_dagrun for crawl_search_page to None, run_after=None
[2025-11-22T07:39:50.649+0000] {processor.py:208} INFO - Processing /opt/airflow/dags/crawl_search_page.py took 0.749 seconds
[2025-11-22T07:40:21.032+0000] {processor.py:186} INFO - Started process (PID=583) to work on /opt/airflow/dags/crawl_search_page.py
[2025-11-22T07:40:21.033+0000] {processor.py:914} INFO - Processing file /opt/airflow/dags/crawl_search_page.py for tasks to queue
[2025-11-22T07:40:21.036+0000] {logging_mixin.py:190} INFO - [2025-11-22T07:40:21.036+0000] {dagbag.py:588} INFO - Filling up the DagBag from /opt/airflow/dags/crawl_search_page.py
[2025-11-22T07:40:21.843+0000] {processor.py:925} INFO - DAG(s) 'crawl_search_page' retrieved from /opt/airflow/dags/crawl_search_page.py
[2025-11-22T07:40:21.861+0000] {logging_mixin.py:190} INFO - [2025-11-22T07:40:21.861+0000] {dag.py:3239} INFO - Sync 1 DAGs
[2025-11-22T07:40:21.873+0000] {logging_mixin.py:190} INFO - [2025-11-22T07:40:21.873+0000] {dag.py:4180} INFO - Setting next_dagrun for crawl_search_page to None, run_after=None
[2025-11-22T07:40:21.892+0000] {processor.py:208} INFO - Processing /opt/airflow/dags/crawl_search_page.py took 0.866 seconds
[2025-11-22T07:40:52.072+0000] {processor.py:186} INFO - Started process (PID=595) to work on /opt/airflow/dags/crawl_search_page.py
[2025-11-22T07:40:52.073+0000] {processor.py:914} INFO - Processing file /opt/airflow/dags/crawl_search_page.py for tasks to queue
[2025-11-22T07:40:52.075+0000] {logging_mixin.py:190} INFO - [2025-11-22T07:40:52.075+0000] {dagbag.py:588} INFO - Filling up the DagBag from /opt/airflow/dags/crawl_search_page.py
[2025-11-22T07:40:52.711+0000] {processor.py:925} INFO - DAG(s) 'crawl_search_page' retrieved from /opt/airflow/dags/crawl_search_page.py
[2025-11-22T07:40:52.731+0000] {logging_mixin.py:190} INFO - [2025-11-22T07:40:52.730+0000] {dag.py:3239} INFO - Sync 1 DAGs
[2025-11-22T07:40:52.741+0000] {logging_mixin.py:190} INFO - [2025-11-22T07:40:52.741+0000] {dag.py:4180} INFO - Setting next_dagrun for crawl_search_page to None, run_after=None
[2025-11-22T07:40:52.759+0000] {processor.py:208} INFO - Processing /opt/airflow/dags/crawl_search_page.py took 0.693 seconds
[2025-11-22T07:41:23.169+0000] {processor.py:186} INFO - Started process (PID=607) to work on /opt/airflow/dags/crawl_search_page.py
[2025-11-22T07:41:23.170+0000] {processor.py:914} INFO - Processing file /opt/airflow/dags/crawl_search_page.py for tasks to queue
[2025-11-22T07:41:23.173+0000] {logging_mixin.py:190} INFO - [2025-11-22T07:41:23.173+0000] {dagbag.py:588} INFO - Filling up the DagBag from /opt/airflow/dags/crawl_search_page.py
[2025-11-22T07:41:23.796+0000] {processor.py:925} INFO - DAG(s) 'crawl_search_page' retrieved from /opt/airflow/dags/crawl_search_page.py
[2025-11-22T07:41:23.815+0000] {logging_mixin.py:190} INFO - [2025-11-22T07:41:23.814+0000] {dag.py:3239} INFO - Sync 1 DAGs
[2025-11-22T07:41:23.825+0000] {logging_mixin.py:190} INFO - [2025-11-22T07:41:23.825+0000] {dag.py:4180} INFO - Setting next_dagrun for crawl_search_page to None, run_after=None
[2025-11-22T07:41:23.843+0000] {processor.py:208} INFO - Processing /opt/airflow/dags/crawl_search_page.py took 0.680 seconds
[2025-11-22T07:41:53.934+0000] {processor.py:186} INFO - Started process (PID=619) to work on /opt/airflow/dags/crawl_search_page.py
[2025-11-22T07:41:53.935+0000] {processor.py:914} INFO - Processing file /opt/airflow/dags/crawl_search_page.py for tasks to queue
[2025-11-22T07:41:53.937+0000] {logging_mixin.py:190} INFO - [2025-11-22T07:41:53.937+0000] {dagbag.py:588} INFO - Filling up the DagBag from /opt/airflow/dags/crawl_search_page.py
[2025-11-22T07:41:54.552+0000] {processor.py:925} INFO - DAG(s) 'crawl_search_page' retrieved from /opt/airflow/dags/crawl_search_page.py
[2025-11-22T07:41:54.574+0000] {logging_mixin.py:190} INFO - [2025-11-22T07:41:54.573+0000] {dag.py:3239} INFO - Sync 1 DAGs
[2025-11-22T07:41:54.584+0000] {logging_mixin.py:190} INFO - [2025-11-22T07:41:54.584+0000] {dag.py:4180} INFO - Setting next_dagrun for crawl_search_page to None, run_after=None
[2025-11-22T07:41:54.599+0000] {processor.py:208} INFO - Processing /opt/airflow/dags/crawl_search_page.py took 0.670 seconds
[2025-11-22T07:42:24.998+0000] {processor.py:186} INFO - Started process (PID=637) to work on /opt/airflow/dags/crawl_search_page.py
[2025-11-22T07:42:24.999+0000] {processor.py:914} INFO - Processing file /opt/airflow/dags/crawl_search_page.py for tasks to queue
[2025-11-22T07:42:25.001+0000] {logging_mixin.py:190} INFO - [2025-11-22T07:42:25.001+0000] {dagbag.py:588} INFO - Filling up the DagBag from /opt/airflow/dags/crawl_search_page.py
[2025-11-22T07:42:25.590+0000] {processor.py:925} INFO - DAG(s) 'crawl_search_page' retrieved from /opt/airflow/dags/crawl_search_page.py
[2025-11-22T07:42:25.608+0000] {logging_mixin.py:190} INFO - [2025-11-22T07:42:25.608+0000] {dag.py:3239} INFO - Sync 1 DAGs
[2025-11-22T07:42:25.618+0000] {logging_mixin.py:190} INFO - [2025-11-22T07:42:25.618+0000] {dag.py:4180} INFO - Setting next_dagrun for crawl_search_page to None, run_after=None
[2025-11-22T07:42:25.638+0000] {processor.py:208} INFO - Processing /opt/airflow/dags/crawl_search_page.py took 0.646 seconds
[2025-11-22T07:42:55.989+0000] {processor.py:186} INFO - Started process (PID=650) to work on /opt/airflow/dags/crawl_search_page.py
[2025-11-22T07:42:55.990+0000] {processor.py:914} INFO - Processing file /opt/airflow/dags/crawl_search_page.py for tasks to queue
[2025-11-22T07:42:55.994+0000] {logging_mixin.py:190} INFO - [2025-11-22T07:42:55.993+0000] {dagbag.py:588} INFO - Filling up the DagBag from /opt/airflow/dags/crawl_search_page.py
[2025-11-22T07:42:56.614+0000] {processor.py:925} INFO - DAG(s) 'crawl_search_page' retrieved from /opt/airflow/dags/crawl_search_page.py
[2025-11-22T07:42:56.631+0000] {logging_mixin.py:190} INFO - [2025-11-22T07:42:56.631+0000] {dag.py:3239} INFO - Sync 1 DAGs
[2025-11-22T07:42:56.644+0000] {logging_mixin.py:190} INFO - [2025-11-22T07:42:56.643+0000] {dag.py:4180} INFO - Setting next_dagrun for crawl_search_page to None, run_after=None
[2025-11-22T07:42:56.661+0000] {processor.py:208} INFO - Processing /opt/airflow/dags/crawl_search_page.py took 0.677 seconds
[2025-11-22T07:43:26.758+0000] {processor.py:186} INFO - Started process (PID=662) to work on /opt/airflow/dags/crawl_search_page.py
[2025-11-22T07:43:26.759+0000] {processor.py:914} INFO - Processing file /opt/airflow/dags/crawl_search_page.py for tasks to queue
[2025-11-22T07:43:26.761+0000] {logging_mixin.py:190} INFO - [2025-11-22T07:43:26.761+0000] {dagbag.py:588} INFO - Filling up the DagBag from /opt/airflow/dags/crawl_search_page.py
[2025-11-22T07:43:27.400+0000] {processor.py:925} INFO - DAG(s) 'crawl_search_page' retrieved from /opt/airflow/dags/crawl_search_page.py
[2025-11-22T07:43:27.443+0000] {logging_mixin.py:190} INFO - [2025-11-22T07:43:27.442+0000] {dag.py:3239} INFO - Sync 1 DAGs
[2025-11-22T07:43:27.458+0000] {logging_mixin.py:190} INFO - [2025-11-22T07:43:27.458+0000] {dag.py:4180} INFO - Setting next_dagrun for crawl_search_page to None, run_after=None
[2025-11-22T07:43:27.479+0000] {processor.py:208} INFO - Processing /opt/airflow/dags/crawl_search_page.py took 0.727 seconds
[2025-11-22T07:43:57.994+0000] {processor.py:186} INFO - Started process (PID=674) to work on /opt/airflow/dags/crawl_search_page.py
[2025-11-22T07:43:57.995+0000] {processor.py:914} INFO - Processing file /opt/airflow/dags/crawl_search_page.py for tasks to queue
[2025-11-22T07:43:57.998+0000] {logging_mixin.py:190} INFO - [2025-11-22T07:43:57.997+0000] {dagbag.py:588} INFO - Filling up the DagBag from /opt/airflow/dags/crawl_search_page.py
[2025-11-22T07:43:58.623+0000] {processor.py:925} INFO - DAG(s) 'crawl_search_page' retrieved from /opt/airflow/dags/crawl_search_page.py
[2025-11-22T07:43:58.645+0000] {logging_mixin.py:190} INFO - [2025-11-22T07:43:58.645+0000] {dag.py:3239} INFO - Sync 1 DAGs
[2025-11-22T07:43:58.658+0000] {logging_mixin.py:190} INFO - [2025-11-22T07:43:58.658+0000] {dag.py:4180} INFO - Setting next_dagrun for crawl_search_page to None, run_after=None
[2025-11-22T07:43:58.677+0000] {processor.py:208} INFO - Processing /opt/airflow/dags/crawl_search_page.py took 0.689 seconds
[2025-11-22T07:44:29.032+0000] {processor.py:186} INFO - Started process (PID=686) to work on /opt/airflow/dags/crawl_search_page.py
[2025-11-22T07:44:29.033+0000] {processor.py:914} INFO - Processing file /opt/airflow/dags/crawl_search_page.py for tasks to queue
[2025-11-22T07:44:29.036+0000] {logging_mixin.py:190} INFO - [2025-11-22T07:44:29.035+0000] {dagbag.py:588} INFO - Filling up the DagBag from /opt/airflow/dags/crawl_search_page.py
[2025-11-22T07:44:29.616+0000] {processor.py:925} INFO - DAG(s) 'crawl_search_page' retrieved from /opt/airflow/dags/crawl_search_page.py
[2025-11-22T07:44:29.635+0000] {logging_mixin.py:190} INFO - [2025-11-22T07:44:29.634+0000] {dag.py:3239} INFO - Sync 1 DAGs
[2025-11-22T07:44:29.645+0000] {logging_mixin.py:190} INFO - [2025-11-22T07:44:29.645+0000] {dag.py:4180} INFO - Setting next_dagrun for crawl_search_page to None, run_after=None
[2025-11-22T07:44:29.664+0000] {processor.py:208} INFO - Processing /opt/airflow/dags/crawl_search_page.py took 0.637 seconds
[2025-11-22T07:45:00.029+0000] {processor.py:186} INFO - Started process (PID=698) to work on /opt/airflow/dags/crawl_search_page.py
[2025-11-22T07:45:00.031+0000] {processor.py:914} INFO - Processing file /opt/airflow/dags/crawl_search_page.py for tasks to queue
[2025-11-22T07:45:00.033+0000] {logging_mixin.py:190} INFO - [2025-11-22T07:45:00.033+0000] {dagbag.py:588} INFO - Filling up the DagBag from /opt/airflow/dags/crawl_search_page.py
[2025-11-22T07:45:00.644+0000] {processor.py:925} INFO - DAG(s) 'crawl_search_page' retrieved from /opt/airflow/dags/crawl_search_page.py
[2025-11-22T07:45:00.671+0000] {logging_mixin.py:190} INFO - [2025-11-22T07:45:00.669+0000] {dag.py:3239} INFO - Sync 1 DAGs
[2025-11-22T07:45:00.691+0000] {logging_mixin.py:190} INFO - [2025-11-22T07:45:00.691+0000] {dag.py:4180} INFO - Setting next_dagrun for crawl_search_page to None, run_after=None
[2025-11-22T07:45:00.715+0000] {processor.py:208} INFO - Processing /opt/airflow/dags/crawl_search_page.py took 0.691 seconds
[2025-11-22T07:45:31.092+0000] {processor.py:186} INFO - Started process (PID=711) to work on /opt/airflow/dags/crawl_search_page.py
[2025-11-22T07:45:31.093+0000] {processor.py:914} INFO - Processing file /opt/airflow/dags/crawl_search_page.py for tasks to queue
[2025-11-22T07:45:31.095+0000] {logging_mixin.py:190} INFO - [2025-11-22T07:45:31.095+0000] {dagbag.py:588} INFO - Filling up the DagBag from /opt/airflow/dags/crawl_search_page.py
[2025-11-22T07:45:31.656+0000] {processor.py:925} INFO - DAG(s) 'crawl_search_page' retrieved from /opt/airflow/dags/crawl_search_page.py
[2025-11-22T07:45:31.673+0000] {logging_mixin.py:190} INFO - [2025-11-22T07:45:31.673+0000] {dag.py:3239} INFO - Sync 1 DAGs
[2025-11-22T07:45:31.685+0000] {logging_mixin.py:190} INFO - [2025-11-22T07:45:31.685+0000] {dag.py:4180} INFO - Setting next_dagrun for crawl_search_page to None, run_after=None
[2025-11-22T07:45:31.702+0000] {processor.py:208} INFO - Processing /opt/airflow/dags/crawl_search_page.py took 0.616 seconds
[2025-11-22T07:46:02.049+0000] {processor.py:186} INFO - Started process (PID=723) to work on /opt/airflow/dags/crawl_search_page.py
[2025-11-22T07:46:02.050+0000] {processor.py:914} INFO - Processing file /opt/airflow/dags/crawl_search_page.py for tasks to queue
[2025-11-22T07:46:02.053+0000] {logging_mixin.py:190} INFO - [2025-11-22T07:46:02.052+0000] {dagbag.py:588} INFO - Filling up the DagBag from /opt/airflow/dags/crawl_search_page.py
[2025-11-22T07:46:02.623+0000] {processor.py:925} INFO - DAG(s) 'crawl_search_page' retrieved from /opt/airflow/dags/crawl_search_page.py
[2025-11-22T07:46:02.641+0000] {logging_mixin.py:190} INFO - [2025-11-22T07:46:02.641+0000] {dag.py:3239} INFO - Sync 1 DAGs
[2025-11-22T07:46:02.652+0000] {logging_mixin.py:190} INFO - [2025-11-22T07:46:02.652+0000] {dag.py:4180} INFO - Setting next_dagrun for crawl_search_page to None, run_after=None
[2025-11-22T07:46:02.670+0000] {processor.py:208} INFO - Processing /opt/airflow/dags/crawl_search_page.py took 0.626 seconds
[2025-11-22T07:46:33.104+0000] {processor.py:186} INFO - Started process (PID=735) to work on /opt/airflow/dags/crawl_search_page.py
[2025-11-22T07:46:33.105+0000] {processor.py:914} INFO - Processing file /opt/airflow/dags/crawl_search_page.py for tasks to queue
[2025-11-22T07:46:33.108+0000] {logging_mixin.py:190} INFO - [2025-11-22T07:46:33.107+0000] {dagbag.py:588} INFO - Filling up the DagBag from /opt/airflow/dags/crawl_search_page.py
[2025-11-22T07:46:33.744+0000] {processor.py:925} INFO - DAG(s) 'crawl_search_page' retrieved from /opt/airflow/dags/crawl_search_page.py
[2025-11-22T07:46:33.763+0000] {logging_mixin.py:190} INFO - [2025-11-22T07:46:33.763+0000] {dag.py:3239} INFO - Sync 1 DAGs
[2025-11-22T07:46:33.775+0000] {logging_mixin.py:190} INFO - [2025-11-22T07:46:33.775+0000] {dag.py:4180} INFO - Setting next_dagrun for crawl_search_page to None, run_after=None
[2025-11-22T07:46:33.792+0000] {processor.py:208} INFO - Processing /opt/airflow/dags/crawl_search_page.py took 0.693 seconds
[2025-11-22T07:47:04.093+0000] {processor.py:186} INFO - Started process (PID=747) to work on /opt/airflow/dags/crawl_search_page.py
[2025-11-22T07:47:04.094+0000] {processor.py:914} INFO - Processing file /opt/airflow/dags/crawl_search_page.py for tasks to queue
[2025-11-22T07:47:04.096+0000] {logging_mixin.py:190} INFO - [2025-11-22T07:47:04.096+0000] {dagbag.py:588} INFO - Filling up the DagBag from /opt/airflow/dags/crawl_search_page.py
[2025-11-22T07:47:04.650+0000] {processor.py:925} INFO - DAG(s) 'crawl_search_page' retrieved from /opt/airflow/dags/crawl_search_page.py
[2025-11-22T07:47:04.677+0000] {logging_mixin.py:190} INFO - [2025-11-22T07:47:04.676+0000] {dag.py:3239} INFO - Sync 1 DAGs
[2025-11-22T07:47:04.687+0000] {logging_mixin.py:190} INFO - [2025-11-22T07:47:04.687+0000] {dag.py:4180} INFO - Setting next_dagrun for crawl_search_page to None, run_after=None
[2025-11-22T07:47:04.705+0000] {processor.py:208} INFO - Processing /opt/airflow/dags/crawl_search_page.py took 0.617 seconds
[2025-11-22T07:47:35.134+0000] {processor.py:186} INFO - Started process (PID=759) to work on /opt/airflow/dags/crawl_search_page.py
[2025-11-22T07:47:35.135+0000] {processor.py:914} INFO - Processing file /opt/airflow/dags/crawl_search_page.py for tasks to queue
[2025-11-22T07:47:35.137+0000] {logging_mixin.py:190} INFO - [2025-11-22T07:47:35.137+0000] {dagbag.py:588} INFO - Filling up the DagBag from /opt/airflow/dags/crawl_search_page.py
[2025-11-22T07:47:35.719+0000] {processor.py:925} INFO - DAG(s) 'crawl_search_page' retrieved from /opt/airflow/dags/crawl_search_page.py
[2025-11-22T07:47:35.736+0000] {logging_mixin.py:190} INFO - [2025-11-22T07:47:35.736+0000] {dag.py:3239} INFO - Sync 1 DAGs
[2025-11-22T07:47:35.746+0000] {logging_mixin.py:190} INFO - [2025-11-22T07:47:35.746+0000] {dag.py:4180} INFO - Setting next_dagrun for crawl_search_page to None, run_after=None
[2025-11-22T07:47:35.764+0000] {processor.py:208} INFO - Processing /opt/airflow/dags/crawl_search_page.py took 0.636 seconds
[2025-11-22T07:48:05.840+0000] {processor.py:186} INFO - Started process (PID=771) to work on /opt/airflow/dags/crawl_search_page.py
[2025-11-22T07:48:05.841+0000] {processor.py:914} INFO - Processing file /opt/airflow/dags/crawl_search_page.py for tasks to queue
[2025-11-22T07:48:05.844+0000] {logging_mixin.py:190} INFO - [2025-11-22T07:48:05.844+0000] {dagbag.py:588} INFO - Filling up the DagBag from /opt/airflow/dags/crawl_search_page.py
[2025-11-22T07:48:06.421+0000] {processor.py:925} INFO - DAG(s) 'crawl_search_page' retrieved from /opt/airflow/dags/crawl_search_page.py
[2025-11-22T07:48:06.439+0000] {logging_mixin.py:190} INFO - [2025-11-22T07:48:06.439+0000] {dag.py:3239} INFO - Sync 1 DAGs
[2025-11-22T07:48:06.452+0000] {logging_mixin.py:190} INFO - [2025-11-22T07:48:06.452+0000] {dag.py:4180} INFO - Setting next_dagrun for crawl_search_page to None, run_after=None
[2025-11-22T07:48:06.471+0000] {processor.py:208} INFO - Processing /opt/airflow/dags/crawl_search_page.py took 0.636 seconds
[2025-11-22T07:48:36.745+0000] {processor.py:186} INFO - Started process (PID=783) to work on /opt/airflow/dags/crawl_search_page.py
[2025-11-22T07:48:36.746+0000] {processor.py:914} INFO - Processing file /opt/airflow/dags/crawl_search_page.py for tasks to queue
[2025-11-22T07:48:36.748+0000] {logging_mixin.py:190} INFO - [2025-11-22T07:48:36.748+0000] {dagbag.py:588} INFO - Filling up the DagBag from /opt/airflow/dags/crawl_search_page.py
[2025-11-22T07:48:37.307+0000] {processor.py:925} INFO - DAG(s) 'crawl_search_page' retrieved from /opt/airflow/dags/crawl_search_page.py
[2025-11-22T07:48:37.324+0000] {logging_mixin.py:190} INFO - [2025-11-22T07:48:37.324+0000] {dag.py:3239} INFO - Sync 1 DAGs
[2025-11-22T07:48:37.335+0000] {logging_mixin.py:190} INFO - [2025-11-22T07:48:37.335+0000] {dag.py:4180} INFO - Setting next_dagrun for crawl_search_page to None, run_after=None
[2025-11-22T07:48:37.352+0000] {processor.py:208} INFO - Processing /opt/airflow/dags/crawl_search_page.py took 0.613 seconds
[2025-11-22T07:49:07.781+0000] {processor.py:186} INFO - Started process (PID=795) to work on /opt/airflow/dags/crawl_search_page.py
[2025-11-22T07:49:07.782+0000] {processor.py:914} INFO - Processing file /opt/airflow/dags/crawl_search_page.py for tasks to queue
[2025-11-22T07:49:07.784+0000] {logging_mixin.py:190} INFO - [2025-11-22T07:49:07.784+0000] {dagbag.py:588} INFO - Filling up the DagBag from /opt/airflow/dags/crawl_search_page.py
[2025-11-22T07:49:08.397+0000] {processor.py:925} INFO - DAG(s) 'crawl_search_page' retrieved from /opt/airflow/dags/crawl_search_page.py
[2025-11-22T07:49:08.415+0000] {logging_mixin.py:190} INFO - [2025-11-22T07:49:08.414+0000] {dag.py:3239} INFO - Sync 1 DAGs
[2025-11-22T07:49:08.426+0000] {logging_mixin.py:190} INFO - [2025-11-22T07:49:08.426+0000] {dag.py:4180} INFO - Setting next_dagrun for crawl_search_page to None, run_after=None
[2025-11-22T07:49:08.443+0000] {processor.py:208} INFO - Processing /opt/airflow/dags/crawl_search_page.py took 0.668 seconds
[2025-11-22T07:49:38.562+0000] {processor.py:186} INFO - Started process (PID=807) to work on /opt/airflow/dags/crawl_search_page.py
[2025-11-22T07:49:38.563+0000] {processor.py:914} INFO - Processing file /opt/airflow/dags/crawl_search_page.py for tasks to queue
[2025-11-22T07:49:38.565+0000] {logging_mixin.py:190} INFO - [2025-11-22T07:49:38.565+0000] {dagbag.py:588} INFO - Filling up the DagBag from /opt/airflow/dags/crawl_search_page.py
[2025-11-22T07:49:39.127+0000] {processor.py:925} INFO - DAG(s) 'crawl_search_page' retrieved from /opt/airflow/dags/crawl_search_page.py
[2025-11-22T07:49:39.147+0000] {logging_mixin.py:190} INFO - [2025-11-22T07:49:39.146+0000] {dag.py:3239} INFO - Sync 1 DAGs
[2025-11-22T07:49:39.157+0000] {logging_mixin.py:190} INFO - [2025-11-22T07:49:39.156+0000] {dag.py:4180} INFO - Setting next_dagrun for crawl_search_page to None, run_after=None
[2025-11-22T07:49:39.174+0000] {processor.py:208} INFO - Processing /opt/airflow/dags/crawl_search_page.py took 0.617 seconds
[2025-11-22T07:50:09.223+0000] {processor.py:186} INFO - Started process (PID=819) to work on /opt/airflow/dags/crawl_search_page.py
[2025-11-22T07:50:09.224+0000] {processor.py:914} INFO - Processing file /opt/airflow/dags/crawl_search_page.py for tasks to queue
[2025-11-22T07:50:09.226+0000] {logging_mixin.py:190} INFO - [2025-11-22T07:50:09.226+0000] {dagbag.py:588} INFO - Filling up the DagBag from /opt/airflow/dags/crawl_search_page.py
[2025-11-22T07:50:09.788+0000] {processor.py:925} INFO - DAG(s) 'crawl_search_page' retrieved from /opt/airflow/dags/crawl_search_page.py
[2025-11-22T07:50:09.805+0000] {logging_mixin.py:190} INFO - [2025-11-22T07:50:09.805+0000] {dag.py:3239} INFO - Sync 1 DAGs
[2025-11-22T07:50:09.815+0000] {logging_mixin.py:190} INFO - [2025-11-22T07:50:09.815+0000] {dag.py:4180} INFO - Setting next_dagrun for crawl_search_page to None, run_after=None
[2025-11-22T07:50:09.833+0000] {processor.py:208} INFO - Processing /opt/airflow/dags/crawl_search_page.py took 0.615 seconds
[2025-11-22T07:50:39.985+0000] {processor.py:186} INFO - Started process (PID=831) to work on /opt/airflow/dags/crawl_search_page.py
[2025-11-22T07:50:39.986+0000] {processor.py:914} INFO - Processing file /opt/airflow/dags/crawl_search_page.py for tasks to queue
[2025-11-22T07:50:39.989+0000] {logging_mixin.py:190} INFO - [2025-11-22T07:50:39.988+0000] {dagbag.py:588} INFO - Filling up the DagBag from /opt/airflow/dags/crawl_search_page.py
[2025-11-22T07:50:40.545+0000] {processor.py:925} INFO - DAG(s) 'crawl_search_page' retrieved from /opt/airflow/dags/crawl_search_page.py
[2025-11-22T07:50:40.564+0000] {logging_mixin.py:190} INFO - [2025-11-22T07:50:40.564+0000] {dag.py:3239} INFO - Sync 1 DAGs
[2025-11-22T07:50:40.574+0000] {logging_mixin.py:190} INFO - [2025-11-22T07:50:40.574+0000] {dag.py:4180} INFO - Setting next_dagrun for crawl_search_page to None, run_after=None
[2025-11-22T07:50:40.591+0000] {processor.py:208} INFO - Processing /opt/airflow/dags/crawl_search_page.py took 0.611 seconds
[2025-11-22T07:51:11.014+0000] {processor.py:186} INFO - Started process (PID=843) to work on /opt/airflow/dags/crawl_search_page.py
[2025-11-22T07:51:11.015+0000] {processor.py:914} INFO - Processing file /opt/airflow/dags/crawl_search_page.py for tasks to queue
[2025-11-22T07:51:11.018+0000] {logging_mixin.py:190} INFO - [2025-11-22T07:51:11.018+0000] {dagbag.py:588} INFO - Filling up the DagBag from /opt/airflow/dags/crawl_search_page.py
[2025-11-22T07:51:11.662+0000] {processor.py:925} INFO - DAG(s) 'crawl_search_page' retrieved from /opt/airflow/dags/crawl_search_page.py
[2025-11-22T07:51:11.680+0000] {logging_mixin.py:190} INFO - [2025-11-22T07:51:11.679+0000] {dag.py:3239} INFO - Sync 1 DAGs
[2025-11-22T07:51:11.691+0000] {logging_mixin.py:190} INFO - [2025-11-22T07:51:11.691+0000] {dag.py:4180} INFO - Setting next_dagrun for crawl_search_page to None, run_after=None
[2025-11-22T07:51:11.710+0000] {processor.py:208} INFO - Processing /opt/airflow/dags/crawl_search_page.py took 0.702 seconds
[2025-11-22T07:51:41.844+0000] {processor.py:186} INFO - Started process (PID=855) to work on /opt/airflow/dags/crawl_search_page.py
[2025-11-22T07:51:41.845+0000] {processor.py:914} INFO - Processing file /opt/airflow/dags/crawl_search_page.py for tasks to queue
[2025-11-22T07:51:41.848+0000] {logging_mixin.py:190} INFO - [2025-11-22T07:51:41.848+0000] {dagbag.py:588} INFO - Filling up the DagBag from /opt/airflow/dags/crawl_search_page.py
[2025-11-22T07:51:42.419+0000] {processor.py:925} INFO - DAG(s) 'crawl_search_page' retrieved from /opt/airflow/dags/crawl_search_page.py
[2025-11-22T07:51:42.437+0000] {logging_mixin.py:190} INFO - [2025-11-22T07:51:42.437+0000] {dag.py:3239} INFO - Sync 1 DAGs
[2025-11-22T07:51:42.448+0000] {logging_mixin.py:190} INFO - [2025-11-22T07:51:42.448+0000] {dag.py:4180} INFO - Setting next_dagrun for crawl_search_page to None, run_after=None
[2025-11-22T07:51:42.465+0000] {processor.py:208} INFO - Processing /opt/airflow/dags/crawl_search_page.py took 0.627 seconds
[2025-11-22T07:52:12.878+0000] {processor.py:186} INFO - Started process (PID=867) to work on /opt/airflow/dags/crawl_search_page.py
[2025-11-22T07:52:12.879+0000] {processor.py:914} INFO - Processing file /opt/airflow/dags/crawl_search_page.py for tasks to queue
[2025-11-22T07:52:12.882+0000] {logging_mixin.py:190} INFO - [2025-11-22T07:52:12.882+0000] {dagbag.py:588} INFO - Filling up the DagBag from /opt/airflow/dags/crawl_search_page.py
[2025-11-22T07:52:13.450+0000] {processor.py:925} INFO - DAG(s) 'crawl_search_page' retrieved from /opt/airflow/dags/crawl_search_page.py
[2025-11-22T07:52:13.480+0000] {logging_mixin.py:190} INFO - [2025-11-22T07:52:13.479+0000] {dag.py:3239} INFO - Sync 1 DAGs
[2025-11-22T07:52:13.490+0000] {logging_mixin.py:190} INFO - [2025-11-22T07:52:13.490+0000] {dag.py:4180} INFO - Setting next_dagrun for crawl_search_page to None, run_after=None
[2025-11-22T07:52:13.508+0000] {processor.py:208} INFO - Processing /opt/airflow/dags/crawl_search_page.py took 0.635 seconds
[2025-11-22T07:52:43.913+0000] {processor.py:186} INFO - Started process (PID=879) to work on /opt/airflow/dags/crawl_search_page.py
[2025-11-22T07:52:43.914+0000] {processor.py:914} INFO - Processing file /opt/airflow/dags/crawl_search_page.py for tasks to queue
[2025-11-22T07:52:43.916+0000] {logging_mixin.py:190} INFO - [2025-11-22T07:52:43.916+0000] {dagbag.py:588} INFO - Filling up the DagBag from /opt/airflow/dags/crawl_search_page.py
[2025-11-22T07:52:44.468+0000] {processor.py:925} INFO - DAG(s) 'crawl_search_page' retrieved from /opt/airflow/dags/crawl_search_page.py
[2025-11-22T07:52:44.486+0000] {logging_mixin.py:190} INFO - [2025-11-22T07:52:44.485+0000] {dag.py:3239} INFO - Sync 1 DAGs
[2025-11-22T07:52:44.496+0000] {logging_mixin.py:190} INFO - [2025-11-22T07:52:44.496+0000] {dag.py:4180} INFO - Setting next_dagrun for crawl_search_page to None, run_after=None
[2025-11-22T07:52:44.514+0000] {processor.py:208} INFO - Processing /opt/airflow/dags/crawl_search_page.py took 0.606 seconds
[2025-11-22T07:53:14.940+0000] {processor.py:186} INFO - Started process (PID=891) to work on /opt/airflow/dags/crawl_search_page.py
[2025-11-22T07:53:14.941+0000] {processor.py:914} INFO - Processing file /opt/airflow/dags/crawl_search_page.py for tasks to queue
[2025-11-22T07:53:14.943+0000] {logging_mixin.py:190} INFO - [2025-11-22T07:53:14.943+0000] {dagbag.py:588} INFO - Filling up the DagBag from /opt/airflow/dags/crawl_search_page.py
[2025-11-22T07:53:15.527+0000] {processor.py:925} INFO - DAG(s) 'crawl_search_page' retrieved from /opt/airflow/dags/crawl_search_page.py
[2025-11-22T07:53:15.544+0000] {logging_mixin.py:190} INFO - [2025-11-22T07:53:15.544+0000] {dag.py:3239} INFO - Sync 1 DAGs
[2025-11-22T07:53:15.554+0000] {logging_mixin.py:190} INFO - [2025-11-22T07:53:15.554+0000] {dag.py:4180} INFO - Setting next_dagrun for crawl_search_page to None, run_after=None
[2025-11-22T07:53:15.575+0000] {processor.py:208} INFO - Processing /opt/airflow/dags/crawl_search_page.py took 0.640 seconds
[2025-11-22T07:53:45.872+0000] {processor.py:186} INFO - Started process (PID=903) to work on /opt/airflow/dags/crawl_search_page.py
[2025-11-22T07:53:45.874+0000] {processor.py:914} INFO - Processing file /opt/airflow/dags/crawl_search_page.py for tasks to queue
[2025-11-22T07:53:45.876+0000] {logging_mixin.py:190} INFO - [2025-11-22T07:53:45.875+0000] {dagbag.py:588} INFO - Filling up the DagBag from /opt/airflow/dags/crawl_search_page.py
[2025-11-22T07:53:46.432+0000] {processor.py:925} INFO - DAG(s) 'crawl_search_page' retrieved from /opt/airflow/dags/crawl_search_page.py
[2025-11-22T07:53:46.449+0000] {logging_mixin.py:190} INFO - [2025-11-22T07:53:46.449+0000] {dag.py:3239} INFO - Sync 1 DAGs
[2025-11-22T07:53:46.460+0000] {logging_mixin.py:190} INFO - [2025-11-22T07:53:46.459+0000] {dag.py:4180} INFO - Setting next_dagrun for crawl_search_page to None, run_after=None
[2025-11-22T07:53:46.479+0000] {processor.py:208} INFO - Processing /opt/airflow/dags/crawl_search_page.py took 0.612 seconds
[2025-11-22T07:54:16.945+0000] {processor.py:186} INFO - Started process (PID=915) to work on /opt/airflow/dags/crawl_search_page.py
[2025-11-22T07:54:16.947+0000] {processor.py:914} INFO - Processing file /opt/airflow/dags/crawl_search_page.py for tasks to queue
[2025-11-22T07:54:16.949+0000] {logging_mixin.py:190} INFO - [2025-11-22T07:54:16.949+0000] {dagbag.py:588} INFO - Filling up the DagBag from /opt/airflow/dags/crawl_search_page.py
[2025-11-22T07:54:17.512+0000] {processor.py:925} INFO - DAG(s) 'crawl_search_page' retrieved from /opt/airflow/dags/crawl_search_page.py
[2025-11-22T07:54:17.529+0000] {logging_mixin.py:190} INFO - [2025-11-22T07:54:17.529+0000] {dag.py:3239} INFO - Sync 1 DAGs
[2025-11-22T07:54:17.540+0000] {logging_mixin.py:190} INFO - [2025-11-22T07:54:17.540+0000] {dag.py:4180} INFO - Setting next_dagrun for crawl_search_page to None, run_after=None
[2025-11-22T07:54:17.558+0000] {processor.py:208} INFO - Processing /opt/airflow/dags/crawl_search_page.py took 0.618 seconds
[2025-11-22T07:54:47.649+0000] {processor.py:186} INFO - Started process (PID=927) to work on /opt/airflow/dags/crawl_search_page.py
[2025-11-22T07:54:47.650+0000] {processor.py:914} INFO - Processing file /opt/airflow/dags/crawl_search_page.py for tasks to queue
[2025-11-22T07:54:47.653+0000] {logging_mixin.py:190} INFO - [2025-11-22T07:54:47.652+0000] {dagbag.py:588} INFO - Filling up the DagBag from /opt/airflow/dags/crawl_search_page.py
[2025-11-22T07:54:48.234+0000] {processor.py:925} INFO - DAG(s) 'crawl_search_page' retrieved from /opt/airflow/dags/crawl_search_page.py
[2025-11-22T07:54:48.255+0000] {logging_mixin.py:190} INFO - [2025-11-22T07:54:48.254+0000] {dag.py:3239} INFO - Sync 1 DAGs
[2025-11-22T07:54:48.266+0000] {logging_mixin.py:190} INFO - [2025-11-22T07:54:48.266+0000] {dag.py:4180} INFO - Setting next_dagrun for crawl_search_page to None, run_after=None
[2025-11-22T07:54:48.285+0000] {processor.py:208} INFO - Processing /opt/airflow/dags/crawl_search_page.py took 0.641 seconds
[2025-11-22T07:55:18.577+0000] {processor.py:186} INFO - Started process (PID=939) to work on /opt/airflow/dags/crawl_search_page.py
[2025-11-22T07:55:18.578+0000] {processor.py:914} INFO - Processing file /opt/airflow/dags/crawl_search_page.py for tasks to queue
[2025-11-22T07:55:18.581+0000] {logging_mixin.py:190} INFO - [2025-11-22T07:55:18.581+0000] {dagbag.py:588} INFO - Filling up the DagBag from /opt/airflow/dags/crawl_search_page.py
[2025-11-22T07:55:19.134+0000] {processor.py:925} INFO - DAG(s) 'crawl_search_page' retrieved from /opt/airflow/dags/crawl_search_page.py
[2025-11-22T07:55:19.155+0000] {logging_mixin.py:190} INFO - [2025-11-22T07:55:19.155+0000] {dag.py:3239} INFO - Sync 1 DAGs
[2025-11-22T07:55:19.166+0000] {logging_mixin.py:190} INFO - [2025-11-22T07:55:19.165+0000] {dag.py:4180} INFO - Setting next_dagrun for crawl_search_page to None, run_after=None
[2025-11-22T07:55:19.184+0000] {processor.py:208} INFO - Processing /opt/airflow/dags/crawl_search_page.py took 0.613 seconds
[2025-11-22T07:55:49.578+0000] {processor.py:186} INFO - Started process (PID=951) to work on /opt/airflow/dags/crawl_search_page.py
[2025-11-22T07:55:49.579+0000] {processor.py:914} INFO - Processing file /opt/airflow/dags/crawl_search_page.py for tasks to queue
[2025-11-22T07:55:49.581+0000] {logging_mixin.py:190} INFO - [2025-11-22T07:55:49.580+0000] {dagbag.py:588} INFO - Filling up the DagBag from /opt/airflow/dags/crawl_search_page.py
[2025-11-22T07:55:50.165+0000] {processor.py:925} INFO - DAG(s) 'crawl_search_page' retrieved from /opt/airflow/dags/crawl_search_page.py
[2025-11-22T07:55:50.183+0000] {logging_mixin.py:190} INFO - [2025-11-22T07:55:50.183+0000] {dag.py:3239} INFO - Sync 1 DAGs
[2025-11-22T07:55:50.193+0000] {logging_mixin.py:190} INFO - [2025-11-22T07:55:50.193+0000] {dag.py:4180} INFO - Setting next_dagrun for crawl_search_page to None, run_after=None
[2025-11-22T07:55:50.211+0000] {processor.py:208} INFO - Processing /opt/airflow/dags/crawl_search_page.py took 0.639 seconds
[2025-11-22T07:56:20.637+0000] {processor.py:186} INFO - Started process (PID=963) to work on /opt/airflow/dags/crawl_search_page.py
[2025-11-22T07:56:20.638+0000] {processor.py:914} INFO - Processing file /opt/airflow/dags/crawl_search_page.py for tasks to queue
[2025-11-22T07:56:20.640+0000] {logging_mixin.py:190} INFO - [2025-11-22T07:56:20.640+0000] {dagbag.py:588} INFO - Filling up the DagBag from /opt/airflow/dags/crawl_search_page.py
[2025-11-22T07:56:21.204+0000] {processor.py:925} INFO - DAG(s) 'crawl_search_page' retrieved from /opt/airflow/dags/crawl_search_page.py
[2025-11-22T07:56:21.232+0000] {logging_mixin.py:190} INFO - [2025-11-22T07:56:21.231+0000] {dag.py:3239} INFO - Sync 1 DAGs
[2025-11-22T07:56:21.252+0000] {logging_mixin.py:190} INFO - [2025-11-22T07:56:21.252+0000] {dag.py:4180} INFO - Setting next_dagrun for crawl_search_page to None, run_after=None
[2025-11-22T07:56:21.274+0000] {processor.py:208} INFO - Processing /opt/airflow/dags/crawl_search_page.py took 0.642 seconds
[2025-11-22T07:56:51.443+0000] {processor.py:186} INFO - Started process (PID=975) to work on /opt/airflow/dags/crawl_search_page.py
[2025-11-22T07:56:51.444+0000] {processor.py:914} INFO - Processing file /opt/airflow/dags/crawl_search_page.py for tasks to queue
[2025-11-22T07:56:51.446+0000] {logging_mixin.py:190} INFO - [2025-11-22T07:56:51.446+0000] {dagbag.py:588} INFO - Filling up the DagBag from /opt/airflow/dags/crawl_search_page.py
[2025-11-22T07:56:52.032+0000] {processor.py:925} INFO - DAG(s) 'crawl_search_page' retrieved from /opt/airflow/dags/crawl_search_page.py
[2025-11-22T07:56:52.050+0000] {logging_mixin.py:190} INFO - [2025-11-22T07:56:52.049+0000] {dag.py:3239} INFO - Sync 1 DAGs
[2025-11-22T07:56:52.060+0000] {logging_mixin.py:190} INFO - [2025-11-22T07:56:52.060+0000] {dag.py:4180} INFO - Setting next_dagrun for crawl_search_page to None, run_after=None
[2025-11-22T07:56:52.080+0000] {processor.py:208} INFO - Processing /opt/airflow/dags/crawl_search_page.py took 0.642 seconds
[2025-11-22T07:57:22.442+0000] {processor.py:186} INFO - Started process (PID=987) to work on /opt/airflow/dags/crawl_search_page.py
[2025-11-22T07:57:22.443+0000] {processor.py:914} INFO - Processing file /opt/airflow/dags/crawl_search_page.py for tasks to queue
[2025-11-22T07:57:22.445+0000] {logging_mixin.py:190} INFO - [2025-11-22T07:57:22.445+0000] {dagbag.py:588} INFO - Filling up the DagBag from /opt/airflow/dags/crawl_search_page.py
[2025-11-22T07:57:23.013+0000] {processor.py:925} INFO - DAG(s) 'crawl_search_page' retrieved from /opt/airflow/dags/crawl_search_page.py
[2025-11-22T07:57:23.031+0000] {logging_mixin.py:190} INFO - [2025-11-22T07:57:23.030+0000] {dag.py:3239} INFO - Sync 1 DAGs
[2025-11-22T07:57:23.042+0000] {logging_mixin.py:190} INFO - [2025-11-22T07:57:23.042+0000] {dag.py:4180} INFO - Setting next_dagrun for crawl_search_page to None, run_after=None
[2025-11-22T07:57:23.063+0000] {processor.py:208} INFO - Processing /opt/airflow/dags/crawl_search_page.py took 0.626 seconds
[2025-11-22T07:57:53.462+0000] {processor.py:186} INFO - Started process (PID=999) to work on /opt/airflow/dags/crawl_search_page.py
[2025-11-22T07:57:53.463+0000] {processor.py:914} INFO - Processing file /opt/airflow/dags/crawl_search_page.py for tasks to queue
[2025-11-22T07:57:53.465+0000] {logging_mixin.py:190} INFO - [2025-11-22T07:57:53.465+0000] {dagbag.py:588} INFO - Filling up the DagBag from /opt/airflow/dags/crawl_search_page.py
[2025-11-22T07:57:54.053+0000] {processor.py:925} INFO - DAG(s) 'crawl_search_page' retrieved from /opt/airflow/dags/crawl_search_page.py
[2025-11-22T07:57:54.071+0000] {logging_mixin.py:190} INFO - [2025-11-22T07:57:54.071+0000] {dag.py:3239} INFO - Sync 1 DAGs
[2025-11-22T07:57:54.081+0000] {logging_mixin.py:190} INFO - [2025-11-22T07:57:54.081+0000] {dag.py:4180} INFO - Setting next_dagrun for crawl_search_page to None, run_after=None
[2025-11-22T07:57:54.098+0000] {processor.py:208} INFO - Processing /opt/airflow/dags/crawl_search_page.py took 0.642 seconds
[2025-11-22T07:58:24.159+0000] {processor.py:186} INFO - Started process (PID=1011) to work on /opt/airflow/dags/crawl_search_page.py
[2025-11-22T07:58:24.160+0000] {processor.py:914} INFO - Processing file /opt/airflow/dags/crawl_search_page.py for tasks to queue
[2025-11-22T07:58:24.163+0000] {logging_mixin.py:190} INFO - [2025-11-22T07:58:24.162+0000] {dagbag.py:588} INFO - Filling up the DagBag from /opt/airflow/dags/crawl_search_page.py
[2025-11-22T07:58:24.710+0000] {processor.py:925} INFO - DAG(s) 'crawl_search_page' retrieved from /opt/airflow/dags/crawl_search_page.py
[2025-11-22T07:58:24.728+0000] {logging_mixin.py:190} INFO - [2025-11-22T07:58:24.728+0000] {dag.py:3239} INFO - Sync 1 DAGs
[2025-11-22T07:58:24.738+0000] {logging_mixin.py:190} INFO - [2025-11-22T07:58:24.738+0000] {dag.py:4180} INFO - Setting next_dagrun for crawl_search_page to None, run_after=None
[2025-11-22T07:58:24.756+0000] {processor.py:208} INFO - Processing /opt/airflow/dags/crawl_search_page.py took 0.602 seconds
[2025-11-22T07:58:55.074+0000] {processor.py:186} INFO - Started process (PID=1023) to work on /opt/airflow/dags/crawl_search_page.py
[2025-11-22T07:58:55.076+0000] {processor.py:914} INFO - Processing file /opt/airflow/dags/crawl_search_page.py for tasks to queue
[2025-11-22T07:58:55.077+0000] {logging_mixin.py:190} INFO - [2025-11-22T07:58:55.077+0000] {dagbag.py:588} INFO - Filling up the DagBag from /opt/airflow/dags/crawl_search_page.py
[2025-11-22T07:58:55.682+0000] {processor.py:925} INFO - DAG(s) 'crawl_search_page' retrieved from /opt/airflow/dags/crawl_search_page.py
[2025-11-22T07:58:55.700+0000] {logging_mixin.py:190} INFO - [2025-11-22T07:58:55.700+0000] {dag.py:3239} INFO - Sync 1 DAGs
[2025-11-22T07:58:55.710+0000] {logging_mixin.py:190} INFO - [2025-11-22T07:58:55.710+0000] {dag.py:4180} INFO - Setting next_dagrun for crawl_search_page to None, run_after=None
[2025-11-22T07:58:55.730+0000] {processor.py:208} INFO - Processing /opt/airflow/dags/crawl_search_page.py took 0.661 seconds
[2025-11-22T07:59:26.138+0000] {processor.py:186} INFO - Started process (PID=1035) to work on /opt/airflow/dags/crawl_search_page.py
[2025-11-22T07:59:26.139+0000] {processor.py:914} INFO - Processing file /opt/airflow/dags/crawl_search_page.py for tasks to queue
[2025-11-22T07:59:26.142+0000] {logging_mixin.py:190} INFO - [2025-11-22T07:59:26.141+0000] {dagbag.py:588} INFO - Filling up the DagBag from /opt/airflow/dags/crawl_search_page.py
[2025-11-22T07:59:26.742+0000] {processor.py:925} INFO - DAG(s) 'crawl_search_page' retrieved from /opt/airflow/dags/crawl_search_page.py
[2025-11-22T07:59:26.760+0000] {logging_mixin.py:190} INFO - [2025-11-22T07:59:26.760+0000] {dag.py:3239} INFO - Sync 1 DAGs
[2025-11-22T07:59:26.771+0000] {logging_mixin.py:190} INFO - [2025-11-22T07:59:26.770+0000] {dag.py:4180} INFO - Setting next_dagrun for crawl_search_page to None, run_after=None
[2025-11-22T07:59:26.789+0000] {processor.py:208} INFO - Processing /opt/airflow/dags/crawl_search_page.py took 0.656 seconds
[2025-11-22T07:59:57.128+0000] {processor.py:186} INFO - Started process (PID=1047) to work on /opt/airflow/dags/crawl_search_page.py
[2025-11-22T07:59:57.129+0000] {processor.py:914} INFO - Processing file /opt/airflow/dags/crawl_search_page.py for tasks to queue
[2025-11-22T07:59:57.131+0000] {logging_mixin.py:190} INFO - [2025-11-22T07:59:57.131+0000] {dagbag.py:588} INFO - Filling up the DagBag from /opt/airflow/dags/crawl_search_page.py
[2025-11-22T07:59:57.716+0000] {processor.py:925} INFO - DAG(s) 'crawl_search_page' retrieved from /opt/airflow/dags/crawl_search_page.py
[2025-11-22T07:59:57.735+0000] {logging_mixin.py:190} INFO - [2025-11-22T07:59:57.735+0000] {dag.py:3239} INFO - Sync 1 DAGs
[2025-11-22T07:59:57.746+0000] {logging_mixin.py:190} INFO - [2025-11-22T07:59:57.746+0000] {dag.py:4180} INFO - Setting next_dagrun for crawl_search_page to None, run_after=None
[2025-11-22T07:59:57.763+0000] {processor.py:208} INFO - Processing /opt/airflow/dags/crawl_search_page.py took 0.641 seconds
[2025-11-22T08:00:28.091+0000] {processor.py:186} INFO - Started process (PID=1065) to work on /opt/airflow/dags/crawl_search_page.py
[2025-11-22T08:00:28.092+0000] {processor.py:914} INFO - Processing file /opt/airflow/dags/crawl_search_page.py for tasks to queue
[2025-11-22T08:00:28.094+0000] {logging_mixin.py:190} INFO - [2025-11-22T08:00:28.093+0000] {dagbag.py:588} INFO - Filling up the DagBag from /opt/airflow/dags/crawl_search_page.py
[2025-11-22T08:00:28.657+0000] {processor.py:925} INFO - DAG(s) 'crawl_search_page' retrieved from /opt/airflow/dags/crawl_search_page.py
[2025-11-22T08:00:28.675+0000] {logging_mixin.py:190} INFO - [2025-11-22T08:00:28.675+0000] {dag.py:3239} INFO - Sync 1 DAGs
[2025-11-22T08:00:28.686+0000] {logging_mixin.py:190} INFO - [2025-11-22T08:00:28.686+0000] {dag.py:4180} INFO - Setting next_dagrun for crawl_search_page to None, run_after=None
[2025-11-22T08:00:28.704+0000] {processor.py:208} INFO - Processing /opt/airflow/dags/crawl_search_page.py took 0.619 seconds
[2025-11-22T08:00:59.144+0000] {processor.py:186} INFO - Started process (PID=1077) to work on /opt/airflow/dags/crawl_search_page.py
[2025-11-22T08:00:59.145+0000] {processor.py:914} INFO - Processing file /opt/airflow/dags/crawl_search_page.py for tasks to queue
[2025-11-22T08:00:59.147+0000] {logging_mixin.py:190} INFO - [2025-11-22T08:00:59.147+0000] {dagbag.py:588} INFO - Filling up the DagBag from /opt/airflow/dags/crawl_search_page.py
[2025-11-22T08:00:59.734+0000] {processor.py:925} INFO - DAG(s) 'crawl_search_page' retrieved from /opt/airflow/dags/crawl_search_page.py
[2025-11-22T08:00:59.752+0000] {logging_mixin.py:190} INFO - [2025-11-22T08:00:59.752+0000] {dag.py:3239} INFO - Sync 1 DAGs
[2025-11-22T08:00:59.763+0000] {logging_mixin.py:190} INFO - [2025-11-22T08:00:59.763+0000] {dag.py:4180} INFO - Setting next_dagrun for crawl_search_page to None, run_after=None
[2025-11-22T08:00:59.782+0000] {processor.py:208} INFO - Processing /opt/airflow/dags/crawl_search_page.py took 0.644 seconds
[2025-11-22T08:01:29.892+0000] {processor.py:186} INFO - Started process (PID=1089) to work on /opt/airflow/dags/crawl_search_page.py
[2025-11-22T08:01:29.893+0000] {processor.py:914} INFO - Processing file /opt/airflow/dags/crawl_search_page.py for tasks to queue
[2025-11-22T08:01:29.895+0000] {logging_mixin.py:190} INFO - [2025-11-22T08:01:29.895+0000] {dagbag.py:588} INFO - Filling up the DagBag from /opt/airflow/dags/crawl_search_page.py
[2025-11-22T08:01:30.523+0000] {processor.py:925} INFO - DAG(s) 'crawl_search_page' retrieved from /opt/airflow/dags/crawl_search_page.py
[2025-11-22T08:01:30.541+0000] {logging_mixin.py:190} INFO - [2025-11-22T08:01:30.540+0000] {dag.py:3239} INFO - Sync 1 DAGs
[2025-11-22T08:01:30.550+0000] {logging_mixin.py:190} INFO - [2025-11-22T08:01:30.550+0000] {dag.py:4180} INFO - Setting next_dagrun for crawl_search_page to None, run_after=None
[2025-11-22T08:01:30.571+0000] {processor.py:208} INFO - Processing /opt/airflow/dags/crawl_search_page.py took 0.684 seconds
[2025-11-22T08:10:46.592+0000] {processor.py:186} INFO - Started process (PID=187) to work on /opt/airflow/dags/crawl_search_page.py
[2025-11-22T08:10:46.594+0000] {processor.py:914} INFO - Processing file /opt/airflow/dags/crawl_search_page.py for tasks to queue
[2025-11-22T08:10:46.598+0000] {logging_mixin.py:190} INFO - [2025-11-22T08:10:46.597+0000] {dagbag.py:588} INFO - Filling up the DagBag from /opt/airflow/dags/crawl_search_page.py
[2025-11-22T08:10:48.320+0000] {processor.py:925} INFO - DAG(s) 'crawl_search_page' retrieved from /opt/airflow/dags/crawl_search_page.py
[2025-11-22T08:10:48.360+0000] {logging_mixin.py:190} INFO - [2025-11-22T08:10:48.360+0000] {dag.py:3239} INFO - Sync 1 DAGs
[2025-11-22T08:10:48.374+0000] {logging_mixin.py:190} INFO - [2025-11-22T08:10:48.374+0000] {dag.py:4180} INFO - Setting next_dagrun for crawl_search_page to None, run_after=None
[2025-11-22T08:10:48.394+0000] {processor.py:208} INFO - Processing /opt/airflow/dags/crawl_search_page.py took 1.810 seconds
[2025-11-22T08:11:18.807+0000] {processor.py:186} INFO - Started process (PID=200) to work on /opt/airflow/dags/crawl_search_page.py
[2025-11-22T08:11:18.809+0000] {processor.py:914} INFO - Processing file /opt/airflow/dags/crawl_search_page.py for tasks to queue
[2025-11-22T08:11:18.814+0000] {logging_mixin.py:190} INFO - [2025-11-22T08:11:18.814+0000] {dagbag.py:588} INFO - Filling up the DagBag from /opt/airflow/dags/crawl_search_page.py
[2025-11-22T08:11:19.909+0000] {processor.py:925} INFO - DAG(s) 'crawl_search_page' retrieved from /opt/airflow/dags/crawl_search_page.py
[2025-11-22T08:11:19.957+0000] {logging_mixin.py:190} INFO - [2025-11-22T08:11:19.956+0000] {dag.py:3239} INFO - Sync 1 DAGs
[2025-11-22T08:11:19.985+0000] {logging_mixin.py:190} INFO - [2025-11-22T08:11:19.985+0000] {dag.py:4180} INFO - Setting next_dagrun for crawl_search_page to None, run_after=None
[2025-11-22T08:11:20.013+0000] {processor.py:208} INFO - Processing /opt/airflow/dags/crawl_search_page.py took 1.225 seconds
[2025-11-22T08:11:50.240+0000] {processor.py:186} INFO - Started process (PID=212) to work on /opt/airflow/dags/crawl_search_page.py
[2025-11-22T08:11:50.242+0000] {processor.py:914} INFO - Processing file /opt/airflow/dags/crawl_search_page.py for tasks to queue
[2025-11-22T08:11:50.246+0000] {logging_mixin.py:190} INFO - [2025-11-22T08:11:50.245+0000] {dagbag.py:588} INFO - Filling up the DagBag from /opt/airflow/dags/crawl_search_page.py
[2025-11-22T08:11:52.304+0000] {processor.py:925} INFO - DAG(s) 'crawl_search_page' retrieved from /opt/airflow/dags/crawl_search_page.py
[2025-11-22T08:11:52.338+0000] {logging_mixin.py:190} INFO - [2025-11-22T08:11:52.337+0000] {dag.py:3239} INFO - Sync 1 DAGs
[2025-11-22T08:11:52.358+0000] {logging_mixin.py:190} INFO - [2025-11-22T08:11:52.357+0000] {dag.py:4180} INFO - Setting next_dagrun for crawl_search_page to None, run_after=None
[2025-11-22T08:11:52.380+0000] {processor.py:208} INFO - Processing /opt/airflow/dags/crawl_search_page.py took 2.151 seconds
[2025-11-22T08:12:22.734+0000] {processor.py:186} INFO - Started process (PID=230) to work on /opt/airflow/dags/crawl_search_page.py
[2025-11-22T08:12:22.735+0000] {processor.py:914} INFO - Processing file /opt/airflow/dags/crawl_search_page.py for tasks to queue
[2025-11-22T08:12:22.738+0000] {logging_mixin.py:190} INFO - [2025-11-22T08:12:22.738+0000] {dagbag.py:588} INFO - Filling up the DagBag from /opt/airflow/dags/crawl_search_page.py
[2025-11-22T08:12:23.523+0000] {processor.py:925} INFO - DAG(s) 'crawl_search_page' retrieved from /opt/airflow/dags/crawl_search_page.py
[2025-11-22T08:12:23.547+0000] {logging_mixin.py:190} INFO - [2025-11-22T08:12:23.546+0000] {dag.py:3239} INFO - Sync 1 DAGs
[2025-11-22T08:12:23.559+0000] {logging_mixin.py:190} INFO - [2025-11-22T08:12:23.559+0000] {dag.py:4180} INFO - Setting next_dagrun for crawl_search_page to None, run_after=None
[2025-11-22T08:12:23.578+0000] {processor.py:208} INFO - Processing /opt/airflow/dags/crawl_search_page.py took 0.852 seconds
[2025-11-22T08:12:53.145+0000] {processor.py:186} INFO - Started process (PID=242) to work on /opt/airflow/dags/crawl_search_page.py
[2025-11-22T08:12:53.146+0000] {processor.py:914} INFO - Processing file /opt/airflow/dags/crawl_search_page.py for tasks to queue
[2025-11-22T08:12:53.150+0000] {logging_mixin.py:190} INFO - [2025-11-22T08:12:53.149+0000] {dagbag.py:588} INFO - Filling up the DagBag from /opt/airflow/dags/crawl_search_page.py
[2025-11-22T08:12:54.250+0000] {logging_mixin.py:190} INFO - [2025-11-22T08:12:54.245+0000] {dagbag.py:387} ERROR - Failed to import: /opt/airflow/dags/crawl_search_page.py
Traceback (most recent call last):
  File "/home/airflow/.local/lib/python3.12/site-packages/airflow/models/dagbag.py", line 383, in parse
    loader.exec_module(new_module)
  File "<frozen importlib._bootstrap_external>", line 999, in exec_module
  File "<frozen importlib._bootstrap>", line 488, in _call_with_frames_removed
  File "/opt/airflow/dags/crawl_search_page.py", line 8, in <module>
    from sqlite.JobDB import JobDB
ModuleNotFoundError: No module named 'sqlite'
[2025-11-22T08:12:54.253+0000] {processor.py:927} WARNING - No viable dags retrieved from /opt/airflow/dags/crawl_search_page.py
[2025-11-22T08:12:54.278+0000] {processor.py:208} INFO - Processing /opt/airflow/dags/crawl_search_page.py took 1.141 seconds
[2025-11-22T08:13:24.423+0000] {processor.py:186} INFO - Started process (PID=254) to work on /opt/airflow/dags/crawl_search_page.py
[2025-11-22T08:13:24.424+0000] {processor.py:914} INFO - Processing file /opt/airflow/dags/crawl_search_page.py for tasks to queue
[2025-11-22T08:13:24.427+0000] {logging_mixin.py:190} INFO - [2025-11-22T08:13:24.427+0000] {dagbag.py:588} INFO - Filling up the DagBag from /opt/airflow/dags/crawl_search_page.py
[2025-11-22T08:13:25.080+0000] {logging_mixin.py:190} INFO - [2025-11-22T08:13:25.078+0000] {dagbag.py:387} ERROR - Failed to import: /opt/airflow/dags/crawl_search_page.py
Traceback (most recent call last):
  File "/home/airflow/.local/lib/python3.12/site-packages/airflow/models/dagbag.py", line 383, in parse
    loader.exec_module(new_module)
  File "<frozen importlib._bootstrap_external>", line 999, in exec_module
  File "<frozen importlib._bootstrap>", line 488, in _call_with_frames_removed
  File "/opt/airflow/dags/crawl_search_page.py", line 8, in <module>
    from sqlite.JobDB import JobDB
ModuleNotFoundError: No module named 'sqlite'
[2025-11-22T08:13:25.081+0000] {processor.py:927} WARNING - No viable dags retrieved from /opt/airflow/dags/crawl_search_page.py
[2025-11-22T08:13:25.096+0000] {processor.py:208} INFO - Processing /opt/airflow/dags/crawl_search_page.py took 0.681 seconds
[2025-11-22T08:13:31.305+0000] {processor.py:186} INFO - Started process (PID=260) to work on /opt/airflow/dags/crawl_search_page.py
[2025-11-22T08:13:31.314+0000] {processor.py:914} INFO - Processing file /opt/airflow/dags/crawl_search_page.py for tasks to queue
[2025-11-22T08:13:31.331+0000] {logging_mixin.py:190} INFO - [2025-11-22T08:13:31.329+0000] {dagbag.py:588} INFO - Filling up the DagBag from /opt/airflow/dags/crawl_search_page.py
[2025-11-22T08:13:32.937+0000] {processor.py:925} INFO - DAG(s) 'crawl_search_page' retrieved from /opt/airflow/dags/crawl_search_page.py
[2025-11-22T08:13:32.972+0000] {logging_mixin.py:190} INFO - [2025-11-22T08:13:32.971+0000] {dag.py:3239} INFO - Sync 1 DAGs
[2025-11-22T08:13:33.002+0000] {logging_mixin.py:190} INFO - [2025-11-22T08:13:33.001+0000] {dag.py:4180} INFO - Setting next_dagrun for crawl_search_page to None, run_after=None
[2025-11-22T08:13:33.027+0000] {processor.py:208} INFO - Processing /opt/airflow/dags/crawl_search_page.py took 1.788 seconds
[2025-11-22T08:14:03.105+0000] {processor.py:186} INFO - Started process (PID=272) to work on /opt/airflow/dags/crawl_search_page.py
[2025-11-22T08:14:03.106+0000] {processor.py:914} INFO - Processing file /opt/airflow/dags/crawl_search_page.py for tasks to queue
[2025-11-22T08:14:03.109+0000] {logging_mixin.py:190} INFO - [2025-11-22T08:14:03.109+0000] {dagbag.py:588} INFO - Filling up the DagBag from /opt/airflow/dags/crawl_search_page.py
[2025-11-22T08:14:03.743+0000] {processor.py:925} INFO - DAG(s) 'crawl_search_page' retrieved from /opt/airflow/dags/crawl_search_page.py
[2025-11-22T08:14:03.767+0000] {logging_mixin.py:190} INFO - [2025-11-22T08:14:03.767+0000] {dag.py:3239} INFO - Sync 1 DAGs
[2025-11-22T08:14:03.780+0000] {logging_mixin.py:190} INFO - [2025-11-22T08:14:03.780+0000] {dag.py:4180} INFO - Setting next_dagrun for crawl_search_page to None, run_after=None
[2025-11-22T08:14:03.799+0000] {processor.py:208} INFO - Processing /opt/airflow/dags/crawl_search_page.py took 0.700 seconds
[2025-11-22T08:14:34.344+0000] {processor.py:186} INFO - Started process (PID=284) to work on /opt/airflow/dags/crawl_search_page.py
[2025-11-22T08:14:34.345+0000] {processor.py:914} INFO - Processing file /opt/airflow/dags/crawl_search_page.py for tasks to queue
[2025-11-22T08:14:34.349+0000] {logging_mixin.py:190} INFO - [2025-11-22T08:14:34.348+0000] {dagbag.py:588} INFO - Filling up the DagBag from /opt/airflow/dags/crawl_search_page.py
[2025-11-22T08:14:35.104+0000] {processor.py:925} INFO - DAG(s) 'crawl_search_page' retrieved from /opt/airflow/dags/crawl_search_page.py
[2025-11-22T08:14:35.122+0000] {logging_mixin.py:190} INFO - [2025-11-22T08:14:35.122+0000] {dag.py:3239} INFO - Sync 1 DAGs
[2025-11-22T08:14:35.134+0000] {logging_mixin.py:190} INFO - [2025-11-22T08:14:35.134+0000] {dag.py:4180} INFO - Setting next_dagrun for crawl_search_page to None, run_after=None
[2025-11-22T08:14:35.153+0000] {processor.py:208} INFO - Processing /opt/airflow/dags/crawl_search_page.py took 0.815 seconds
[2025-11-22T08:14:42.261+0000] {processor.py:186} INFO - Started process (PID=290) to work on /opt/airflow/dags/crawl_search_page.py
[2025-11-22T08:14:42.262+0000] {processor.py:914} INFO - Processing file /opt/airflow/dags/crawl_search_page.py for tasks to queue
[2025-11-22T08:14:42.265+0000] {logging_mixin.py:190} INFO - [2025-11-22T08:14:42.264+0000] {dagbag.py:588} INFO - Filling up the DagBag from /opt/airflow/dags/crawl_search_page.py
[2025-11-22T08:14:43.012+0000] {logging_mixin.py:190} INFO - [2025-11-22T08:14:43.008+0000] {dagbag.py:387} ERROR - Failed to import: /opt/airflow/dags/crawl_search_page.py
Traceback (most recent call last):
  File "/home/airflow/.local/lib/python3.12/site-packages/airflow/models/dagbag.py", line 383, in parse
    loader.exec_module(new_module)
  File "<frozen importlib._bootstrap_external>", line 999, in exec_module
  File "<frozen importlib._bootstrap>", line 488, in _call_with_frames_removed
  File "/opt/airflow/dags/crawl_search_page.py", line 26, in <module>
    with DAG(
         ^^^
NameError: name 'DAG' is not defined
[2025-11-22T08:14:43.013+0000] {processor.py:927} WARNING - No viable dags retrieved from /opt/airflow/dags/crawl_search_page.py
[2025-11-22T08:14:43.034+0000] {processor.py:208} INFO - Processing /opt/airflow/dags/crawl_search_page.py took 0.780 seconds
[2025-11-22T08:15:13.199+0000] {processor.py:186} INFO - Started process (PID=302) to work on /opt/airflow/dags/crawl_search_page.py
[2025-11-22T08:15:13.200+0000] {processor.py:914} INFO - Processing file /opt/airflow/dags/crawl_search_page.py for tasks to queue
[2025-11-22T08:15:13.202+0000] {logging_mixin.py:190} INFO - [2025-11-22T08:15:13.202+0000] {dagbag.py:588} INFO - Filling up the DagBag from /opt/airflow/dags/crawl_search_page.py
[2025-11-22T08:15:13.838+0000] {logging_mixin.py:190} INFO - [2025-11-22T08:15:13.835+0000] {dagbag.py:387} ERROR - Failed to import: /opt/airflow/dags/crawl_search_page.py
Traceback (most recent call last):
  File "/home/airflow/.local/lib/python3.12/site-packages/airflow/models/dagbag.py", line 383, in parse
    loader.exec_module(new_module)
  File "<frozen importlib._bootstrap_external>", line 999, in exec_module
  File "<frozen importlib._bootstrap>", line 488, in _call_with_frames_removed
  File "/opt/airflow/dags/crawl_search_page.py", line 26, in <module>
    with DAG(
         ^^^
NameError: name 'DAG' is not defined
[2025-11-22T08:15:13.839+0000] {processor.py:927} WARNING - No viable dags retrieved from /opt/airflow/dags/crawl_search_page.py
[2025-11-22T08:15:13.853+0000] {processor.py:208} INFO - Processing /opt/airflow/dags/crawl_search_page.py took 0.663 seconds
[2025-11-22T08:15:44.239+0000] {processor.py:186} INFO - Started process (PID=314) to work on /opt/airflow/dags/crawl_search_page.py
[2025-11-22T08:15:44.240+0000] {processor.py:914} INFO - Processing file /opt/airflow/dags/crawl_search_page.py for tasks to queue
[2025-11-22T08:15:44.243+0000] {logging_mixin.py:190} INFO - [2025-11-22T08:15:44.242+0000] {dagbag.py:588} INFO - Filling up the DagBag from /opt/airflow/dags/crawl_search_page.py
[2025-11-22T08:15:44.881+0000] {logging_mixin.py:190} INFO - [2025-11-22T08:15:44.877+0000] {dagbag.py:387} ERROR - Failed to import: /opt/airflow/dags/crawl_search_page.py
Traceback (most recent call last):
  File "/home/airflow/.local/lib/python3.12/site-packages/airflow/models/dagbag.py", line 383, in parse
    loader.exec_module(new_module)
  File "<frozen importlib._bootstrap_external>", line 999, in exec_module
  File "<frozen importlib._bootstrap>", line 488, in _call_with_frames_removed
  File "/opt/airflow/dags/crawl_search_page.py", line 26, in <module>
    with DAG(
         ^^^
NameError: name 'DAG' is not defined
[2025-11-22T08:15:44.883+0000] {processor.py:927} WARNING - No viable dags retrieved from /opt/airflow/dags/crawl_search_page.py
[2025-11-22T08:15:44.898+0000] {processor.py:208} INFO - Processing /opt/airflow/dags/crawl_search_page.py took 0.666 seconds
[2025-11-22T08:15:55.530+0000] {processor.py:186} INFO - Started process (PID=326) to work on /opt/airflow/dags/crawl_search_page.py
[2025-11-22T08:15:55.532+0000] {processor.py:914} INFO - Processing file /opt/airflow/dags/crawl_search_page.py for tasks to queue
[2025-11-22T08:15:55.535+0000] {logging_mixin.py:190} INFO - [2025-11-22T08:15:55.535+0000] {dagbag.py:588} INFO - Filling up the DagBag from /opt/airflow/dags/crawl_search_page.py
[2025-11-22T08:15:56.640+0000] {processor.py:925} INFO - DAG(s) 'crawl_search_page' retrieved from /opt/airflow/dags/crawl_search_page.py
[2025-11-22T08:15:57.347+0000] {logging_mixin.py:190} INFO - [2025-11-22T08:15:57.347+0000] {dag.py:3239} INFO - Sync 1 DAGs
[2025-11-22T08:15:57.360+0000] {logging_mixin.py:190} INFO - [2025-11-22T08:15:57.360+0000] {dag.py:4180} INFO - Setting next_dagrun for crawl_search_page to None, run_after=None
[2025-11-22T08:15:57.388+0000] {processor.py:208} INFO - Processing /opt/airflow/dags/crawl_search_page.py took 1.883 seconds
[2025-11-22T08:16:27.783+0000] {processor.py:186} INFO - Started process (PID=338) to work on /opt/airflow/dags/crawl_search_page.py
[2025-11-22T08:16:27.784+0000] {processor.py:914} INFO - Processing file /opt/airflow/dags/crawl_search_page.py for tasks to queue
[2025-11-22T08:16:27.785+0000] {logging_mixin.py:190} INFO - [2025-11-22T08:16:27.785+0000] {dagbag.py:588} INFO - Filling up the DagBag from /opt/airflow/dags/crawl_search_page.py
[2025-11-22T08:16:28.391+0000] {processor.py:925} INFO - DAG(s) 'crawl_search_page' retrieved from /opt/airflow/dags/crawl_search_page.py
[2025-11-22T08:16:28.410+0000] {logging_mixin.py:190} INFO - [2025-11-22T08:16:28.410+0000] {dag.py:3239} INFO - Sync 1 DAGs
[2025-11-22T08:16:28.420+0000] {logging_mixin.py:190} INFO - [2025-11-22T08:16:28.420+0000] {dag.py:4180} INFO - Setting next_dagrun for crawl_search_page to None, run_after=None
[2025-11-22T08:16:28.439+0000] {processor.py:208} INFO - Processing /opt/airflow/dags/crawl_search_page.py took 0.663 seconds
[2025-11-22T08:16:58.888+0000] {processor.py:186} INFO - Started process (PID=350) to work on /opt/airflow/dags/crawl_search_page.py
[2025-11-22T08:16:58.889+0000] {processor.py:914} INFO - Processing file /opt/airflow/dags/crawl_search_page.py for tasks to queue
[2025-11-22T08:16:58.890+0000] {logging_mixin.py:190} INFO - [2025-11-22T08:16:58.889+0000] {dagbag.py:588} INFO - Filling up the DagBag from /opt/airflow/dags/crawl_search_page.py
[2025-11-22T08:16:59.487+0000] {processor.py:925} INFO - DAG(s) 'crawl_search_page' retrieved from /opt/airflow/dags/crawl_search_page.py
[2025-11-22T08:16:59.506+0000] {logging_mixin.py:190} INFO - [2025-11-22T08:16:59.505+0000] {dag.py:3239} INFO - Sync 1 DAGs
[2025-11-22T08:16:59.518+0000] {logging_mixin.py:190} INFO - [2025-11-22T08:16:59.518+0000] {dag.py:4180} INFO - Setting next_dagrun for crawl_search_page to None, run_after=None
[2025-11-22T08:16:59.535+0000] {processor.py:208} INFO - Processing /opt/airflow/dags/crawl_search_page.py took 0.655 seconds
[2025-11-22T08:17:26.965+0000] {processor.py:186} INFO - Started process (PID=362) to work on /opt/airflow/dags/crawl_search_page.py
[2025-11-22T08:17:26.967+0000] {processor.py:914} INFO - Processing file /opt/airflow/dags/crawl_search_page.py for tasks to queue
[2025-11-22T08:17:26.968+0000] {logging_mixin.py:190} INFO - [2025-11-22T08:17:26.968+0000] {dagbag.py:588} INFO - Filling up the DagBag from /opt/airflow/dags/crawl_search_page.py
[2025-11-22T08:17:27.729+0000] {logging_mixin.py:190} INFO - [2025-11-22T08:17:27.724+0000] {dagbag.py:387} ERROR - Failed to import: /opt/airflow/dags/crawl_search_page.py
Traceback (most recent call last):
  File "/home/airflow/.local/lib/python3.12/site-packages/airflow/models/dagbag.py", line 383, in parse
    loader.exec_module(new_module)
  File "<frozen importlib._bootstrap_external>", line 999, in exec_module
  File "<frozen importlib._bootstrap>", line 488, in _call_with_frames_removed
  File "/opt/airflow/dags/crawl_search_page.py", line 9, in <module>
    from JobDB import Job2DB
ImportError: cannot import name 'Job2DB' from 'JobDB' (/opt/sqlite/JobDB.py). Did you mean: 'JobDB'?
[2025-11-22T08:17:27.731+0000] {processor.py:927} WARNING - No viable dags retrieved from /opt/airflow/dags/crawl_search_page.py
[2025-11-22T08:17:27.747+0000] {processor.py:208} INFO - Processing /opt/airflow/dags/crawl_search_page.py took 0.793 seconds
[2025-11-22T08:17:29.810+0000] {processor.py:186} INFO - Started process (PID=368) to work on /opt/airflow/dags/crawl_search_page.py
[2025-11-22T08:17:29.811+0000] {processor.py:914} INFO - Processing file /opt/airflow/dags/crawl_search_page.py for tasks to queue
[2025-11-22T08:17:29.813+0000] {logging_mixin.py:190} INFO - [2025-11-22T08:17:29.812+0000] {dagbag.py:588} INFO - Filling up the DagBag from /opt/airflow/dags/crawl_search_page.py
[2025-11-22T08:17:30.773+0000] {logging_mixin.py:190} INFO - [2025-11-22T08:17:30.770+0000] {dagbag.py:387} ERROR - Failed to import: /opt/airflow/dags/crawl_search_page.py
Traceback (most recent call last):
  File "/home/airflow/.local/lib/python3.12/site-packages/airflow/models/dagbag.py", line 383, in parse
    loader.exec_module(new_module)
  File "<frozen importlib._bootstrap_external>", line 999, in exec_module
  File "<frozen importlib._bootstrap>", line 488, in _call_with_frames_removed
  File "/opt/airflow/dags/crawl_search_page.py", line 9, in <module>
    from Job2DB import Job2DB
ImportError: cannot import name 'Job2DB' from 'Job2DB' (/opt/sqlite/Job2DB.py)
[2025-11-22T08:17:30.775+0000] {processor.py:927} WARNING - No viable dags retrieved from /opt/airflow/dags/crawl_search_page.py
[2025-11-22T08:17:30.793+0000] {processor.py:208} INFO - Processing /opt/airflow/dags/crawl_search_page.py took 0.993 seconds
[2025-11-22T08:17:31.836+0000] {processor.py:186} INFO - Started process (PID=374) to work on /opt/airflow/dags/crawl_search_page.py
[2025-11-22T08:17:31.838+0000] {processor.py:914} INFO - Processing file /opt/airflow/dags/crawl_search_page.py for tasks to queue
[2025-11-22T08:17:31.839+0000] {logging_mixin.py:190} INFO - [2025-11-22T08:17:31.839+0000] {dagbag.py:588} INFO - Filling up the DagBag from /opt/airflow/dags/crawl_search_page.py
[2025-11-22T08:17:33.025+0000] {processor.py:925} INFO - DAG(s) 'crawl_search_page' retrieved from /opt/airflow/dags/crawl_search_page.py
[2025-11-22T08:17:33.047+0000] {logging_mixin.py:190} INFO - [2025-11-22T08:17:33.046+0000] {dag.py:3239} INFO - Sync 1 DAGs
[2025-11-22T08:17:33.060+0000] {logging_mixin.py:190} INFO - [2025-11-22T08:17:33.060+0000] {dag.py:4180} INFO - Setting next_dagrun for crawl_search_page to None, run_after=None
[2025-11-22T08:17:33.089+0000] {processor.py:208} INFO - Processing /opt/airflow/dags/crawl_search_page.py took 1.261 seconds
[2025-11-22T08:17:59.160+0000] {processor.py:186} INFO - Started process (PID=386) to work on /opt/airflow/dags/crawl_search_page.py
[2025-11-22T08:17:59.161+0000] {processor.py:914} INFO - Processing file /opt/airflow/dags/crawl_search_page.py for tasks to queue
[2025-11-22T08:17:59.163+0000] {logging_mixin.py:190} INFO - [2025-11-22T08:17:59.163+0000] {dagbag.py:588} INFO - Filling up the DagBag from /opt/airflow/dags/crawl_search_page.py
[2025-11-22T08:17:59.848+0000] {processor.py:925} INFO - DAG(s) 'crawl_search_page' retrieved from /opt/airflow/dags/crawl_search_page.py
[2025-11-22T08:17:59.868+0000] {logging_mixin.py:190} INFO - [2025-11-22T08:17:59.868+0000] {dag.py:3239} INFO - Sync 1 DAGs
[2025-11-22T08:17:59.879+0000] {logging_mixin.py:190} INFO - [2025-11-22T08:17:59.879+0000] {dag.py:4180} INFO - Setting next_dagrun for crawl_search_page to None, run_after=None
[2025-11-22T08:17:59.898+0000] {processor.py:208} INFO - Processing /opt/airflow/dags/crawl_search_page.py took 0.747 seconds
[2025-11-22T08:18:30.374+0000] {processor.py:186} INFO - Started process (PID=403) to work on /opt/airflow/dags/crawl_search_page.py
[2025-11-22T08:18:30.375+0000] {processor.py:914} INFO - Processing file /opt/airflow/dags/crawl_search_page.py for tasks to queue
[2025-11-22T08:18:30.376+0000] {logging_mixin.py:190} INFO - [2025-11-22T08:18:30.376+0000] {dagbag.py:588} INFO - Filling up the DagBag from /opt/airflow/dags/crawl_search_page.py
[2025-11-22T08:18:30.988+0000] {processor.py:925} INFO - DAG(s) 'crawl_search_page' retrieved from /opt/airflow/dags/crawl_search_page.py
[2025-11-22T08:18:31.006+0000] {logging_mixin.py:190} INFO - [2025-11-22T08:18:31.006+0000] {dag.py:3239} INFO - Sync 1 DAGs
[2025-11-22T08:18:31.016+0000] {logging_mixin.py:190} INFO - [2025-11-22T08:18:31.016+0000] {dag.py:4180} INFO - Setting next_dagrun for crawl_search_page to None, run_after=None
[2025-11-22T08:18:31.033+0000] {processor.py:208} INFO - Processing /opt/airflow/dags/crawl_search_page.py took 0.667 seconds
[2025-11-22T08:19:01.398+0000] {processor.py:186} INFO - Started process (PID=415) to work on /opt/airflow/dags/crawl_search_page.py
[2025-11-22T08:19:01.399+0000] {processor.py:914} INFO - Processing file /opt/airflow/dags/crawl_search_page.py for tasks to queue
[2025-11-22T08:19:01.400+0000] {logging_mixin.py:190} INFO - [2025-11-22T08:19:01.400+0000] {dagbag.py:588} INFO - Filling up the DagBag from /opt/airflow/dags/crawl_search_page.py
[2025-11-22T08:19:01.993+0000] {processor.py:925} INFO - DAG(s) 'crawl_search_page' retrieved from /opt/airflow/dags/crawl_search_page.py
[2025-11-22T08:19:02.011+0000] {logging_mixin.py:190} INFO - [2025-11-22T08:19:02.011+0000] {dag.py:3239} INFO - Sync 1 DAGs
[2025-11-22T08:19:02.022+0000] {logging_mixin.py:190} INFO - [2025-11-22T08:19:02.022+0000] {dag.py:4180} INFO - Setting next_dagrun for crawl_search_page to None, run_after=None
[2025-11-22T08:19:02.041+0000] {processor.py:208} INFO - Processing /opt/airflow/dags/crawl_search_page.py took 0.651 seconds
[2025-11-22T08:19:32.350+0000] {processor.py:186} INFO - Started process (PID=427) to work on /opt/airflow/dags/crawl_search_page.py
[2025-11-22T08:19:32.352+0000] {processor.py:914} INFO - Processing file /opt/airflow/dags/crawl_search_page.py for tasks to queue
[2025-11-22T08:19:32.354+0000] {logging_mixin.py:190} INFO - [2025-11-22T08:19:32.354+0000] {dagbag.py:588} INFO - Filling up the DagBag from /opt/airflow/dags/crawl_search_page.py
[2025-11-22T08:19:33.261+0000] {processor.py:925} INFO - DAG(s) 'crawl_search_page' retrieved from /opt/airflow/dags/crawl_search_page.py
[2025-11-22T08:19:33.286+0000] {logging_mixin.py:190} INFO - [2025-11-22T08:19:33.286+0000] {dag.py:3239} INFO - Sync 1 DAGs
[2025-11-22T08:19:33.298+0000] {logging_mixin.py:190} INFO - [2025-11-22T08:19:33.298+0000] {dag.py:4180} INFO - Setting next_dagrun for crawl_search_page to None, run_after=None
[2025-11-22T08:19:33.318+0000] {processor.py:208} INFO - Processing /opt/airflow/dags/crawl_search_page.py took 0.977 seconds
[2025-11-22T08:20:03.708+0000] {processor.py:186} INFO - Started process (PID=439) to work on /opt/airflow/dags/crawl_search_page.py
[2025-11-22T08:20:03.710+0000] {processor.py:914} INFO - Processing file /opt/airflow/dags/crawl_search_page.py for tasks to queue
[2025-11-22T08:20:03.713+0000] {logging_mixin.py:190} INFO - [2025-11-22T08:20:03.711+0000] {dagbag.py:588} INFO - Filling up the DagBag from /opt/airflow/dags/crawl_search_page.py
[2025-11-22T08:20:06.544+0000] {processor.py:925} INFO - DAG(s) 'crawl_search_page' retrieved from /opt/airflow/dags/crawl_search_page.py
[2025-11-22T08:20:06.598+0000] {logging_mixin.py:190} INFO - [2025-11-22T08:20:06.597+0000] {dag.py:3239} INFO - Sync 1 DAGs
[2025-11-22T08:20:07.272+0000] {logging_mixin.py:190} INFO - [2025-11-22T08:20:07.272+0000] {dag.py:4180} INFO - Setting next_dagrun for crawl_search_page to None, run_after=None
[2025-11-22T08:20:07.331+0000] {processor.py:208} INFO - Processing /opt/airflow/dags/crawl_search_page.py took 3.638 seconds
[2025-11-22T08:20:37.765+0000] {processor.py:186} INFO - Started process (PID=451) to work on /opt/airflow/dags/crawl_search_page.py
[2025-11-22T08:20:37.766+0000] {processor.py:914} INFO - Processing file /opt/airflow/dags/crawl_search_page.py for tasks to queue
[2025-11-22T08:20:37.769+0000] {logging_mixin.py:190} INFO - [2025-11-22T08:20:37.768+0000] {dagbag.py:588} INFO - Filling up the DagBag from /opt/airflow/dags/crawl_search_page.py
[2025-11-22T08:20:39.157+0000] {processor.py:925} INFO - DAG(s) 'crawl_search_page' retrieved from /opt/airflow/dags/crawl_search_page.py
[2025-11-22T08:20:39.190+0000] {logging_mixin.py:190} INFO - [2025-11-22T08:20:39.190+0000] {dag.py:3239} INFO - Sync 1 DAGs
[2025-11-22T08:20:39.210+0000] {logging_mixin.py:190} INFO - [2025-11-22T08:20:39.210+0000] {dag.py:4180} INFO - Setting next_dagrun for crawl_search_page to None, run_after=None
[2025-11-22T08:20:39.240+0000] {processor.py:208} INFO - Processing /opt/airflow/dags/crawl_search_page.py took 1.486 seconds
[2025-11-22T08:21:09.647+0000] {processor.py:186} INFO - Started process (PID=463) to work on /opt/airflow/dags/crawl_search_page.py
[2025-11-22T08:21:09.649+0000] {processor.py:914} INFO - Processing file /opt/airflow/dags/crawl_search_page.py for tasks to queue
[2025-11-22T08:21:09.650+0000] {logging_mixin.py:190} INFO - [2025-11-22T08:21:09.650+0000] {dagbag.py:588} INFO - Filling up the DagBag from /opt/airflow/dags/crawl_search_page.py
[2025-11-22T08:21:10.906+0000] {processor.py:925} INFO - DAG(s) 'crawl_search_page' retrieved from /opt/airflow/dags/crawl_search_page.py
[2025-11-22T08:21:10.984+0000] {logging_mixin.py:190} INFO - [2025-11-22T08:21:10.984+0000] {dag.py:3239} INFO - Sync 1 DAGs
[2025-11-22T08:21:11.027+0000] {logging_mixin.py:190} INFO - [2025-11-22T08:21:11.026+0000] {dag.py:4180} INFO - Setting next_dagrun for crawl_search_page to None, run_after=None
[2025-11-22T08:21:11.058+0000] {processor.py:208} INFO - Processing /opt/airflow/dags/crawl_search_page.py took 1.419 seconds
[2025-11-22T08:24:43.700+0000] {processor.py:186} INFO - Started process (PID=187) to work on /opt/airflow/dags/crawl_search_page.py
[2025-11-22T08:24:43.702+0000] {processor.py:914} INFO - Processing file /opt/airflow/dags/crawl_search_page.py for tasks to queue
[2025-11-22T08:24:43.705+0000] {logging_mixin.py:190} INFO - [2025-11-22T08:24:43.705+0000] {dagbag.py:588} INFO - Filling up the DagBag from /opt/airflow/dags/crawl_search_page.py
[2025-11-22T08:24:45.452+0000] {logging_mixin.py:190} INFO - [2025-11-22T08:24:45.448+0000] {dagbag.py:387} ERROR - Failed to import: /opt/airflow/dags/crawl_search_page.py
Traceback (most recent call last):
  File "/home/airflow/.local/lib/python3.12/site-packages/airflow/models/dagbag.py", line 383, in parse
    loader.exec_module(new_module)
  File "<frozen importlib._bootstrap_external>", line 999, in exec_module
  File "<frozen importlib._bootstrap>", line 488, in _call_with_frames_removed
  File "/opt/airflow/dags/crawl_search_page.py", line 8, in <module>
    from JobDB import JobDB
ModuleNotFoundError: No module named 'JobDB'
[2025-11-22T08:24:45.453+0000] {processor.py:927} WARNING - No viable dags retrieved from /opt/airflow/dags/crawl_search_page.py
[2025-11-22T08:24:45.471+0000] {processor.py:208} INFO - Processing /opt/airflow/dags/crawl_search_page.py took 1.780 seconds
[2025-11-22T08:25:15.813+0000] {processor.py:186} INFO - Started process (PID=199) to work on /opt/airflow/dags/crawl_search_page.py
[2025-11-22T08:25:15.815+0000] {processor.py:914} INFO - Processing file /opt/airflow/dags/crawl_search_page.py for tasks to queue
[2025-11-22T08:25:15.817+0000] {logging_mixin.py:190} INFO - [2025-11-22T08:25:15.817+0000] {dagbag.py:588} INFO - Filling up the DagBag from /opt/airflow/dags/crawl_search_page.py
[2025-11-22T08:25:16.511+0000] {logging_mixin.py:190} INFO - [2025-11-22T08:25:16.508+0000] {dagbag.py:387} ERROR - Failed to import: /opt/airflow/dags/crawl_search_page.py
Traceback (most recent call last):
  File "/home/airflow/.local/lib/python3.12/site-packages/airflow/models/dagbag.py", line 383, in parse
    loader.exec_module(new_module)
  File "<frozen importlib._bootstrap_external>", line 999, in exec_module
  File "<frozen importlib._bootstrap>", line 488, in _call_with_frames_removed
  File "/opt/airflow/dags/crawl_search_page.py", line 8, in <module>
    from JobDB import JobDB
ModuleNotFoundError: No module named 'JobDB'
[2025-11-22T08:25:16.512+0000] {processor.py:927} WARNING - No viable dags retrieved from /opt/airflow/dags/crawl_search_page.py
[2025-11-22T08:25:16.528+0000] {processor.py:208} INFO - Processing /opt/airflow/dags/crawl_search_page.py took 0.723 seconds
[2025-11-22T08:25:46.916+0000] {processor.py:186} INFO - Started process (PID=211) to work on /opt/airflow/dags/crawl_search_page.py
[2025-11-22T08:25:46.918+0000] {processor.py:914} INFO - Processing file /opt/airflow/dags/crawl_search_page.py for tasks to queue
[2025-11-22T08:25:46.920+0000] {logging_mixin.py:190} INFO - [2025-11-22T08:25:46.919+0000] {dagbag.py:588} INFO - Filling up the DagBag from /opt/airflow/dags/crawl_search_page.py
[2025-11-22T08:25:47.928+0000] {logging_mixin.py:190} INFO - [2025-11-22T08:25:47.924+0000] {dagbag.py:387} ERROR - Failed to import: /opt/airflow/dags/crawl_search_page.py
Traceback (most recent call last):
  File "/home/airflow/.local/lib/python3.12/site-packages/airflow/models/dagbag.py", line 383, in parse
    loader.exec_module(new_module)
  File "<frozen importlib._bootstrap_external>", line 999, in exec_module
  File "<frozen importlib._bootstrap>", line 488, in _call_with_frames_removed
  File "/opt/airflow/dags/crawl_search_page.py", line 8, in <module>
    from JobDB import JobDB
ModuleNotFoundError: No module named 'JobDB'
[2025-11-22T08:25:47.929+0000] {processor.py:927} WARNING - No viable dags retrieved from /opt/airflow/dags/crawl_search_page.py
[2025-11-22T08:25:47.945+0000] {processor.py:208} INFO - Processing /opt/airflow/dags/crawl_search_page.py took 1.034 seconds
[2025-11-22T08:26:18.260+0000] {processor.py:186} INFO - Started process (PID=229) to work on /opt/airflow/dags/crawl_search_page.py
[2025-11-22T08:26:18.261+0000] {processor.py:914} INFO - Processing file /opt/airflow/dags/crawl_search_page.py for tasks to queue
[2025-11-22T08:26:18.263+0000] {logging_mixin.py:190} INFO - [2025-11-22T08:26:18.262+0000] {dagbag.py:588} INFO - Filling up the DagBag from /opt/airflow/dags/crawl_search_page.py
[2025-11-22T08:26:19.023+0000] {logging_mixin.py:190} INFO - [2025-11-22T08:26:19.019+0000] {dagbag.py:387} ERROR - Failed to import: /opt/airflow/dags/crawl_search_page.py
Traceback (most recent call last):
  File "/home/airflow/.local/lib/python3.12/site-packages/airflow/models/dagbag.py", line 383, in parse
    loader.exec_module(new_module)
  File "<frozen importlib._bootstrap_external>", line 999, in exec_module
  File "<frozen importlib._bootstrap>", line 488, in _call_with_frames_removed
  File "/opt/airflow/dags/crawl_search_page.py", line 8, in <module>
    from JobDB import JobDB
ModuleNotFoundError: No module named 'JobDB'
[2025-11-22T08:26:19.024+0000] {processor.py:927} WARNING - No viable dags retrieved from /opt/airflow/dags/crawl_search_page.py
[2025-11-22T08:26:19.043+0000] {processor.py:208} INFO - Processing /opt/airflow/dags/crawl_search_page.py took 0.791 seconds
[2025-11-22T08:26:24.144+0000] {processor.py:186} INFO - Started process (PID=235) to work on /opt/airflow/dags/crawl_search_page.py
[2025-11-22T08:26:24.146+0000] {processor.py:914} INFO - Processing file /opt/airflow/dags/crawl_search_page.py for tasks to queue
[2025-11-22T08:26:24.147+0000] {logging_mixin.py:190} INFO - [2025-11-22T08:26:24.147+0000] {dagbag.py:588} INFO - Filling up the DagBag from /opt/airflow/dags/crawl_search_page.py
[2025-11-22T08:26:24.162+0000] {logging_mixin.py:190} INFO - [2025-11-22T08:26:24.161+0000] {dagbag.py:387} ERROR - Failed to import: /opt/airflow/dags/crawl_search_page.py
Traceback (most recent call last):
  File "/home/airflow/.local/lib/python3.12/site-packages/airflow/models/dagbag.py", line 383, in parse
    loader.exec_module(new_module)
  File "<frozen importlib._bootstrap_external>", line 995, in exec_module
  File "<frozen importlib._bootstrap_external>", line 1133, in get_code
  File "<frozen importlib._bootstrap_external>", line 1063, in source_to_code
  File "<frozen importlib._bootstrap>", line 488, in _call_with_frames_removed
  File "/opt/airflow/dags/crawl_search_page.py", line 8
    from 
         ^
SyntaxError: invalid syntax
[2025-11-22T08:26:24.163+0000] {processor.py:927} WARNING - No viable dags retrieved from /opt/airflow/dags/crawl_search_page.py
[2025-11-22T08:26:24.184+0000] {processor.py:208} INFO - Processing /opt/airflow/dags/crawl_search_page.py took 0.046 seconds
[2025-11-22T08:26:45.444+0000] {processor.py:186} INFO - Started process (PID=240) to work on /opt/airflow/dags/crawl_search_page.py
[2025-11-22T08:26:45.446+0000] {processor.py:914} INFO - Processing file /opt/airflow/dags/crawl_search_page.py for tasks to queue
[2025-11-22T08:26:45.448+0000] {logging_mixin.py:190} INFO - [2025-11-22T08:26:45.448+0000] {dagbag.py:588} INFO - Filling up the DagBag from /opt/airflow/dags/crawl_search_page.py
[2025-11-22T08:26:46.637+0000] {processor.py:925} INFO - DAG(s) 'crawl_search_page' retrieved from /opt/airflow/dags/crawl_search_page.py
[2025-11-22T08:26:47.354+0000] {logging_mixin.py:190} INFO - [2025-11-22T08:26:47.353+0000] {dag.py:3239} INFO - Sync 1 DAGs
[2025-11-22T08:26:47.381+0000] {logging_mixin.py:190} INFO - [2025-11-22T08:26:47.381+0000] {dag.py:4180} INFO - Setting next_dagrun for crawl_search_page to None, run_after=None
[2025-11-22T08:26:47.426+0000] {processor.py:208} INFO - Processing /opt/airflow/dags/crawl_search_page.py took 2.005 seconds
[2025-11-22T08:27:17.728+0000] {processor.py:186} INFO - Started process (PID=252) to work on /opt/airflow/dags/crawl_search_page.py
[2025-11-22T08:27:17.729+0000] {processor.py:914} INFO - Processing file /opt/airflow/dags/crawl_search_page.py for tasks to queue
[2025-11-22T08:27:17.731+0000] {logging_mixin.py:190} INFO - [2025-11-22T08:27:17.730+0000] {dagbag.py:588} INFO - Filling up the DagBag from /opt/airflow/dags/crawl_search_page.py
[2025-11-22T08:27:18.509+0000] {processor.py:925} INFO - DAG(s) 'crawl_search_page' retrieved from /opt/airflow/dags/crawl_search_page.py
[2025-11-22T08:27:18.528+0000] {logging_mixin.py:190} INFO - [2025-11-22T08:27:18.527+0000] {dag.py:3239} INFO - Sync 1 DAGs
[2025-11-22T08:27:18.538+0000] {logging_mixin.py:190} INFO - [2025-11-22T08:27:18.538+0000] {dag.py:4180} INFO - Setting next_dagrun for crawl_search_page to None, run_after=None
[2025-11-22T08:27:18.557+0000] {processor.py:208} INFO - Processing /opt/airflow/dags/crawl_search_page.py took 0.836 seconds
[2025-11-22T08:27:48.958+0000] {processor.py:186} INFO - Started process (PID=270) to work on /opt/airflow/dags/crawl_search_page.py
[2025-11-22T08:27:48.959+0000] {processor.py:914} INFO - Processing file /opt/airflow/dags/crawl_search_page.py for tasks to queue
[2025-11-22T08:27:48.961+0000] {logging_mixin.py:190} INFO - [2025-11-22T08:27:48.960+0000] {dagbag.py:588} INFO - Filling up the DagBag from /opt/airflow/dags/crawl_search_page.py
[2025-11-22T08:27:49.594+0000] {processor.py:925} INFO - DAG(s) 'crawl_search_page' retrieved from /opt/airflow/dags/crawl_search_page.py
[2025-11-22T08:27:49.613+0000] {logging_mixin.py:190} INFO - [2025-11-22T08:27:49.612+0000] {dag.py:3239} INFO - Sync 1 DAGs
[2025-11-22T08:27:49.624+0000] {logging_mixin.py:190} INFO - [2025-11-22T08:27:49.624+0000] {dag.py:4180} INFO - Setting next_dagrun for crawl_search_page to None, run_after=None
[2025-11-22T08:27:49.644+0000] {processor.py:208} INFO - Processing /opt/airflow/dags/crawl_search_page.py took 0.692 seconds
[2025-11-22T08:28:20.058+0000] {processor.py:186} INFO - Started process (PID=282) to work on /opt/airflow/dags/crawl_search_page.py
[2025-11-22T08:28:20.059+0000] {processor.py:914} INFO - Processing file /opt/airflow/dags/crawl_search_page.py for tasks to queue
[2025-11-22T08:28:20.060+0000] {logging_mixin.py:190} INFO - [2025-11-22T08:28:20.060+0000] {dagbag.py:588} INFO - Filling up the DagBag from /opt/airflow/dags/crawl_search_page.py
[2025-11-22T08:28:20.686+0000] {processor.py:925} INFO - DAG(s) 'crawl_search_page' retrieved from /opt/airflow/dags/crawl_search_page.py
[2025-11-22T08:28:20.709+0000] {logging_mixin.py:190} INFO - [2025-11-22T08:28:20.709+0000] {dag.py:3239} INFO - Sync 1 DAGs
[2025-11-22T08:28:20.722+0000] {logging_mixin.py:190} INFO - [2025-11-22T08:28:20.722+0000] {dag.py:4180} INFO - Setting next_dagrun for crawl_search_page to None, run_after=None
[2025-11-22T08:28:20.737+0000] {processor.py:208} INFO - Processing /opt/airflow/dags/crawl_search_page.py took 0.685 seconds
[2025-11-22T08:28:51.138+0000] {processor.py:186} INFO - Started process (PID=294) to work on /opt/airflow/dags/crawl_search_page.py
[2025-11-22T08:28:51.139+0000] {processor.py:914} INFO - Processing file /opt/airflow/dags/crawl_search_page.py for tasks to queue
[2025-11-22T08:28:51.141+0000] {logging_mixin.py:190} INFO - [2025-11-22T08:28:51.140+0000] {dagbag.py:588} INFO - Filling up the DagBag from /opt/airflow/dags/crawl_search_page.py
[2025-11-22T08:28:51.753+0000] {processor.py:925} INFO - DAG(s) 'crawl_search_page' retrieved from /opt/airflow/dags/crawl_search_page.py
[2025-11-22T08:28:51.773+0000] {logging_mixin.py:190} INFO - [2025-11-22T08:28:51.772+0000] {dag.py:3239} INFO - Sync 1 DAGs
[2025-11-22T08:28:51.783+0000] {logging_mixin.py:190} INFO - [2025-11-22T08:28:51.782+0000] {dag.py:4180} INFO - Setting next_dagrun for crawl_search_page to None, run_after=None
[2025-11-22T08:28:51.800+0000] {processor.py:208} INFO - Processing /opt/airflow/dags/crawl_search_page.py took 0.668 seconds
[2025-11-22T08:29:22.093+0000] {processor.py:186} INFO - Started process (PID=306) to work on /opt/airflow/dags/crawl_search_page.py
[2025-11-22T08:29:22.094+0000] {processor.py:914} INFO - Processing file /opt/airflow/dags/crawl_search_page.py for tasks to queue
[2025-11-22T08:29:22.096+0000] {logging_mixin.py:190} INFO - [2025-11-22T08:29:22.095+0000] {dagbag.py:588} INFO - Filling up the DagBag from /opt/airflow/dags/crawl_search_page.py
[2025-11-22T08:29:22.752+0000] {processor.py:925} INFO - DAG(s) 'crawl_search_page' retrieved from /opt/airflow/dags/crawl_search_page.py
[2025-11-22T08:29:22.772+0000] {logging_mixin.py:190} INFO - [2025-11-22T08:29:22.772+0000] {dag.py:3239} INFO - Sync 1 DAGs
[2025-11-22T08:29:22.783+0000] {logging_mixin.py:190} INFO - [2025-11-22T08:29:22.782+0000] {dag.py:4180} INFO - Setting next_dagrun for crawl_search_page to None, run_after=None
[2025-11-22T08:29:22.800+0000] {processor.py:208} INFO - Processing /opt/airflow/dags/crawl_search_page.py took 0.712 seconds
[2025-11-22T08:29:53.169+0000] {processor.py:186} INFO - Started process (PID=318) to work on /opt/airflow/dags/crawl_search_page.py
[2025-11-22T08:29:53.170+0000] {processor.py:914} INFO - Processing file /opt/airflow/dags/crawl_search_page.py for tasks to queue
[2025-11-22T08:29:53.171+0000] {logging_mixin.py:190} INFO - [2025-11-22T08:29:53.171+0000] {dagbag.py:588} INFO - Filling up the DagBag from /opt/airflow/dags/crawl_search_page.py
[2025-11-22T08:29:53.792+0000] {processor.py:925} INFO - DAG(s) 'crawl_search_page' retrieved from /opt/airflow/dags/crawl_search_page.py
[2025-11-22T08:29:53.811+0000] {logging_mixin.py:190} INFO - [2025-11-22T08:29:53.811+0000] {dag.py:3239} INFO - Sync 1 DAGs
[2025-11-22T08:29:53.823+0000] {logging_mixin.py:190} INFO - [2025-11-22T08:29:53.823+0000] {dag.py:4180} INFO - Setting next_dagrun for crawl_search_page to None, run_after=None
[2025-11-22T08:29:53.841+0000] {processor.py:208} INFO - Processing /opt/airflow/dags/crawl_search_page.py took 0.677 seconds
[2025-11-22T08:30:24.236+0000] {processor.py:186} INFO - Started process (PID=330) to work on /opt/airflow/dags/crawl_search_page.py
[2025-11-22T08:30:24.237+0000] {processor.py:914} INFO - Processing file /opt/airflow/dags/crawl_search_page.py for tasks to queue
[2025-11-22T08:30:24.239+0000] {logging_mixin.py:190} INFO - [2025-11-22T08:30:24.238+0000] {dagbag.py:588} INFO - Filling up the DagBag from /opt/airflow/dags/crawl_search_page.py
[2025-11-22T08:30:24.918+0000] {processor.py:925} INFO - DAG(s) 'crawl_search_page' retrieved from /opt/airflow/dags/crawl_search_page.py
[2025-11-22T08:30:24.938+0000] {logging_mixin.py:190} INFO - [2025-11-22T08:30:24.938+0000] {dag.py:3239} INFO - Sync 1 DAGs
[2025-11-22T08:30:24.950+0000] {logging_mixin.py:190} INFO - [2025-11-22T08:30:24.949+0000] {dag.py:4180} INFO - Setting next_dagrun for crawl_search_page to None, run_after=None
[2025-11-22T08:30:24.970+0000] {processor.py:208} INFO - Processing /opt/airflow/dags/crawl_search_page.py took 0.739 seconds
[2025-11-22T08:30:55.361+0000] {processor.py:186} INFO - Started process (PID=342) to work on /opt/airflow/dags/crawl_search_page.py
[2025-11-22T08:30:55.362+0000] {processor.py:914} INFO - Processing file /opt/airflow/dags/crawl_search_page.py for tasks to queue
[2025-11-22T08:30:55.364+0000] {logging_mixin.py:190} INFO - [2025-11-22T08:30:55.363+0000] {dagbag.py:588} INFO - Filling up the DagBag from /opt/airflow/dags/crawl_search_page.py
[2025-11-22T08:30:56.059+0000] {processor.py:925} INFO - DAG(s) 'crawl_search_page' retrieved from /opt/airflow/dags/crawl_search_page.py
[2025-11-22T08:30:56.078+0000] {logging_mixin.py:190} INFO - [2025-11-22T08:30:56.077+0000] {dag.py:3239} INFO - Sync 1 DAGs
[2025-11-22T08:30:56.089+0000] {logging_mixin.py:190} INFO - [2025-11-22T08:30:56.089+0000] {dag.py:4180} INFO - Setting next_dagrun for crawl_search_page to None, run_after=None
[2025-11-22T08:30:56.106+0000] {processor.py:208} INFO - Processing /opt/airflow/dags/crawl_search_page.py took 0.751 seconds
[2025-11-22T08:31:22.459+0000] {processor.py:186} INFO - Started process (PID=354) to work on /opt/airflow/dags/crawl_search_page.py
[2025-11-22T08:31:22.460+0000] {processor.py:914} INFO - Processing file /opt/airflow/dags/crawl_search_page.py for tasks to queue
[2025-11-22T08:31:22.461+0000] {logging_mixin.py:190} INFO - [2025-11-22T08:31:22.461+0000] {dagbag.py:588} INFO - Filling up the DagBag from /opt/airflow/dags/crawl_search_page.py
[2025-11-22T08:31:22.489+0000] {logging_mixin.py:190} INFO - [2025-11-22T08:31:22.487+0000] {dagbag.py:387} ERROR - Failed to import: /opt/airflow/dags/crawl_search_page.py
Traceback (most recent call last):
  File "/home/airflow/.local/lib/python3.12/site-packages/airflow/models/dagbag.py", line 383, in parse
    loader.exec_module(new_module)
  File "<frozen importlib._bootstrap_external>", line 995, in exec_module
  File "<frozen importlib._bootstrap_external>", line 1133, in get_code
  File "<frozen importlib._bootstrap_external>", line 1063, in source_to_code
  File "<frozen importlib._bootstrap>", line 488, in _call_with_frames_removed
  File "/opt/airflow/dags/crawl_search_page.py", line 9
    from sqlite
               ^
SyntaxError: invalid syntax
[2025-11-22T08:31:22.490+0000] {processor.py:927} WARNING - No viable dags retrieved from /opt/airflow/dags/crawl_search_page.py
[2025-11-22T08:31:22.516+0000] {processor.py:208} INFO - Processing /opt/airflow/dags/crawl_search_page.py took 0.063 seconds
[2025-11-22T08:31:52.777+0000] {processor.py:186} INFO - Started process (PID=365) to work on /opt/airflow/dags/crawl_search_page.py
[2025-11-22T08:31:52.778+0000] {processor.py:914} INFO - Processing file /opt/airflow/dags/crawl_search_page.py for tasks to queue
[2025-11-22T08:31:52.779+0000] {logging_mixin.py:190} INFO - [2025-11-22T08:31:52.779+0000] {dagbag.py:588} INFO - Filling up the DagBag from /opt/airflow/dags/crawl_search_page.py
[2025-11-22T08:31:52.804+0000] {logging_mixin.py:190} INFO - [2025-11-22T08:31:52.802+0000] {dagbag.py:387} ERROR - Failed to import: /opt/airflow/dags/crawl_search_page.py
Traceback (most recent call last):
  File "/home/airflow/.local/lib/python3.12/site-packages/airflow/models/dagbag.py", line 383, in parse
    loader.exec_module(new_module)
  File "<frozen importlib._bootstrap_external>", line 995, in exec_module
  File "<frozen importlib._bootstrap_external>", line 1133, in get_code
  File "<frozen importlib._bootstrap_external>", line 1063, in source_to_code
  File "<frozen importlib._bootstrap>", line 488, in _call_with_frames_removed
  File "/opt/airflow/dags/crawl_search_page.py", line 9
    from sqlite
               ^
SyntaxError: invalid syntax
[2025-11-22T08:31:52.805+0000] {processor.py:927} WARNING - No viable dags retrieved from /opt/airflow/dags/crawl_search_page.py
[2025-11-22T08:31:52.826+0000] {processor.py:208} INFO - Processing /opt/airflow/dags/crawl_search_page.py took 0.056 seconds
[2025-11-22T08:32:23.213+0000] {processor.py:186} INFO - Started process (PID=376) to work on /opt/airflow/dags/crawl_search_page.py
[2025-11-22T08:32:23.214+0000] {processor.py:914} INFO - Processing file /opt/airflow/dags/crawl_search_page.py for tasks to queue
[2025-11-22T08:32:23.216+0000] {logging_mixin.py:190} INFO - [2025-11-22T08:32:23.215+0000] {dagbag.py:588} INFO - Filling up the DagBag from /opt/airflow/dags/crawl_search_page.py
[2025-11-22T08:32:23.230+0000] {logging_mixin.py:190} INFO - [2025-11-22T08:32:23.228+0000] {dagbag.py:387} ERROR - Failed to import: /opt/airflow/dags/crawl_search_page.py
Traceback (most recent call last):
  File "/home/airflow/.local/lib/python3.12/site-packages/airflow/models/dagbag.py", line 383, in parse
    loader.exec_module(new_module)
  File "<frozen importlib._bootstrap_external>", line 995, in exec_module
  File "<frozen importlib._bootstrap_external>", line 1133, in get_code
  File "<frozen importlib._bootstrap_external>", line 1063, in source_to_code
  File "<frozen importlib._bootstrap>", line 488, in _call_with_frames_removed
  File "/opt/airflow/dags/crawl_search_page.py", line 9
    from sqlite
               ^
SyntaxError: invalid syntax
[2025-11-22T08:32:23.231+0000] {processor.py:927} WARNING - No viable dags retrieved from /opt/airflow/dags/crawl_search_page.py
[2025-11-22T08:32:23.248+0000] {processor.py:208} INFO - Processing /opt/airflow/dags/crawl_search_page.py took 0.041 seconds
[2025-11-22T08:32:53.555+0000] {processor.py:186} INFO - Started process (PID=387) to work on /opt/airflow/dags/crawl_search_page.py
[2025-11-22T08:32:53.556+0000] {processor.py:914} INFO - Processing file /opt/airflow/dags/crawl_search_page.py for tasks to queue
[2025-11-22T08:32:53.557+0000] {logging_mixin.py:190} INFO - [2025-11-22T08:32:53.557+0000] {dagbag.py:588} INFO - Filling up the DagBag from /opt/airflow/dags/crawl_search_page.py
[2025-11-22T08:32:53.568+0000] {logging_mixin.py:190} INFO - [2025-11-22T08:32:53.567+0000] {dagbag.py:387} ERROR - Failed to import: /opt/airflow/dags/crawl_search_page.py
Traceback (most recent call last):
  File "/home/airflow/.local/lib/python3.12/site-packages/airflow/models/dagbag.py", line 383, in parse
    loader.exec_module(new_module)
  File "<frozen importlib._bootstrap_external>", line 995, in exec_module
  File "<frozen importlib._bootstrap_external>", line 1133, in get_code
  File "<frozen importlib._bootstrap_external>", line 1063, in source_to_code
  File "<frozen importlib._bootstrap>", line 488, in _call_with_frames_removed
  File "/opt/airflow/dags/crawl_search_page.py", line 9
    from sqlite
               ^
SyntaxError: invalid syntax
[2025-11-22T08:32:53.569+0000] {processor.py:927} WARNING - No viable dags retrieved from /opt/airflow/dags/crawl_search_page.py
[2025-11-22T08:32:53.585+0000] {processor.py:208} INFO - Processing /opt/airflow/dags/crawl_search_page.py took 0.036 seconds
[2025-11-22T08:33:23.932+0000] {processor.py:186} INFO - Started process (PID=398) to work on /opt/airflow/dags/crawl_search_page.py
[2025-11-22T08:33:23.933+0000] {processor.py:914} INFO - Processing file /opt/airflow/dags/crawl_search_page.py for tasks to queue
[2025-11-22T08:33:23.934+0000] {logging_mixin.py:190} INFO - [2025-11-22T08:33:23.934+0000] {dagbag.py:588} INFO - Filling up the DagBag from /opt/airflow/dags/crawl_search_page.py
[2025-11-22T08:33:23.950+0000] {logging_mixin.py:190} INFO - [2025-11-22T08:33:23.949+0000] {dagbag.py:387} ERROR - Failed to import: /opt/airflow/dags/crawl_search_page.py
Traceback (most recent call last):
  File "/home/airflow/.local/lib/python3.12/site-packages/airflow/models/dagbag.py", line 383, in parse
    loader.exec_module(new_module)
  File "<frozen importlib._bootstrap_external>", line 995, in exec_module
  File "<frozen importlib._bootstrap_external>", line 1133, in get_code
  File "<frozen importlib._bootstrap_external>", line 1063, in source_to_code
  File "<frozen importlib._bootstrap>", line 488, in _call_with_frames_removed
  File "/opt/airflow/dags/crawl_search_page.py", line 9
    from sqlite
               ^
SyntaxError: invalid syntax
[2025-11-22T08:33:23.951+0000] {processor.py:927} WARNING - No viable dags retrieved from /opt/airflow/dags/crawl_search_page.py
[2025-11-22T08:33:23.967+0000] {processor.py:208} INFO - Processing /opt/airflow/dags/crawl_search_page.py took 0.040 seconds
[2025-11-22T08:33:54.332+0000] {processor.py:186} INFO - Started process (PID=409) to work on /opt/airflow/dags/crawl_search_page.py
[2025-11-22T08:33:54.333+0000] {processor.py:914} INFO - Processing file /opt/airflow/dags/crawl_search_page.py for tasks to queue
[2025-11-22T08:33:54.334+0000] {logging_mixin.py:190} INFO - [2025-11-22T08:33:54.334+0000] {dagbag.py:588} INFO - Filling up the DagBag from /opt/airflow/dags/crawl_search_page.py
[2025-11-22T08:33:54.344+0000] {logging_mixin.py:190} INFO - [2025-11-22T08:33:54.343+0000] {dagbag.py:387} ERROR - Failed to import: /opt/airflow/dags/crawl_search_page.py
Traceback (most recent call last):
  File "/home/airflow/.local/lib/python3.12/site-packages/airflow/models/dagbag.py", line 383, in parse
    loader.exec_module(new_module)
  File "<frozen importlib._bootstrap_external>", line 995, in exec_module
  File "<frozen importlib._bootstrap_external>", line 1133, in get_code
  File "<frozen importlib._bootstrap_external>", line 1063, in source_to_code
  File "<frozen importlib._bootstrap>", line 488, in _call_with_frames_removed
  File "/opt/airflow/dags/crawl_search_page.py", line 9
    from sqlite
               ^
SyntaxError: invalid syntax
[2025-11-22T08:33:54.345+0000] {processor.py:927} WARNING - No viable dags retrieved from /opt/airflow/dags/crawl_search_page.py
[2025-11-22T08:33:54.360+0000] {processor.py:208} INFO - Processing /opt/airflow/dags/crawl_search_page.py took 0.033 seconds
[2025-11-22T08:34:24.653+0000] {processor.py:186} INFO - Started process (PID=420) to work on /opt/airflow/dags/crawl_search_page.py
[2025-11-22T08:34:24.654+0000] {processor.py:914} INFO - Processing file /opt/airflow/dags/crawl_search_page.py for tasks to queue
[2025-11-22T08:34:24.656+0000] {logging_mixin.py:190} INFO - [2025-11-22T08:34:24.655+0000] {dagbag.py:588} INFO - Filling up the DagBag from /opt/airflow/dags/crawl_search_page.py
[2025-11-22T08:34:24.667+0000] {logging_mixin.py:190} INFO - [2025-11-22T08:34:24.666+0000] {dagbag.py:387} ERROR - Failed to import: /opt/airflow/dags/crawl_search_page.py
Traceback (most recent call last):
  File "/home/airflow/.local/lib/python3.12/site-packages/airflow/models/dagbag.py", line 383, in parse
    loader.exec_module(new_module)
  File "<frozen importlib._bootstrap_external>", line 995, in exec_module
  File "<frozen importlib._bootstrap_external>", line 1133, in get_code
  File "<frozen importlib._bootstrap_external>", line 1063, in source_to_code
  File "<frozen importlib._bootstrap>", line 488, in _call_with_frames_removed
  File "/opt/airflow/dags/crawl_search_page.py", line 9
    from sqlite
               ^
SyntaxError: invalid syntax
[2025-11-22T08:34:24.668+0000] {processor.py:927} WARNING - No viable dags retrieved from /opt/airflow/dags/crawl_search_page.py
[2025-11-22T08:34:24.684+0000] {processor.py:208} INFO - Processing /opt/airflow/dags/crawl_search_page.py took 0.036 seconds
[2025-11-22T08:34:55.349+0000] {processor.py:186} INFO - Started process (PID=431) to work on /opt/airflow/dags/crawl_search_page.py
[2025-11-22T08:34:55.350+0000] {processor.py:914} INFO - Processing file /opt/airflow/dags/crawl_search_page.py for tasks to queue
[2025-11-22T08:34:55.351+0000] {logging_mixin.py:190} INFO - [2025-11-22T08:34:55.351+0000] {dagbag.py:588} INFO - Filling up the DagBag from /opt/airflow/dags/crawl_search_page.py
[2025-11-22T08:34:55.361+0000] {logging_mixin.py:190} INFO - [2025-11-22T08:34:55.360+0000] {dagbag.py:387} ERROR - Failed to import: /opt/airflow/dags/crawl_search_page.py
Traceback (most recent call last):
  File "/home/airflow/.local/lib/python3.12/site-packages/airflow/models/dagbag.py", line 383, in parse
    loader.exec_module(new_module)
  File "<frozen importlib._bootstrap_external>", line 995, in exec_module
  File "<frozen importlib._bootstrap_external>", line 1133, in get_code
  File "<frozen importlib._bootstrap_external>", line 1063, in source_to_code
  File "<frozen importlib._bootstrap>", line 488, in _call_with_frames_removed
  File "/opt/airflow/dags/crawl_search_page.py", line 9
    from sqlite
               ^
SyntaxError: invalid syntax
[2025-11-22T08:34:55.362+0000] {processor.py:927} WARNING - No viable dags retrieved from /opt/airflow/dags/crawl_search_page.py
[2025-11-22T08:34:55.377+0000] {processor.py:208} INFO - Processing /opt/airflow/dags/crawl_search_page.py took 0.034 seconds
[2025-11-22T08:35:25.714+0000] {processor.py:186} INFO - Started process (PID=442) to work on /opt/airflow/dags/crawl_search_page.py
[2025-11-22T08:35:25.715+0000] {processor.py:914} INFO - Processing file /opt/airflow/dags/crawl_search_page.py for tasks to queue
[2025-11-22T08:35:25.716+0000] {logging_mixin.py:190} INFO - [2025-11-22T08:35:25.716+0000] {dagbag.py:588} INFO - Filling up the DagBag from /opt/airflow/dags/crawl_search_page.py
[2025-11-22T08:35:25.732+0000] {logging_mixin.py:190} INFO - [2025-11-22T08:35:25.731+0000] {dagbag.py:387} ERROR - Failed to import: /opt/airflow/dags/crawl_search_page.py
Traceback (most recent call last):
  File "/home/airflow/.local/lib/python3.12/site-packages/airflow/models/dagbag.py", line 383, in parse
    loader.exec_module(new_module)
  File "<frozen importlib._bootstrap_external>", line 995, in exec_module
  File "<frozen importlib._bootstrap_external>", line 1133, in get_code
  File "<frozen importlib._bootstrap_external>", line 1063, in source_to_code
  File "<frozen importlib._bootstrap>", line 488, in _call_with_frames_removed
  File "/opt/airflow/dags/crawl_search_page.py", line 9
    from sqlite
               ^
SyntaxError: invalid syntax
[2025-11-22T08:35:25.733+0000] {processor.py:927} WARNING - No viable dags retrieved from /opt/airflow/dags/crawl_search_page.py
[2025-11-22T08:35:25.758+0000] {processor.py:208} INFO - Processing /opt/airflow/dags/crawl_search_page.py took 0.050 seconds
[2025-11-22T08:35:56.121+0000] {processor.py:186} INFO - Started process (PID=453) to work on /opt/airflow/dags/crawl_search_page.py
[2025-11-22T08:35:56.122+0000] {processor.py:914} INFO - Processing file /opt/airflow/dags/crawl_search_page.py for tasks to queue
[2025-11-22T08:35:56.123+0000] {logging_mixin.py:190} INFO - [2025-11-22T08:35:56.123+0000] {dagbag.py:588} INFO - Filling up the DagBag from /opt/airflow/dags/crawl_search_page.py
[2025-11-22T08:35:56.134+0000] {logging_mixin.py:190} INFO - [2025-11-22T08:35:56.133+0000] {dagbag.py:387} ERROR - Failed to import: /opt/airflow/dags/crawl_search_page.py
Traceback (most recent call last):
  File "/home/airflow/.local/lib/python3.12/site-packages/airflow/models/dagbag.py", line 383, in parse
    loader.exec_module(new_module)
  File "<frozen importlib._bootstrap_external>", line 995, in exec_module
  File "<frozen importlib._bootstrap_external>", line 1133, in get_code
  File "<frozen importlib._bootstrap_external>", line 1063, in source_to_code
  File "<frozen importlib._bootstrap>", line 488, in _call_with_frames_removed
  File "/opt/airflow/dags/crawl_search_page.py", line 9
    from sqlite
               ^
SyntaxError: invalid syntax
[2025-11-22T08:35:56.134+0000] {processor.py:927} WARNING - No viable dags retrieved from /opt/airflow/dags/crawl_search_page.py
[2025-11-22T08:35:56.150+0000] {processor.py:208} INFO - Processing /opt/airflow/dags/crawl_search_page.py took 0.035 seconds
[2025-11-22T08:36:26.545+0000] {processor.py:186} INFO - Started process (PID=464) to work on /opt/airflow/dags/crawl_search_page.py
[2025-11-22T08:36:26.546+0000] {processor.py:914} INFO - Processing file /opt/airflow/dags/crawl_search_page.py for tasks to queue
[2025-11-22T08:36:26.548+0000] {logging_mixin.py:190} INFO - [2025-11-22T08:36:26.547+0000] {dagbag.py:588} INFO - Filling up the DagBag from /opt/airflow/dags/crawl_search_page.py
[2025-11-22T08:36:26.559+0000] {logging_mixin.py:190} INFO - [2025-11-22T08:36:26.558+0000] {dagbag.py:387} ERROR - Failed to import: /opt/airflow/dags/crawl_search_page.py
Traceback (most recent call last):
  File "/home/airflow/.local/lib/python3.12/site-packages/airflow/models/dagbag.py", line 383, in parse
    loader.exec_module(new_module)
  File "<frozen importlib._bootstrap_external>", line 995, in exec_module
  File "<frozen importlib._bootstrap_external>", line 1133, in get_code
  File "<frozen importlib._bootstrap_external>", line 1063, in source_to_code
  File "<frozen importlib._bootstrap>", line 488, in _call_with_frames_removed
  File "/opt/airflow/dags/crawl_search_page.py", line 9
    from sqlite
               ^
SyntaxError: invalid syntax
[2025-11-22T08:36:26.560+0000] {processor.py:927} WARNING - No viable dags retrieved from /opt/airflow/dags/crawl_search_page.py
[2025-11-22T08:36:26.575+0000] {processor.py:208} INFO - Processing /opt/airflow/dags/crawl_search_page.py took 0.035 seconds
