[2025-11-22T10:34:34.744+0000] {processor.py:186} INFO - Started process (PID=188) to work on /opt/airflow/dags/dag_crawl_search_page.py
[2025-11-22T10:34:34.745+0000] {processor.py:914} INFO - Processing file /opt/airflow/dags/dag_crawl_search_page.py for tasks to queue
[2025-11-22T10:34:34.749+0000] {logging_mixin.py:190} INFO - [2025-11-22T10:34:34.748+0000] {dagbag.py:588} INFO - Filling up the DagBag from /opt/airflow/dags/dag_crawl_search_page.py
[2025-11-22T10:34:39.783+0000] {processor.py:925} INFO - DAG(s) 'crawl_search_page' retrieved from /opt/airflow/dags/dag_crawl_search_page.py
[2025-11-22T10:34:40.330+0000] {logging_mixin.py:190} INFO - [2025-11-22T10:34:40.329+0000] {override.py:1912} INFO - Created Permission View: can read on DAG:crawl_search_page
[2025-11-22T10:34:40.344+0000] {logging_mixin.py:190} INFO - [2025-11-22T10:34:40.344+0000] {override.py:1912} INFO - Created Permission View: can edit on DAG:crawl_search_page
[2025-11-22T10:34:40.353+0000] {logging_mixin.py:190} INFO - [2025-11-22T10:34:40.353+0000] {override.py:1912} INFO - Created Permission View: can delete on DAG:crawl_search_page
[2025-11-22T10:34:40.363+0000] {logging_mixin.py:190} INFO - [2025-11-22T10:34:40.362+0000] {override.py:1912} INFO - Created Permission View: can read on DAG Run:crawl_search_page
[2025-11-22T10:34:40.372+0000] {logging_mixin.py:190} INFO - [2025-11-22T10:34:40.372+0000] {override.py:1912} INFO - Created Permission View: can create on DAG Run:crawl_search_page
[2025-11-22T10:34:40.382+0000] {logging_mixin.py:190} INFO - [2025-11-22T10:34:40.381+0000] {override.py:1912} INFO - Created Permission View: can delete on DAG Run:crawl_search_page
[2025-11-22T10:34:40.392+0000] {logging_mixin.py:190} INFO - [2025-11-22T10:34:40.392+0000] {override.py:1912} INFO - Created Permission View: menu access on DAG Run:crawl_search_page
[2025-11-22T10:34:40.394+0000] {logging_mixin.py:190} INFO - [2025-11-22T10:34:40.393+0000] {dag.py:3239} INFO - Sync 1 DAGs
[2025-11-22T10:34:40.411+0000] {logging_mixin.py:190} INFO - [2025-11-22T10:34:40.411+0000] {dag.py:3262} INFO - Creating ORM DAG for crawl_search_page
[2025-11-22T10:34:40.413+0000] {logging_mixin.py:190} INFO - [2025-11-22T10:34:40.413+0000] {dag.py:4180} INFO - Setting next_dagrun for crawl_search_page to None, run_after=None
[2025-11-22T10:34:40.438+0000] {processor.py:208} INFO - Processing /opt/airflow/dags/dag_crawl_search_page.py took 5.702 seconds
[2025-11-22T10:35:10.822+0000] {processor.py:186} INFO - Started process (PID=206) to work on /opt/airflow/dags/dag_crawl_search_page.py
[2025-11-22T10:35:10.823+0000] {processor.py:914} INFO - Processing file /opt/airflow/dags/dag_crawl_search_page.py for tasks to queue
[2025-11-22T10:35:10.827+0000] {logging_mixin.py:190} INFO - [2025-11-22T10:35:10.826+0000] {dagbag.py:588} INFO - Filling up the DagBag from /opt/airflow/dags/dag_crawl_search_page.py
[2025-11-22T10:35:11.541+0000] {processor.py:925} INFO - DAG(s) 'crawl_search_page' retrieved from /opt/airflow/dags/dag_crawl_search_page.py
[2025-11-22T10:35:11.560+0000] {logging_mixin.py:190} INFO - [2025-11-22T10:35:11.559+0000] {dag.py:3239} INFO - Sync 1 DAGs
[2025-11-22T10:35:11.571+0000] {logging_mixin.py:190} INFO - [2025-11-22T10:35:11.571+0000] {dag.py:4180} INFO - Setting next_dagrun for crawl_search_page to None, run_after=None
[2025-11-22T10:35:11.590+0000] {processor.py:208} INFO - Processing /opt/airflow/dags/dag_crawl_search_page.py took 0.775 seconds
[2025-11-22T10:35:42.014+0000] {processor.py:186} INFO - Started process (PID=218) to work on /opt/airflow/dags/dag_crawl_search_page.py
[2025-11-22T10:35:42.015+0000] {processor.py:914} INFO - Processing file /opt/airflow/dags/dag_crawl_search_page.py for tasks to queue
[2025-11-22T10:35:42.019+0000] {logging_mixin.py:190} INFO - [2025-11-22T10:35:42.019+0000] {dagbag.py:588} INFO - Filling up the DagBag from /opt/airflow/dags/dag_crawl_search_page.py
[2025-11-22T10:35:42.649+0000] {processor.py:925} INFO - DAG(s) 'crawl_search_page' retrieved from /opt/airflow/dags/dag_crawl_search_page.py
[2025-11-22T10:35:42.669+0000] {logging_mixin.py:190} INFO - [2025-11-22T10:35:42.669+0000] {dag.py:3239} INFO - Sync 1 DAGs
[2025-11-22T10:35:42.680+0000] {logging_mixin.py:190} INFO - [2025-11-22T10:35:42.680+0000] {dag.py:4180} INFO - Setting next_dagrun for crawl_search_page to None, run_after=None
[2025-11-22T10:35:42.704+0000] {processor.py:208} INFO - Processing /opt/airflow/dags/dag_crawl_search_page.py took 0.696 seconds
[2025-11-22T10:36:12.796+0000] {processor.py:186} INFO - Started process (PID=230) to work on /opt/airflow/dags/dag_crawl_search_page.py
[2025-11-22T10:36:12.797+0000] {processor.py:914} INFO - Processing file /opt/airflow/dags/dag_crawl_search_page.py for tasks to queue
[2025-11-22T10:36:12.800+0000] {logging_mixin.py:190} INFO - [2025-11-22T10:36:12.799+0000] {dagbag.py:588} INFO - Filling up the DagBag from /opt/airflow/dags/dag_crawl_search_page.py
[2025-11-22T10:36:13.499+0000] {processor.py:925} INFO - DAG(s) 'crawl_search_page' retrieved from /opt/airflow/dags/dag_crawl_search_page.py
[2025-11-22T10:36:13.519+0000] {logging_mixin.py:190} INFO - [2025-11-22T10:36:13.519+0000] {dag.py:3239} INFO - Sync 1 DAGs
[2025-11-22T10:36:13.529+0000] {logging_mixin.py:190} INFO - [2025-11-22T10:36:13.529+0000] {dag.py:4180} INFO - Setting next_dagrun for crawl_search_page to None, run_after=None
[2025-11-22T10:36:13.547+0000] {processor.py:208} INFO - Processing /opt/airflow/dags/dag_crawl_search_page.py took 0.757 seconds
[2025-11-22T10:36:43.910+0000] {processor.py:186} INFO - Started process (PID=242) to work on /opt/airflow/dags/dag_crawl_search_page.py
[2025-11-22T10:36:43.912+0000] {processor.py:914} INFO - Processing file /opt/airflow/dags/dag_crawl_search_page.py for tasks to queue
[2025-11-22T10:36:43.915+0000] {logging_mixin.py:190} INFO - [2025-11-22T10:36:43.914+0000] {dagbag.py:588} INFO - Filling up the DagBag from /opt/airflow/dags/dag_crawl_search_page.py
[2025-11-22T10:36:44.858+0000] {processor.py:925} INFO - DAG(s) 'crawl_search_page' retrieved from /opt/airflow/dags/dag_crawl_search_page.py
[2025-11-22T10:36:44.898+0000] {logging_mixin.py:190} INFO - [2025-11-22T10:36:44.897+0000] {dag.py:3239} INFO - Sync 1 DAGs
[2025-11-22T10:36:44.913+0000] {logging_mixin.py:190} INFO - [2025-11-22T10:36:44.912+0000] {dag.py:4180} INFO - Setting next_dagrun for crawl_search_page to None, run_after=None
[2025-11-22T10:36:44.935+0000] {processor.py:208} INFO - Processing /opt/airflow/dags/dag_crawl_search_page.py took 1.033 seconds
[2025-11-22T10:37:15.319+0000] {processor.py:186} INFO - Started process (PID=254) to work on /opt/airflow/dags/dag_crawl_search_page.py
[2025-11-22T10:37:15.321+0000] {processor.py:914} INFO - Processing file /opt/airflow/dags/dag_crawl_search_page.py for tasks to queue
[2025-11-22T10:37:15.323+0000] {logging_mixin.py:190} INFO - [2025-11-22T10:37:15.323+0000] {dagbag.py:588} INFO - Filling up the DagBag from /opt/airflow/dags/dag_crawl_search_page.py
[2025-11-22T10:37:16.061+0000] {processor.py:925} INFO - DAG(s) 'crawl_search_page' retrieved from /opt/airflow/dags/dag_crawl_search_page.py
[2025-11-22T10:37:16.083+0000] {logging_mixin.py:190} INFO - [2025-11-22T10:37:16.082+0000] {dag.py:3239} INFO - Sync 1 DAGs
[2025-11-22T10:37:16.094+0000] {logging_mixin.py:190} INFO - [2025-11-22T10:37:16.094+0000] {dag.py:4180} INFO - Setting next_dagrun for crawl_search_page to None, run_after=None
[2025-11-22T10:37:16.114+0000] {processor.py:208} INFO - Processing /opt/airflow/dags/dag_crawl_search_page.py took 0.801 seconds
[2025-11-22T10:37:46.483+0000] {processor.py:186} INFO - Started process (PID=266) to work on /opt/airflow/dags/dag_crawl_search_page.py
[2025-11-22T10:37:46.484+0000] {processor.py:914} INFO - Processing file /opt/airflow/dags/dag_crawl_search_page.py for tasks to queue
[2025-11-22T10:37:46.487+0000] {logging_mixin.py:190} INFO - [2025-11-22T10:37:46.486+0000] {dagbag.py:588} INFO - Filling up the DagBag from /opt/airflow/dags/dag_crawl_search_page.py
[2025-11-22T10:37:47.148+0000] {processor.py:925} INFO - DAG(s) 'crawl_search_page' retrieved from /opt/airflow/dags/dag_crawl_search_page.py
[2025-11-22T10:37:47.167+0000] {logging_mixin.py:190} INFO - [2025-11-22T10:37:47.167+0000] {dag.py:3239} INFO - Sync 1 DAGs
[2025-11-22T10:37:47.177+0000] {logging_mixin.py:190} INFO - [2025-11-22T10:37:47.177+0000] {dag.py:4180} INFO - Setting next_dagrun for crawl_search_page to None, run_after=None
[2025-11-22T10:37:47.197+0000] {processor.py:208} INFO - Processing /opt/airflow/dags/dag_crawl_search_page.py took 0.719 seconds
[2025-11-22T10:38:17.533+0000] {processor.py:186} INFO - Started process (PID=282) to work on /opt/airflow/dags/dag_crawl_search_page.py
[2025-11-22T10:38:17.534+0000] {processor.py:914} INFO - Processing file /opt/airflow/dags/dag_crawl_search_page.py for tasks to queue
[2025-11-22T10:38:17.536+0000] {logging_mixin.py:190} INFO - [2025-11-22T10:38:17.536+0000] {dagbag.py:588} INFO - Filling up the DagBag from /opt/airflow/dags/dag_crawl_search_page.py
[2025-11-22T10:38:18.138+0000] {processor.py:925} INFO - DAG(s) 'crawl_search_page' retrieved from /opt/airflow/dags/dag_crawl_search_page.py
[2025-11-22T10:38:18.156+0000] {logging_mixin.py:190} INFO - [2025-11-22T10:38:18.155+0000] {dag.py:3239} INFO - Sync 1 DAGs
[2025-11-22T10:38:18.167+0000] {logging_mixin.py:190} INFO - [2025-11-22T10:38:18.167+0000] {dag.py:4180} INFO - Setting next_dagrun for crawl_search_page to None, run_after=None
[2025-11-22T10:38:18.184+0000] {processor.py:208} INFO - Processing /opt/airflow/dags/dag_crawl_search_page.py took 0.657 seconds
[2025-11-22T10:38:38.447+0000] {processor.py:186} INFO - Started process (PID=294) to work on /opt/airflow/dags/dag_crawl_search_page.py
[2025-11-22T10:38:38.449+0000] {processor.py:914} INFO - Processing file /opt/airflow/dags/dag_crawl_search_page.py for tasks to queue
[2025-11-22T10:38:38.452+0000] {logging_mixin.py:190} INFO - [2025-11-22T10:38:38.452+0000] {dagbag.py:588} INFO - Filling up the DagBag from /opt/airflow/dags/dag_crawl_search_page.py
[2025-11-22T10:38:40.072+0000] {logging_mixin.py:190} INFO - [2025-11-22T10:38:40.063+0000] {dagbag.py:387} ERROR - Failed to import: /opt/airflow/dags/dag_crawl_search_page.py
Traceback (most recent call last):
  File "/home/airflow/.local/lib/python3.12/site-packages/airflow/models/dagbag.py", line 383, in parse
    loader.exec_module(new_module)
  File "<frozen importlib._bootstrap_external>", line 999, in exec_module
  File "<frozen importlib._bootstrap>", line 488, in _call_with_frames_removed
  File "/opt/airflow/dags/dag_crawl_search_page.py", line 9, in <module>
    from testpack.testpack import *
ModuleNotFoundError: No module named 'testpack'
[2025-11-22T10:38:40.075+0000] {processor.py:927} WARNING - No viable dags retrieved from /opt/airflow/dags/dag_crawl_search_page.py
[2025-11-22T10:38:40.107+0000] {processor.py:208} INFO - Processing /opt/airflow/dags/dag_crawl_search_page.py took 1.666 seconds
[2025-11-22T10:39:10.489+0000] {processor.py:186} INFO - Started process (PID=306) to work on /opt/airflow/dags/dag_crawl_search_page.py
[2025-11-22T10:39:10.490+0000] {processor.py:914} INFO - Processing file /opt/airflow/dags/dag_crawl_search_page.py for tasks to queue
[2025-11-22T10:39:10.492+0000] {logging_mixin.py:190} INFO - [2025-11-22T10:39:10.492+0000] {dagbag.py:588} INFO - Filling up the DagBag from /opt/airflow/dags/dag_crawl_search_page.py
[2025-11-22T10:39:11.171+0000] {logging_mixin.py:190} INFO - [2025-11-22T10:39:11.168+0000] {dagbag.py:387} ERROR - Failed to import: /opt/airflow/dags/dag_crawl_search_page.py
Traceback (most recent call last):
  File "/home/airflow/.local/lib/python3.12/site-packages/airflow/models/dagbag.py", line 383, in parse
    loader.exec_module(new_module)
  File "<frozen importlib._bootstrap_external>", line 999, in exec_module
  File "<frozen importlib._bootstrap>", line 488, in _call_with_frames_removed
  File "/opt/airflow/dags/dag_crawl_search_page.py", line 9, in <module>
    from testpack.testpack import *
ModuleNotFoundError: No module named 'testpack'
[2025-11-22T10:39:11.172+0000] {processor.py:927} WARNING - No viable dags retrieved from /opt/airflow/dags/dag_crawl_search_page.py
[2025-11-22T10:39:11.188+0000] {processor.py:208} INFO - Processing /opt/airflow/dags/dag_crawl_search_page.py took 0.704 seconds
[2025-11-22T10:39:27.374+0000] {processor.py:186} INFO - Started process (PID=312) to work on /opt/airflow/dags/dag_crawl_search_page.py
[2025-11-22T10:39:27.376+0000] {processor.py:914} INFO - Processing file /opt/airflow/dags/dag_crawl_search_page.py for tasks to queue
[2025-11-22T10:39:27.380+0000] {logging_mixin.py:190} INFO - [2025-11-22T10:39:27.379+0000] {dagbag.py:588} INFO - Filling up the DagBag from /opt/airflow/dags/dag_crawl_search_page.py
[2025-11-22T10:39:28.165+0000] {logging_mixin.py:190} INFO - [2025-11-22T10:39:28.161+0000] {dagbag.py:387} ERROR - Failed to import: /opt/airflow/dags/dag_crawl_search_page.py
Traceback (most recent call last):
  File "/home/airflow/.local/lib/python3.12/site-packages/airflow/models/dagbag.py", line 383, in parse
    loader.exec_module(new_module)
  File "<frozen importlib._bootstrap_external>", line 999, in exec_module
  File "<frozen importlib._bootstrap>", line 488, in _call_with_frames_removed
  File "/opt/airflow/dags/dag_crawl_search_page.py", line 21, in <module>
    python_callable=test,
                    ^^^^
NameError: name 'test' is not defined
[2025-11-22T10:39:28.167+0000] {processor.py:927} WARNING - No viable dags retrieved from /opt/airflow/dags/dag_crawl_search_page.py
[2025-11-22T10:39:28.183+0000] {processor.py:208} INFO - Processing /opt/airflow/dags/dag_crawl_search_page.py took 0.818 seconds
[2025-11-22T10:39:58.959+0000] {processor.py:186} INFO - Started process (PID=324) to work on /opt/airflow/dags/dag_crawl_search_page.py
[2025-11-22T10:39:58.960+0000] {processor.py:914} INFO - Processing file /opt/airflow/dags/dag_crawl_search_page.py for tasks to queue
[2025-11-22T10:39:58.962+0000] {logging_mixin.py:190} INFO - [2025-11-22T10:39:58.961+0000] {dagbag.py:588} INFO - Filling up the DagBag from /opt/airflow/dags/dag_crawl_search_page.py
[2025-11-22T10:39:59.629+0000] {logging_mixin.py:190} INFO - [2025-11-22T10:39:59.626+0000] {dagbag.py:387} ERROR - Failed to import: /opt/airflow/dags/dag_crawl_search_page.py
Traceback (most recent call last):
  File "/home/airflow/.local/lib/python3.12/site-packages/airflow/models/dagbag.py", line 383, in parse
    loader.exec_module(new_module)
  File "<frozen importlib._bootstrap_external>", line 999, in exec_module
  File "<frozen importlib._bootstrap>", line 488, in _call_with_frames_removed
  File "/opt/airflow/dags/dag_crawl_search_page.py", line 21, in <module>
    python_callable=test,
                    ^^^^
NameError: name 'test' is not defined
[2025-11-22T10:39:59.630+0000] {processor.py:927} WARNING - No viable dags retrieved from /opt/airflow/dags/dag_crawl_search_page.py
[2025-11-22T10:39:59.645+0000] {processor.py:208} INFO - Processing /opt/airflow/dags/dag_crawl_search_page.py took 0.692 seconds
[2025-11-22T10:40:15.891+0000] {processor.py:186} INFO - Started process (PID=336) to work on /opt/airflow/dags/dag_crawl_search_page.py
[2025-11-22T10:40:15.892+0000] {processor.py:914} INFO - Processing file /opt/airflow/dags/dag_crawl_search_page.py for tasks to queue
[2025-11-22T10:40:15.893+0000] {logging_mixin.py:190} INFO - [2025-11-22T10:40:15.893+0000] {dagbag.py:588} INFO - Filling up the DagBag from /opt/airflow/dags/dag_crawl_search_page.py
[2025-11-22T10:40:16.604+0000] {logging_mixin.py:190} INFO - [2025-11-22T10:40:16.594+0000] {dagbag.py:387} ERROR - Failed to import: /opt/airflow/dags/dag_crawl_search_page.py
Traceback (most recent call last):
  File "/home/airflow/.local/lib/python3.12/site-packages/airflow/models/dagbag.py", line 383, in parse
    loader.exec_module(new_module)
  File "<frozen importlib._bootstrap_external>", line 999, in exec_module
  File "<frozen importlib._bootstrap>", line 488, in _call_with_frames_removed
  File "/opt/airflow/dags/dag_crawl_search_page.py", line 21, in <module>
    python_callable=crawl_multiple_keywords(),
                    ^^^^^^^^^^^^^^^^^^^^^^^^^
  File "/opt/airflow/dags/job_crawler/beautifulsoup/crawl_search_page.py", line 135, in crawl_multiple_keywords
    db = JobDBClient(SQLITE_DB_PATH)
         ^^^^^^^^^^^^^^^^^^^^^^^^^^^
  File "/opt/airflow/dags/job_crawler/beautifulsoup/JobDBClient/JobDBSpliteClient.py", line 6, in __init__
    self.connection: Connection = sqlite3.connect(db_path)
                                  ^^^^^^^^^^^^^^^^^^^^^^^^
sqlite3.OperationalError: unable to open database file
[2025-11-22T10:40:16.607+0000] {processor.py:927} WARNING - No viable dags retrieved from /opt/airflow/dags/dag_crawl_search_page.py
[2025-11-22T10:40:16.621+0000] {processor.py:208} INFO - Processing /opt/airflow/dags/dag_crawl_search_page.py took 0.737 seconds
[2025-11-22T10:40:19.693+0000] {processor.py:186} INFO - Started process (PID=342) to work on /opt/airflow/dags/dag_crawl_search_page.py
[2025-11-22T10:40:19.695+0000] {processor.py:914} INFO - Processing file /opt/airflow/dags/dag_crawl_search_page.py for tasks to queue
[2025-11-22T10:40:19.697+0000] {logging_mixin.py:190} INFO - [2025-11-22T10:40:19.697+0000] {dagbag.py:588} INFO - Filling up the DagBag from /opt/airflow/dags/dag_crawl_search_page.py
[2025-11-22T10:40:20.721+0000] {processor.py:925} INFO - DAG(s) 'crawl_search_page' retrieved from /opt/airflow/dags/dag_crawl_search_page.py
[2025-11-22T10:40:20.949+0000] {logging_mixin.py:190} INFO - [2025-11-22T10:40:20.948+0000] {dag.py:3239} INFO - Sync 1 DAGs
[2025-11-22T10:40:20.963+0000] {logging_mixin.py:190} INFO - [2025-11-22T10:40:20.963+0000] {dag.py:4180} INFO - Setting next_dagrun for crawl_search_page to None, run_after=None
[2025-11-22T10:40:20.992+0000] {processor.py:208} INFO - Processing /opt/airflow/dags/dag_crawl_search_page.py took 1.308 seconds
[2025-11-22T10:40:51.317+0000] {processor.py:186} INFO - Started process (PID=354) to work on /opt/airflow/dags/dag_crawl_search_page.py
[2025-11-22T10:40:51.319+0000] {processor.py:914} INFO - Processing file /opt/airflow/dags/dag_crawl_search_page.py for tasks to queue
[2025-11-22T10:40:51.320+0000] {logging_mixin.py:190} INFO - [2025-11-22T10:40:51.320+0000] {dagbag.py:588} INFO - Filling up the DagBag from /opt/airflow/dags/dag_crawl_search_page.py
[2025-11-22T10:40:52.402+0000] {processor.py:925} INFO - DAG(s) 'crawl_search_page' retrieved from /opt/airflow/dags/dag_crawl_search_page.py
[2025-11-22T10:40:52.422+0000] {logging_mixin.py:190} INFO - [2025-11-22T10:40:52.421+0000] {dag.py:3239} INFO - Sync 1 DAGs
[2025-11-22T10:40:52.437+0000] {logging_mixin.py:190} INFO - [2025-11-22T10:40:52.437+0000] {dag.py:4180} INFO - Setting next_dagrun for crawl_search_page to None, run_after=None
[2025-11-22T10:40:52.461+0000] {processor.py:208} INFO - Processing /opt/airflow/dags/dag_crawl_search_page.py took 1.153 seconds
[2025-11-22T10:41:22.901+0000] {processor.py:186} INFO - Started process (PID=366) to work on /opt/airflow/dags/dag_crawl_search_page.py
[2025-11-22T10:41:22.902+0000] {processor.py:914} INFO - Processing file /opt/airflow/dags/dag_crawl_search_page.py for tasks to queue
[2025-11-22T10:41:22.903+0000] {logging_mixin.py:190} INFO - [2025-11-22T10:41:22.903+0000] {dagbag.py:588} INFO - Filling up the DagBag from /opt/airflow/dags/dag_crawl_search_page.py
[2025-11-22T10:41:22.944+0000] {logging_mixin.py:190} INFO - [2025-11-22T10:41:22.942+0000] {dagbag.py:387} ERROR - Failed to import: /opt/airflow/dags/dag_crawl_search_page.py
Traceback (most recent call last):
  File "/home/airflow/.local/lib/python3.12/site-packages/airflow/models/dagbag.py", line 383, in parse
    loader.exec_module(new_module)
  File "<frozen importlib._bootstrap_external>", line 999, in exec_module
  File "<frozen importlib._bootstrap>", line 488, in _call_with_frames_removed
  File "/opt/airflow/dags/dag_crawl_search_page.py", line 6, in <module>
    from job_crawler.beautifulsoup.crawl_search_page import crawl_multiple_keywords
  File "/opt/airflow/dags/job_crawler/beautifulsoup/crawl_search_page.py", line 160
    
    ^
IndentationError: expected an indented block after function definition on line 159
[2025-11-22T10:41:22.945+0000] {processor.py:927} WARNING - No viable dags retrieved from /opt/airflow/dags/dag_crawl_search_page.py
[2025-11-22T10:41:22.961+0000] {processor.py:208} INFO - Processing /opt/airflow/dags/dag_crawl_search_page.py took 0.066 seconds
[2025-11-22T10:41:53.319+0000] {processor.py:186} INFO - Started process (PID=377) to work on /opt/airflow/dags/dag_crawl_search_page.py
[2025-11-22T10:41:53.320+0000] {processor.py:914} INFO - Processing file /opt/airflow/dags/dag_crawl_search_page.py for tasks to queue
[2025-11-22T10:41:53.321+0000] {logging_mixin.py:190} INFO - [2025-11-22T10:41:53.320+0000] {dagbag.py:588} INFO - Filling up the DagBag from /opt/airflow/dags/dag_crawl_search_page.py
[2025-11-22T10:41:53.360+0000] {logging_mixin.py:190} INFO - [2025-11-22T10:41:53.357+0000] {dagbag.py:387} ERROR - Failed to import: /opt/airflow/dags/dag_crawl_search_page.py
Traceback (most recent call last):
  File "/home/airflow/.local/lib/python3.12/site-packages/airflow/models/dagbag.py", line 383, in parse
    loader.exec_module(new_module)
  File "<frozen importlib._bootstrap_external>", line 999, in exec_module
  File "<frozen importlib._bootstrap>", line 488, in _call_with_frames_removed
  File "/opt/airflow/dags/dag_crawl_search_page.py", line 6, in <module>
    from job_crawler.beautifulsoup.crawl_search_page import crawl_multiple_keywords
  File "/opt/airflow/dags/job_crawler/beautifulsoup/crawl_search_page.py", line 160
    
    ^
IndentationError: expected an indented block after function definition on line 159
[2025-11-22T10:41:53.361+0000] {processor.py:927} WARNING - No viable dags retrieved from /opt/airflow/dags/dag_crawl_search_page.py
[2025-11-22T10:41:53.377+0000] {processor.py:208} INFO - Processing /opt/airflow/dags/dag_crawl_search_page.py took 0.063 seconds
[2025-11-22T10:42:23.734+0000] {processor.py:186} INFO - Started process (PID=388) to work on /opt/airflow/dags/dag_crawl_search_page.py
[2025-11-22T10:42:23.735+0000] {processor.py:914} INFO - Processing file /opt/airflow/dags/dag_crawl_search_page.py for tasks to queue
[2025-11-22T10:42:23.737+0000] {logging_mixin.py:190} INFO - [2025-11-22T10:42:23.736+0000] {dagbag.py:588} INFO - Filling up the DagBag from /opt/airflow/dags/dag_crawl_search_page.py
[2025-11-22T10:42:23.789+0000] {logging_mixin.py:190} INFO - [2025-11-22T10:42:23.785+0000] {dagbag.py:387} ERROR - Failed to import: /opt/airflow/dags/dag_crawl_search_page.py
Traceback (most recent call last):
  File "/home/airflow/.local/lib/python3.12/site-packages/airflow/models/dagbag.py", line 383, in parse
    loader.exec_module(new_module)
  File "<frozen importlib._bootstrap_external>", line 999, in exec_module
  File "<frozen importlib._bootstrap>", line 488, in _call_with_frames_removed
  File "/opt/airflow/dags/dag_crawl_search_page.py", line 6, in <module>
    from job_crawler.beautifulsoup.crawl_search_page import crawl_multiple_keywords
  File "/opt/airflow/dags/job_crawler/beautifulsoup/crawl_search_page.py", line 160
    
    ^
IndentationError: expected an indented block after function definition on line 159
[2025-11-22T10:42:23.791+0000] {processor.py:927} WARNING - No viable dags retrieved from /opt/airflow/dags/dag_crawl_search_page.py
[2025-11-22T10:42:23.814+0000] {processor.py:208} INFO - Processing /opt/airflow/dags/dag_crawl_search_page.py took 0.086 seconds
[2025-11-22T10:42:54.138+0000] {processor.py:186} INFO - Started process (PID=399) to work on /opt/airflow/dags/dag_crawl_search_page.py
[2025-11-22T10:42:54.139+0000] {processor.py:914} INFO - Processing file /opt/airflow/dags/dag_crawl_search_page.py for tasks to queue
[2025-11-22T10:42:54.140+0000] {logging_mixin.py:190} INFO - [2025-11-22T10:42:54.139+0000] {dagbag.py:588} INFO - Filling up the DagBag from /opt/airflow/dags/dag_crawl_search_page.py
[2025-11-22T10:42:54.180+0000] {logging_mixin.py:190} INFO - [2025-11-22T10:42:54.177+0000] {dagbag.py:387} ERROR - Failed to import: /opt/airflow/dags/dag_crawl_search_page.py
Traceback (most recent call last):
  File "/home/airflow/.local/lib/python3.12/site-packages/airflow/models/dagbag.py", line 383, in parse
    loader.exec_module(new_module)
  File "<frozen importlib._bootstrap_external>", line 999, in exec_module
  File "<frozen importlib._bootstrap>", line 488, in _call_with_frames_removed
  File "/opt/airflow/dags/dag_crawl_search_page.py", line 6, in <module>
    from job_crawler.beautifulsoup.crawl_search_page import crawl_multiple_keywords
  File "/opt/airflow/dags/job_crawler/beautifulsoup/crawl_search_page.py", line 160
    
    ^
IndentationError: expected an indented block after function definition on line 159
[2025-11-22T10:42:54.181+0000] {processor.py:927} WARNING - No viable dags retrieved from /opt/airflow/dags/dag_crawl_search_page.py
[2025-11-22T10:42:54.197+0000] {processor.py:208} INFO - Processing /opt/airflow/dags/dag_crawl_search_page.py took 0.065 seconds
[2025-11-22T10:43:24.562+0000] {processor.py:186} INFO - Started process (PID=410) to work on /opt/airflow/dags/dag_crawl_search_page.py
[2025-11-22T10:43:24.563+0000] {processor.py:914} INFO - Processing file /opt/airflow/dags/dag_crawl_search_page.py for tasks to queue
[2025-11-22T10:43:24.564+0000] {logging_mixin.py:190} INFO - [2025-11-22T10:43:24.564+0000] {dagbag.py:588} INFO - Filling up the DagBag from /opt/airflow/dags/dag_crawl_search_page.py
[2025-11-22T10:43:24.604+0000] {logging_mixin.py:190} INFO - [2025-11-22T10:43:24.601+0000] {dagbag.py:387} ERROR - Failed to import: /opt/airflow/dags/dag_crawl_search_page.py
Traceback (most recent call last):
  File "/home/airflow/.local/lib/python3.12/site-packages/airflow/models/dagbag.py", line 383, in parse
    loader.exec_module(new_module)
  File "<frozen importlib._bootstrap_external>", line 999, in exec_module
  File "<frozen importlib._bootstrap>", line 488, in _call_with_frames_removed
  File "/opt/airflow/dags/dag_crawl_search_page.py", line 6, in <module>
    from job_crawler.beautifulsoup.crawl_search_page import crawl_multiple_keywords
  File "/opt/airflow/dags/job_crawler/beautifulsoup/crawl_search_page.py", line 160
    
    ^
IndentationError: expected an indented block after function definition on line 159
[2025-11-22T10:43:24.605+0000] {processor.py:927} WARNING - No viable dags retrieved from /opt/airflow/dags/dag_crawl_search_page.py
[2025-11-22T10:43:24.619+0000] {processor.py:208} INFO - Processing /opt/airflow/dags/dag_crawl_search_page.py took 0.062 seconds
[2025-11-22T10:43:54.970+0000] {processor.py:186} INFO - Started process (PID=421) to work on /opt/airflow/dags/dag_crawl_search_page.py
[2025-11-22T10:43:54.971+0000] {processor.py:914} INFO - Processing file /opt/airflow/dags/dag_crawl_search_page.py for tasks to queue
[2025-11-22T10:43:54.972+0000] {logging_mixin.py:190} INFO - [2025-11-22T10:43:54.972+0000] {dagbag.py:588} INFO - Filling up the DagBag from /opt/airflow/dags/dag_crawl_search_page.py
[2025-11-22T10:43:55.011+0000] {logging_mixin.py:190} INFO - [2025-11-22T10:43:55.009+0000] {dagbag.py:387} ERROR - Failed to import: /opt/airflow/dags/dag_crawl_search_page.py
Traceback (most recent call last):
  File "/home/airflow/.local/lib/python3.12/site-packages/airflow/models/dagbag.py", line 383, in parse
    loader.exec_module(new_module)
  File "<frozen importlib._bootstrap_external>", line 999, in exec_module
  File "<frozen importlib._bootstrap>", line 488, in _call_with_frames_removed
  File "/opt/airflow/dags/dag_crawl_search_page.py", line 6, in <module>
    from job_crawler.beautifulsoup.crawl_search_page import crawl_multiple_keywords
  File "/opt/airflow/dags/job_crawler/beautifulsoup/crawl_search_page.py", line 160
    
    ^
IndentationError: expected an indented block after function definition on line 159
[2025-11-22T10:43:55.012+0000] {processor.py:927} WARNING - No viable dags retrieved from /opt/airflow/dags/dag_crawl_search_page.py
[2025-11-22T10:43:55.027+0000] {processor.py:208} INFO - Processing /opt/airflow/dags/dag_crawl_search_page.py took 0.062 seconds
[2025-11-22T10:44:25.385+0000] {processor.py:186} INFO - Started process (PID=432) to work on /opt/airflow/dags/dag_crawl_search_page.py
[2025-11-22T10:44:25.386+0000] {processor.py:914} INFO - Processing file /opt/airflow/dags/dag_crawl_search_page.py for tasks to queue
[2025-11-22T10:44:25.387+0000] {logging_mixin.py:190} INFO - [2025-11-22T10:44:25.387+0000] {dagbag.py:588} INFO - Filling up the DagBag from /opt/airflow/dags/dag_crawl_search_page.py
[2025-11-22T10:44:25.431+0000] {logging_mixin.py:190} INFO - [2025-11-22T10:44:25.428+0000] {dagbag.py:387} ERROR - Failed to import: /opt/airflow/dags/dag_crawl_search_page.py
Traceback (most recent call last):
  File "/home/airflow/.local/lib/python3.12/site-packages/airflow/models/dagbag.py", line 383, in parse
    loader.exec_module(new_module)
  File "<frozen importlib._bootstrap_external>", line 999, in exec_module
  File "<frozen importlib._bootstrap>", line 488, in _call_with_frames_removed
  File "/opt/airflow/dags/dag_crawl_search_page.py", line 6, in <module>
    from job_crawler.beautifulsoup.crawl_search_page import crawl_multiple_keywords
  File "/opt/airflow/dags/job_crawler/beautifulsoup/crawl_search_page.py", line 160
    
    ^
IndentationError: expected an indented block after function definition on line 159
[2025-11-22T10:44:25.432+0000] {processor.py:927} WARNING - No viable dags retrieved from /opt/airflow/dags/dag_crawl_search_page.py
[2025-11-22T10:44:25.448+0000] {processor.py:208} INFO - Processing /opt/airflow/dags/dag_crawl_search_page.py took 0.068 seconds
[2025-11-22T10:44:56.110+0000] {processor.py:186} INFO - Started process (PID=443) to work on /opt/airflow/dags/dag_crawl_search_page.py
[2025-11-22T10:44:56.111+0000] {processor.py:914} INFO - Processing file /opt/airflow/dags/dag_crawl_search_page.py for tasks to queue
[2025-11-22T10:44:56.112+0000] {logging_mixin.py:190} INFO - [2025-11-22T10:44:56.112+0000] {dagbag.py:588} INFO - Filling up the DagBag from /opt/airflow/dags/dag_crawl_search_page.py
[2025-11-22T10:44:56.152+0000] {logging_mixin.py:190} INFO - [2025-11-22T10:44:56.149+0000] {dagbag.py:387} ERROR - Failed to import: /opt/airflow/dags/dag_crawl_search_page.py
Traceback (most recent call last):
  File "/home/airflow/.local/lib/python3.12/site-packages/airflow/models/dagbag.py", line 383, in parse
    loader.exec_module(new_module)
  File "<frozen importlib._bootstrap_external>", line 999, in exec_module
  File "<frozen importlib._bootstrap>", line 488, in _call_with_frames_removed
  File "/opt/airflow/dags/dag_crawl_search_page.py", line 6, in <module>
    from job_crawler.beautifulsoup.crawl_search_page import crawl_multiple_keywords
  File "/opt/airflow/dags/job_crawler/beautifulsoup/crawl_search_page.py", line 160
    
    ^
IndentationError: expected an indented block after function definition on line 159
[2025-11-22T10:44:56.153+0000] {processor.py:927} WARNING - No viable dags retrieved from /opt/airflow/dags/dag_crawl_search_page.py
[2025-11-22T10:44:56.169+0000] {processor.py:208} INFO - Processing /opt/airflow/dags/dag_crawl_search_page.py took 0.065 seconds
[2025-11-22T10:45:26.424+0000] {processor.py:186} INFO - Started process (PID=454) to work on /opt/airflow/dags/dag_crawl_search_page.py
[2025-11-22T10:45:26.425+0000] {processor.py:914} INFO - Processing file /opt/airflow/dags/dag_crawl_search_page.py for tasks to queue
[2025-11-22T10:45:26.426+0000] {logging_mixin.py:190} INFO - [2025-11-22T10:45:26.426+0000] {dagbag.py:588} INFO - Filling up the DagBag from /opt/airflow/dags/dag_crawl_search_page.py
[2025-11-22T10:45:26.482+0000] {logging_mixin.py:190} INFO - [2025-11-22T10:45:26.478+0000] {dagbag.py:387} ERROR - Failed to import: /opt/airflow/dags/dag_crawl_search_page.py
Traceback (most recent call last):
  File "/home/airflow/.local/lib/python3.12/site-packages/airflow/models/dagbag.py", line 383, in parse
    loader.exec_module(new_module)
  File "<frozen importlib._bootstrap_external>", line 999, in exec_module
  File "<frozen importlib._bootstrap>", line 488, in _call_with_frames_removed
  File "/opt/airflow/dags/dag_crawl_search_page.py", line 6, in <module>
    from job_crawler.beautifulsoup.crawl_search_page import crawl_multiple_keywords
  File "/opt/airflow/dags/job_crawler/beautifulsoup/crawl_search_page.py", line 160
    
    ^
IndentationError: expected an indented block after function definition on line 159
[2025-11-22T10:45:26.483+0000] {processor.py:927} WARNING - No viable dags retrieved from /opt/airflow/dags/dag_crawl_search_page.py
[2025-11-22T10:45:26.503+0000] {processor.py:208} INFO - Processing /opt/airflow/dags/dag_crawl_search_page.py took 0.085 seconds
[2025-11-22T10:45:56.801+0000] {processor.py:186} INFO - Started process (PID=465) to work on /opt/airflow/dags/dag_crawl_search_page.py
[2025-11-22T10:45:56.802+0000] {processor.py:914} INFO - Processing file /opt/airflow/dags/dag_crawl_search_page.py for tasks to queue
[2025-11-22T10:45:56.803+0000] {logging_mixin.py:190} INFO - [2025-11-22T10:45:56.803+0000] {dagbag.py:588} INFO - Filling up the DagBag from /opt/airflow/dags/dag_crawl_search_page.py
[2025-11-22T10:45:56.852+0000] {logging_mixin.py:190} INFO - [2025-11-22T10:45:56.849+0000] {dagbag.py:387} ERROR - Failed to import: /opt/airflow/dags/dag_crawl_search_page.py
Traceback (most recent call last):
  File "/home/airflow/.local/lib/python3.12/site-packages/airflow/models/dagbag.py", line 383, in parse
    loader.exec_module(new_module)
  File "<frozen importlib._bootstrap_external>", line 999, in exec_module
  File "<frozen importlib._bootstrap>", line 488, in _call_with_frames_removed
  File "/opt/airflow/dags/dag_crawl_search_page.py", line 6, in <module>
    from job_crawler.beautifulsoup.crawl_search_page import crawl_multiple_keywords
  File "/opt/airflow/dags/job_crawler/beautifulsoup/crawl_search_page.py", line 160
    
    ^
IndentationError: expected an indented block after function definition on line 159
[2025-11-22T10:45:56.853+0000] {processor.py:927} WARNING - No viable dags retrieved from /opt/airflow/dags/dag_crawl_search_page.py
[2025-11-22T10:45:56.869+0000] {processor.py:208} INFO - Processing /opt/airflow/dags/dag_crawl_search_page.py took 0.073 seconds
[2025-11-22T10:46:27.215+0000] {processor.py:186} INFO - Started process (PID=476) to work on /opt/airflow/dags/dag_crawl_search_page.py
[2025-11-22T10:46:27.216+0000] {processor.py:914} INFO - Processing file /opt/airflow/dags/dag_crawl_search_page.py for tasks to queue
[2025-11-22T10:46:27.218+0000] {logging_mixin.py:190} INFO - [2025-11-22T10:46:27.217+0000] {dagbag.py:588} INFO - Filling up the DagBag from /opt/airflow/dags/dag_crawl_search_page.py
[2025-11-22T10:46:27.266+0000] {logging_mixin.py:190} INFO - [2025-11-22T10:46:27.264+0000] {dagbag.py:387} ERROR - Failed to import: /opt/airflow/dags/dag_crawl_search_page.py
Traceback (most recent call last):
  File "/home/airflow/.local/lib/python3.12/site-packages/airflow/models/dagbag.py", line 383, in parse
    loader.exec_module(new_module)
  File "<frozen importlib._bootstrap_external>", line 999, in exec_module
  File "<frozen importlib._bootstrap>", line 488, in _call_with_frames_removed
  File "/opt/airflow/dags/dag_crawl_search_page.py", line 6, in <module>
    from job_crawler.beautifulsoup.crawl_search_page import crawl_multiple_keywords
  File "/opt/airflow/dags/job_crawler/beautifulsoup/crawl_search_page.py", line 160
    
    ^
IndentationError: expected an indented block after function definition on line 159
[2025-11-22T10:46:27.267+0000] {processor.py:927} WARNING - No viable dags retrieved from /opt/airflow/dags/dag_crawl_search_page.py
[2025-11-22T10:46:27.283+0000] {processor.py:208} INFO - Processing /opt/airflow/dags/dag_crawl_search_page.py took 0.074 seconds
[2025-11-22T10:46:57.649+0000] {processor.py:186} INFO - Started process (PID=487) to work on /opt/airflow/dags/dag_crawl_search_page.py
[2025-11-22T10:46:57.650+0000] {processor.py:914} INFO - Processing file /opt/airflow/dags/dag_crawl_search_page.py for tasks to queue
[2025-11-22T10:46:57.652+0000] {logging_mixin.py:190} INFO - [2025-11-22T10:46:57.651+0000] {dagbag.py:588} INFO - Filling up the DagBag from /opt/airflow/dags/dag_crawl_search_page.py
[2025-11-22T10:46:57.693+0000] {logging_mixin.py:190} INFO - [2025-11-22T10:46:57.691+0000] {dagbag.py:387} ERROR - Failed to import: /opt/airflow/dags/dag_crawl_search_page.py
Traceback (most recent call last):
  File "/home/airflow/.local/lib/python3.12/site-packages/airflow/models/dagbag.py", line 383, in parse
    loader.exec_module(new_module)
  File "<frozen importlib._bootstrap_external>", line 999, in exec_module
  File "<frozen importlib._bootstrap>", line 488, in _call_with_frames_removed
  File "/opt/airflow/dags/dag_crawl_search_page.py", line 6, in <module>
    from job_crawler.beautifulsoup.crawl_search_page import crawl_multiple_keywords
  File "/opt/airflow/dags/job_crawler/beautifulsoup/crawl_search_page.py", line 160
    
    ^
IndentationError: expected an indented block after function definition on line 159
[2025-11-22T10:46:57.695+0000] {processor.py:927} WARNING - No viable dags retrieved from /opt/airflow/dags/dag_crawl_search_page.py
[2025-11-22T10:46:57.710+0000] {processor.py:208} INFO - Processing /opt/airflow/dags/dag_crawl_search_page.py took 0.066 seconds
[2025-11-22T10:47:28.057+0000] {processor.py:186} INFO - Started process (PID=498) to work on /opt/airflow/dags/dag_crawl_search_page.py
[2025-11-22T10:47:28.058+0000] {processor.py:914} INFO - Processing file /opt/airflow/dags/dag_crawl_search_page.py for tasks to queue
[2025-11-22T10:47:28.060+0000] {logging_mixin.py:190} INFO - [2025-11-22T10:47:28.059+0000] {dagbag.py:588} INFO - Filling up the DagBag from /opt/airflow/dags/dag_crawl_search_page.py
[2025-11-22T10:47:28.104+0000] {logging_mixin.py:190} INFO - [2025-11-22T10:47:28.101+0000] {dagbag.py:387} ERROR - Failed to import: /opt/airflow/dags/dag_crawl_search_page.py
Traceback (most recent call last):
  File "/home/airflow/.local/lib/python3.12/site-packages/airflow/models/dagbag.py", line 383, in parse
    loader.exec_module(new_module)
  File "<frozen importlib._bootstrap_external>", line 999, in exec_module
  File "<frozen importlib._bootstrap>", line 488, in _call_with_frames_removed
  File "/opt/airflow/dags/dag_crawl_search_page.py", line 6, in <module>
    from job_crawler.beautifulsoup.crawl_search_page import crawl_multiple_keywords
  File "/opt/airflow/dags/job_crawler/beautifulsoup/crawl_search_page.py", line 160
    
    ^
IndentationError: expected an indented block after function definition on line 159
[2025-11-22T10:47:28.105+0000] {processor.py:927} WARNING - No viable dags retrieved from /opt/airflow/dags/dag_crawl_search_page.py
[2025-11-22T10:47:28.120+0000] {processor.py:208} INFO - Processing /opt/airflow/dags/dag_crawl_search_page.py took 0.068 seconds
[2025-11-22T10:47:58.561+0000] {processor.py:186} INFO - Started process (PID=509) to work on /opt/airflow/dags/dag_crawl_search_page.py
[2025-11-22T10:47:58.562+0000] {processor.py:914} INFO - Processing file /opt/airflow/dags/dag_crawl_search_page.py for tasks to queue
[2025-11-22T10:47:58.563+0000] {logging_mixin.py:190} INFO - [2025-11-22T10:47:58.562+0000] {dagbag.py:588} INFO - Filling up the DagBag from /opt/airflow/dags/dag_crawl_search_page.py
[2025-11-22T10:47:58.601+0000] {logging_mixin.py:190} INFO - [2025-11-22T10:47:58.598+0000] {dagbag.py:387} ERROR - Failed to import: /opt/airflow/dags/dag_crawl_search_page.py
Traceback (most recent call last):
  File "/home/airflow/.local/lib/python3.12/site-packages/airflow/models/dagbag.py", line 383, in parse
    loader.exec_module(new_module)
  File "<frozen importlib._bootstrap_external>", line 999, in exec_module
  File "<frozen importlib._bootstrap>", line 488, in _call_with_frames_removed
  File "/opt/airflow/dags/dag_crawl_search_page.py", line 6, in <module>
    from job_crawler.beautifulsoup.crawl_search_page import crawl_multiple_keywords
  File "/opt/airflow/dags/job_crawler/beautifulsoup/crawl_search_page.py", line 160
    
    ^
IndentationError: expected an indented block after function definition on line 159
[2025-11-22T10:47:58.602+0000] {processor.py:927} WARNING - No viable dags retrieved from /opt/airflow/dags/dag_crawl_search_page.py
[2025-11-22T10:47:58.616+0000] {processor.py:208} INFO - Processing /opt/airflow/dags/dag_crawl_search_page.py took 0.061 seconds
[2025-11-22T10:48:28.964+0000] {processor.py:186} INFO - Started process (PID=520) to work on /opt/airflow/dags/dag_crawl_search_page.py
[2025-11-22T10:48:28.965+0000] {processor.py:914} INFO - Processing file /opt/airflow/dags/dag_crawl_search_page.py for tasks to queue
[2025-11-22T10:48:28.967+0000] {logging_mixin.py:190} INFO - [2025-11-22T10:48:28.967+0000] {dagbag.py:588} INFO - Filling up the DagBag from /opt/airflow/dags/dag_crawl_search_page.py
[2025-11-22T10:48:29.010+0000] {logging_mixin.py:190} INFO - [2025-11-22T10:48:29.008+0000] {dagbag.py:387} ERROR - Failed to import: /opt/airflow/dags/dag_crawl_search_page.py
Traceback (most recent call last):
  File "/home/airflow/.local/lib/python3.12/site-packages/airflow/models/dagbag.py", line 383, in parse
    loader.exec_module(new_module)
  File "<frozen importlib._bootstrap_external>", line 999, in exec_module
  File "<frozen importlib._bootstrap>", line 488, in _call_with_frames_removed
  File "/opt/airflow/dags/dag_crawl_search_page.py", line 6, in <module>
    from job_crawler.beautifulsoup.crawl_search_page import crawl_multiple_keywords
  File "/opt/airflow/dags/job_crawler/beautifulsoup/crawl_search_page.py", line 160
    
    ^
IndentationError: expected an indented block after function definition on line 159
[2025-11-22T10:48:29.011+0000] {processor.py:927} WARNING - No viable dags retrieved from /opt/airflow/dags/dag_crawl_search_page.py
[2025-11-22T10:48:29.026+0000] {processor.py:208} INFO - Processing /opt/airflow/dags/dag_crawl_search_page.py took 0.068 seconds
[2025-11-22T10:48:59.370+0000] {processor.py:186} INFO - Started process (PID=531) to work on /opt/airflow/dags/dag_crawl_search_page.py
[2025-11-22T10:48:59.371+0000] {processor.py:914} INFO - Processing file /opt/airflow/dags/dag_crawl_search_page.py for tasks to queue
[2025-11-22T10:48:59.373+0000] {logging_mixin.py:190} INFO - [2025-11-22T10:48:59.372+0000] {dagbag.py:588} INFO - Filling up the DagBag from /opt/airflow/dags/dag_crawl_search_page.py
[2025-11-22T10:48:59.421+0000] {logging_mixin.py:190} INFO - [2025-11-22T10:48:59.419+0000] {dagbag.py:387} ERROR - Failed to import: /opt/airflow/dags/dag_crawl_search_page.py
Traceback (most recent call last):
  File "/home/airflow/.local/lib/python3.12/site-packages/airflow/models/dagbag.py", line 383, in parse
    loader.exec_module(new_module)
  File "<frozen importlib._bootstrap_external>", line 999, in exec_module
  File "<frozen importlib._bootstrap>", line 488, in _call_with_frames_removed
  File "/opt/airflow/dags/dag_crawl_search_page.py", line 6, in <module>
    from job_crawler.beautifulsoup.crawl_search_page import crawl_multiple_keywords
  File "/opt/airflow/dags/job_crawler/beautifulsoup/crawl_search_page.py", line 160
    
    ^
IndentationError: expected an indented block after function definition on line 159
[2025-11-22T10:48:59.422+0000] {processor.py:927} WARNING - No viable dags retrieved from /opt/airflow/dags/dag_crawl_search_page.py
[2025-11-22T10:48:59.438+0000] {processor.py:208} INFO - Processing /opt/airflow/dags/dag_crawl_search_page.py took 0.073 seconds
[2025-11-22T10:49:29.759+0000] {processor.py:186} INFO - Started process (PID=542) to work on /opt/airflow/dags/dag_crawl_search_page.py
[2025-11-22T10:49:29.760+0000] {processor.py:914} INFO - Processing file /opt/airflow/dags/dag_crawl_search_page.py for tasks to queue
[2025-11-22T10:49:29.762+0000] {logging_mixin.py:190} INFO - [2025-11-22T10:49:29.762+0000] {dagbag.py:588} INFO - Filling up the DagBag from /opt/airflow/dags/dag_crawl_search_page.py
[2025-11-22T10:49:29.803+0000] {logging_mixin.py:190} INFO - [2025-11-22T10:49:29.800+0000] {dagbag.py:387} ERROR - Failed to import: /opt/airflow/dags/dag_crawl_search_page.py
Traceback (most recent call last):
  File "/home/airflow/.local/lib/python3.12/site-packages/airflow/models/dagbag.py", line 383, in parse
    loader.exec_module(new_module)
  File "<frozen importlib._bootstrap_external>", line 999, in exec_module
  File "<frozen importlib._bootstrap>", line 488, in _call_with_frames_removed
  File "/opt/airflow/dags/dag_crawl_search_page.py", line 6, in <module>
    from job_crawler.beautifulsoup.crawl_search_page import crawl_multiple_keywords
  File "/opt/airflow/dags/job_crawler/beautifulsoup/crawl_search_page.py", line 160
    
    ^
IndentationError: expected an indented block after function definition on line 159
[2025-11-22T10:49:29.804+0000] {processor.py:927} WARNING - No viable dags retrieved from /opt/airflow/dags/dag_crawl_search_page.py
[2025-11-22T10:49:29.820+0000] {processor.py:208} INFO - Processing /opt/airflow/dags/dag_crawl_search_page.py took 0.068 seconds
[2025-11-22T10:50:00.491+0000] {processor.py:186} INFO - Started process (PID=553) to work on /opt/airflow/dags/dag_crawl_search_page.py
[2025-11-22T10:50:00.492+0000] {processor.py:914} INFO - Processing file /opt/airflow/dags/dag_crawl_search_page.py for tasks to queue
[2025-11-22T10:50:00.493+0000] {logging_mixin.py:190} INFO - [2025-11-22T10:50:00.492+0000] {dagbag.py:588} INFO - Filling up the DagBag from /opt/airflow/dags/dag_crawl_search_page.py
[2025-11-22T10:50:00.535+0000] {logging_mixin.py:190} INFO - [2025-11-22T10:50:00.532+0000] {dagbag.py:387} ERROR - Failed to import: /opt/airflow/dags/dag_crawl_search_page.py
Traceback (most recent call last):
  File "/home/airflow/.local/lib/python3.12/site-packages/airflow/models/dagbag.py", line 383, in parse
    loader.exec_module(new_module)
  File "<frozen importlib._bootstrap_external>", line 999, in exec_module
  File "<frozen importlib._bootstrap>", line 488, in _call_with_frames_removed
  File "/opt/airflow/dags/dag_crawl_search_page.py", line 6, in <module>
    from job_crawler.beautifulsoup.crawl_search_page import crawl_multiple_keywords
  File "/opt/airflow/dags/job_crawler/beautifulsoup/crawl_search_page.py", line 160
    
    ^
IndentationError: expected an indented block after function definition on line 159
[2025-11-22T10:50:00.536+0000] {processor.py:927} WARNING - No viable dags retrieved from /opt/airflow/dags/dag_crawl_search_page.py
[2025-11-22T10:50:00.551+0000] {processor.py:208} INFO - Processing /opt/airflow/dags/dag_crawl_search_page.py took 0.065 seconds
[2025-11-22T10:50:30.888+0000] {processor.py:186} INFO - Started process (PID=564) to work on /opt/airflow/dags/dag_crawl_search_page.py
[2025-11-22T10:50:30.889+0000] {processor.py:914} INFO - Processing file /opt/airflow/dags/dag_crawl_search_page.py for tasks to queue
[2025-11-22T10:50:30.892+0000] {logging_mixin.py:190} INFO - [2025-11-22T10:50:30.892+0000] {dagbag.py:588} INFO - Filling up the DagBag from /opt/airflow/dags/dag_crawl_search_page.py
[2025-11-22T10:50:30.988+0000] {logging_mixin.py:190} INFO - [2025-11-22T10:50:30.984+0000] {dagbag.py:387} ERROR - Failed to import: /opt/airflow/dags/dag_crawl_search_page.py
Traceback (most recent call last):
  File "/home/airflow/.local/lib/python3.12/site-packages/airflow/models/dagbag.py", line 383, in parse
    loader.exec_module(new_module)
  File "<frozen importlib._bootstrap_external>", line 999, in exec_module
  File "<frozen importlib._bootstrap>", line 488, in _call_with_frames_removed
  File "/opt/airflow/dags/dag_crawl_search_page.py", line 6, in <module>
    from job_crawler.beautifulsoup.crawl_search_page import crawl_multiple_keywords
  File "/opt/airflow/dags/job_crawler/beautifulsoup/crawl_search_page.py", line 160
    
    ^
IndentationError: expected an indented block after function definition on line 159
[2025-11-22T10:50:30.990+0000] {processor.py:927} WARNING - No viable dags retrieved from /opt/airflow/dags/dag_crawl_search_page.py
[2025-11-22T10:50:31.009+0000] {processor.py:208} INFO - Processing /opt/airflow/dags/dag_crawl_search_page.py took 0.129 seconds
[2025-11-22T10:51:01.357+0000] {processor.py:186} INFO - Started process (PID=575) to work on /opt/airflow/dags/dag_crawl_search_page.py
[2025-11-22T10:51:01.358+0000] {processor.py:914} INFO - Processing file /opt/airflow/dags/dag_crawl_search_page.py for tasks to queue
[2025-11-22T10:51:01.360+0000] {logging_mixin.py:190} INFO - [2025-11-22T10:51:01.359+0000] {dagbag.py:588} INFO - Filling up the DagBag from /opt/airflow/dags/dag_crawl_search_page.py
[2025-11-22T10:51:01.400+0000] {logging_mixin.py:190} INFO - [2025-11-22T10:51:01.398+0000] {dagbag.py:387} ERROR - Failed to import: /opt/airflow/dags/dag_crawl_search_page.py
Traceback (most recent call last):
  File "/home/airflow/.local/lib/python3.12/site-packages/airflow/models/dagbag.py", line 383, in parse
    loader.exec_module(new_module)
  File "<frozen importlib._bootstrap_external>", line 999, in exec_module
  File "<frozen importlib._bootstrap>", line 488, in _call_with_frames_removed
  File "/opt/airflow/dags/dag_crawl_search_page.py", line 6, in <module>
    from job_crawler.beautifulsoup.crawl_search_page import crawl_multiple_keywords
  File "/opt/airflow/dags/job_crawler/beautifulsoup/crawl_search_page.py", line 160
    
    ^
IndentationError: expected an indented block after function definition on line 159
[2025-11-22T10:51:01.402+0000] {processor.py:927} WARNING - No viable dags retrieved from /opt/airflow/dags/dag_crawl_search_page.py
[2025-11-22T10:51:01.416+0000] {processor.py:208} INFO - Processing /opt/airflow/dags/dag_crawl_search_page.py took 0.065 seconds
[2025-11-22T10:51:31.846+0000] {processor.py:186} INFO - Started process (PID=586) to work on /opt/airflow/dags/dag_crawl_search_page.py
[2025-11-22T10:51:31.847+0000] {processor.py:914} INFO - Processing file /opt/airflow/dags/dag_crawl_search_page.py for tasks to queue
[2025-11-22T10:51:31.848+0000] {logging_mixin.py:190} INFO - [2025-11-22T10:51:31.848+0000] {dagbag.py:588} INFO - Filling up the DagBag from /opt/airflow/dags/dag_crawl_search_page.py
[2025-11-22T10:51:31.888+0000] {logging_mixin.py:190} INFO - [2025-11-22T10:51:31.886+0000] {dagbag.py:387} ERROR - Failed to import: /opt/airflow/dags/dag_crawl_search_page.py
Traceback (most recent call last):
  File "/home/airflow/.local/lib/python3.12/site-packages/airflow/models/dagbag.py", line 383, in parse
    loader.exec_module(new_module)
  File "<frozen importlib._bootstrap_external>", line 999, in exec_module
  File "<frozen importlib._bootstrap>", line 488, in _call_with_frames_removed
  File "/opt/airflow/dags/dag_crawl_search_page.py", line 6, in <module>
    from job_crawler.beautifulsoup.crawl_search_page import crawl_multiple_keywords
  File "/opt/airflow/dags/job_crawler/beautifulsoup/crawl_search_page.py", line 160
    
    ^
IndentationError: expected an indented block after function definition on line 159
[2025-11-22T10:51:31.890+0000] {processor.py:927} WARNING - No viable dags retrieved from /opt/airflow/dags/dag_crawl_search_page.py
[2025-11-22T10:51:31.905+0000] {processor.py:208} INFO - Processing /opt/airflow/dags/dag_crawl_search_page.py took 0.064 seconds
[2025-11-22T10:52:02.266+0000] {processor.py:186} INFO - Started process (PID=597) to work on /opt/airflow/dags/dag_crawl_search_page.py
[2025-11-22T10:52:02.267+0000] {processor.py:914} INFO - Processing file /opt/airflow/dags/dag_crawl_search_page.py for tasks to queue
[2025-11-22T10:52:02.268+0000] {logging_mixin.py:190} INFO - [2025-11-22T10:52:02.268+0000] {dagbag.py:588} INFO - Filling up the DagBag from /opt/airflow/dags/dag_crawl_search_page.py
[2025-11-22T10:52:02.308+0000] {logging_mixin.py:190} INFO - [2025-11-22T10:52:02.306+0000] {dagbag.py:387} ERROR - Failed to import: /opt/airflow/dags/dag_crawl_search_page.py
Traceback (most recent call last):
  File "/home/airflow/.local/lib/python3.12/site-packages/airflow/models/dagbag.py", line 383, in parse
    loader.exec_module(new_module)
  File "<frozen importlib._bootstrap_external>", line 999, in exec_module
  File "<frozen importlib._bootstrap>", line 488, in _call_with_frames_removed
  File "/opt/airflow/dags/dag_crawl_search_page.py", line 6, in <module>
    from job_crawler.beautifulsoup.crawl_search_page import crawl_multiple_keywords
  File "/opt/airflow/dags/job_crawler/beautifulsoup/crawl_search_page.py", line 160
    
    ^
IndentationError: expected an indented block after function definition on line 159
[2025-11-22T10:52:02.309+0000] {processor.py:927} WARNING - No viable dags retrieved from /opt/airflow/dags/dag_crawl_search_page.py
[2025-11-22T10:52:02.325+0000] {processor.py:208} INFO - Processing /opt/airflow/dags/dag_crawl_search_page.py took 0.065 seconds
[2025-11-22T10:52:32.705+0000] {processor.py:186} INFO - Started process (PID=609) to work on /opt/airflow/dags/dag_crawl_search_page.py
[2025-11-22T10:52:32.706+0000] {processor.py:914} INFO - Processing file /opt/airflow/dags/dag_crawl_search_page.py for tasks to queue
[2025-11-22T10:52:32.707+0000] {logging_mixin.py:190} INFO - [2025-11-22T10:52:32.707+0000] {dagbag.py:588} INFO - Filling up the DagBag from /opt/airflow/dags/dag_crawl_search_page.py
[2025-11-22T10:52:32.745+0000] {logging_mixin.py:190} INFO - [2025-11-22T10:52:32.742+0000] {dagbag.py:387} ERROR - Failed to import: /opt/airflow/dags/dag_crawl_search_page.py
Traceback (most recent call last):
  File "/home/airflow/.local/lib/python3.12/site-packages/airflow/models/dagbag.py", line 383, in parse
    loader.exec_module(new_module)
  File "<frozen importlib._bootstrap_external>", line 999, in exec_module
  File "<frozen importlib._bootstrap>", line 488, in _call_with_frames_removed
  File "/opt/airflow/dags/dag_crawl_search_page.py", line 6, in <module>
    from job_crawler.beautifulsoup.crawl_search_page import crawl_multiple_keywords
  File "/opt/airflow/dags/job_crawler/beautifulsoup/crawl_search_page.py", line 160
    
    ^
IndentationError: expected an indented block after function definition on line 159
[2025-11-22T10:52:32.746+0000] {processor.py:927} WARNING - No viable dags retrieved from /opt/airflow/dags/dag_crawl_search_page.py
[2025-11-22T10:52:32.761+0000] {processor.py:208} INFO - Processing /opt/airflow/dags/dag_crawl_search_page.py took 0.062 seconds
[2025-11-22T10:53:03.144+0000] {processor.py:186} INFO - Started process (PID=620) to work on /opt/airflow/dags/dag_crawl_search_page.py
[2025-11-22T10:53:03.145+0000] {processor.py:914} INFO - Processing file /opt/airflow/dags/dag_crawl_search_page.py for tasks to queue
[2025-11-22T10:53:03.146+0000] {logging_mixin.py:190} INFO - [2025-11-22T10:53:03.146+0000] {dagbag.py:588} INFO - Filling up the DagBag from /opt/airflow/dags/dag_crawl_search_page.py
[2025-11-22T10:53:03.191+0000] {logging_mixin.py:190} INFO - [2025-11-22T10:53:03.188+0000] {dagbag.py:387} ERROR - Failed to import: /opt/airflow/dags/dag_crawl_search_page.py
Traceback (most recent call last):
  File "/home/airflow/.local/lib/python3.12/site-packages/airflow/models/dagbag.py", line 383, in parse
    loader.exec_module(new_module)
  File "<frozen importlib._bootstrap_external>", line 999, in exec_module
  File "<frozen importlib._bootstrap>", line 488, in _call_with_frames_removed
  File "/opt/airflow/dags/dag_crawl_search_page.py", line 6, in <module>
    from job_crawler.beautifulsoup.crawl_search_page import crawl_multiple_keywords
  File "/opt/airflow/dags/job_crawler/beautifulsoup/crawl_search_page.py", line 160
    
    ^
IndentationError: expected an indented block after function definition on line 159
[2025-11-22T10:53:03.192+0000] {processor.py:927} WARNING - No viable dags retrieved from /opt/airflow/dags/dag_crawl_search_page.py
[2025-11-22T10:53:03.208+0000] {processor.py:208} INFO - Processing /opt/airflow/dags/dag_crawl_search_page.py took 0.070 seconds
[2025-11-22T10:53:33.554+0000] {processor.py:186} INFO - Started process (PID=631) to work on /opt/airflow/dags/dag_crawl_search_page.py
[2025-11-22T10:53:33.555+0000] {processor.py:914} INFO - Processing file /opt/airflow/dags/dag_crawl_search_page.py for tasks to queue
[2025-11-22T10:53:33.557+0000] {logging_mixin.py:190} INFO - [2025-11-22T10:53:33.556+0000] {dagbag.py:588} INFO - Filling up the DagBag from /opt/airflow/dags/dag_crawl_search_page.py
[2025-11-22T10:53:33.602+0000] {logging_mixin.py:190} INFO - [2025-11-22T10:53:33.600+0000] {dagbag.py:387} ERROR - Failed to import: /opt/airflow/dags/dag_crawl_search_page.py
Traceback (most recent call last):
  File "/home/airflow/.local/lib/python3.12/site-packages/airflow/models/dagbag.py", line 383, in parse
    loader.exec_module(new_module)
  File "<frozen importlib._bootstrap_external>", line 999, in exec_module
  File "<frozen importlib._bootstrap>", line 488, in _call_with_frames_removed
  File "/opt/airflow/dags/dag_crawl_search_page.py", line 6, in <module>
    from job_crawler.beautifulsoup.crawl_search_page import crawl_multiple_keywords
  File "/opt/airflow/dags/job_crawler/beautifulsoup/crawl_search_page.py", line 160
    
    ^
IndentationError: expected an indented block after function definition on line 159
[2025-11-22T10:53:33.603+0000] {processor.py:927} WARNING - No viable dags retrieved from /opt/airflow/dags/dag_crawl_search_page.py
[2025-11-22T10:53:33.619+0000] {processor.py:208} INFO - Processing /opt/airflow/dags/dag_crawl_search_page.py took 0.071 seconds
[2025-11-22T10:54:04.012+0000] {processor.py:186} INFO - Started process (PID=642) to work on /opt/airflow/dags/dag_crawl_search_page.py
[2025-11-22T10:54:04.013+0000] {processor.py:914} INFO - Processing file /opt/airflow/dags/dag_crawl_search_page.py for tasks to queue
[2025-11-22T10:54:04.015+0000] {logging_mixin.py:190} INFO - [2025-11-22T10:54:04.014+0000] {dagbag.py:588} INFO - Filling up the DagBag from /opt/airflow/dags/dag_crawl_search_page.py
[2025-11-22T10:54:04.054+0000] {logging_mixin.py:190} INFO - [2025-11-22T10:54:04.051+0000] {dagbag.py:387} ERROR - Failed to import: /opt/airflow/dags/dag_crawl_search_page.py
Traceback (most recent call last):
  File "/home/airflow/.local/lib/python3.12/site-packages/airflow/models/dagbag.py", line 383, in parse
    loader.exec_module(new_module)
  File "<frozen importlib._bootstrap_external>", line 999, in exec_module
  File "<frozen importlib._bootstrap>", line 488, in _call_with_frames_removed
  File "/opt/airflow/dags/dag_crawl_search_page.py", line 6, in <module>
    from job_crawler.beautifulsoup.crawl_search_page import crawl_multiple_keywords
  File "/opt/airflow/dags/job_crawler/beautifulsoup/crawl_search_page.py", line 160
    
    ^
IndentationError: expected an indented block after function definition on line 159
[2025-11-22T10:54:04.055+0000] {processor.py:927} WARNING - No viable dags retrieved from /opt/airflow/dags/dag_crawl_search_page.py
[2025-11-22T10:54:04.071+0000] {processor.py:208} INFO - Processing /opt/airflow/dags/dag_crawl_search_page.py took 0.064 seconds
[2025-11-22T10:54:34.447+0000] {processor.py:186} INFO - Started process (PID=653) to work on /opt/airflow/dags/dag_crawl_search_page.py
[2025-11-22T10:54:34.449+0000] {processor.py:914} INFO - Processing file /opt/airflow/dags/dag_crawl_search_page.py for tasks to queue
[2025-11-22T10:54:34.450+0000] {logging_mixin.py:190} INFO - [2025-11-22T10:54:34.449+0000] {dagbag.py:588} INFO - Filling up the DagBag from /opt/airflow/dags/dag_crawl_search_page.py
[2025-11-22T10:54:34.493+0000] {logging_mixin.py:190} INFO - [2025-11-22T10:54:34.490+0000] {dagbag.py:387} ERROR - Failed to import: /opt/airflow/dags/dag_crawl_search_page.py
Traceback (most recent call last):
  File "/home/airflow/.local/lib/python3.12/site-packages/airflow/models/dagbag.py", line 383, in parse
    loader.exec_module(new_module)
  File "<frozen importlib._bootstrap_external>", line 999, in exec_module
  File "<frozen importlib._bootstrap>", line 488, in _call_with_frames_removed
  File "/opt/airflow/dags/dag_crawl_search_page.py", line 6, in <module>
    from job_crawler.beautifulsoup.crawl_search_page import crawl_multiple_keywords
  File "/opt/airflow/dags/job_crawler/beautifulsoup/crawl_search_page.py", line 160
    
    ^
IndentationError: expected an indented block after function definition on line 159
[2025-11-22T10:54:34.494+0000] {processor.py:927} WARNING - No viable dags retrieved from /opt/airflow/dags/dag_crawl_search_page.py
[2025-11-22T10:54:34.509+0000] {processor.py:208} INFO - Processing /opt/airflow/dags/dag_crawl_search_page.py took 0.066 seconds
[2025-11-22T10:55:05.161+0000] {processor.py:186} INFO - Started process (PID=664) to work on /opt/airflow/dags/dag_crawl_search_page.py
[2025-11-22T10:55:05.161+0000] {processor.py:914} INFO - Processing file /opt/airflow/dags/dag_crawl_search_page.py for tasks to queue
[2025-11-22T10:55:05.163+0000] {logging_mixin.py:190} INFO - [2025-11-22T10:55:05.162+0000] {dagbag.py:588} INFO - Filling up the DagBag from /opt/airflow/dags/dag_crawl_search_page.py
[2025-11-22T10:55:05.202+0000] {logging_mixin.py:190} INFO - [2025-11-22T10:55:05.199+0000] {dagbag.py:387} ERROR - Failed to import: /opt/airflow/dags/dag_crawl_search_page.py
Traceback (most recent call last):
  File "/home/airflow/.local/lib/python3.12/site-packages/airflow/models/dagbag.py", line 383, in parse
    loader.exec_module(new_module)
  File "<frozen importlib._bootstrap_external>", line 999, in exec_module
  File "<frozen importlib._bootstrap>", line 488, in _call_with_frames_removed
  File "/opt/airflow/dags/dag_crawl_search_page.py", line 6, in <module>
    from job_crawler.beautifulsoup.crawl_search_page import crawl_multiple_keywords
  File "/opt/airflow/dags/job_crawler/beautifulsoup/crawl_search_page.py", line 160
    
    ^
IndentationError: expected an indented block after function definition on line 159
[2025-11-22T10:55:05.203+0000] {processor.py:927} WARNING - No viable dags retrieved from /opt/airflow/dags/dag_crawl_search_page.py
[2025-11-22T10:55:05.218+0000] {processor.py:208} INFO - Processing /opt/airflow/dags/dag_crawl_search_page.py took 0.062 seconds
[2025-11-22T10:55:35.605+0000] {processor.py:186} INFO - Started process (PID=675) to work on /opt/airflow/dags/dag_crawl_search_page.py
[2025-11-22T10:55:35.606+0000] {processor.py:914} INFO - Processing file /opt/airflow/dags/dag_crawl_search_page.py for tasks to queue
[2025-11-22T10:55:35.608+0000] {logging_mixin.py:190} INFO - [2025-11-22T10:55:35.607+0000] {dagbag.py:588} INFO - Filling up the DagBag from /opt/airflow/dags/dag_crawl_search_page.py
[2025-11-22T10:55:35.647+0000] {logging_mixin.py:190} INFO - [2025-11-22T10:55:35.644+0000] {dagbag.py:387} ERROR - Failed to import: /opt/airflow/dags/dag_crawl_search_page.py
Traceback (most recent call last):
  File "/home/airflow/.local/lib/python3.12/site-packages/airflow/models/dagbag.py", line 383, in parse
    loader.exec_module(new_module)
  File "<frozen importlib._bootstrap_external>", line 999, in exec_module
  File "<frozen importlib._bootstrap>", line 488, in _call_with_frames_removed
  File "/opt/airflow/dags/dag_crawl_search_page.py", line 6, in <module>
    from job_crawler.beautifulsoup.crawl_search_page import crawl_multiple_keywords
  File "/opt/airflow/dags/job_crawler/beautifulsoup/crawl_search_page.py", line 160
    
    ^
IndentationError: expected an indented block after function definition on line 159
[2025-11-22T10:55:35.648+0000] {processor.py:927} WARNING - No viable dags retrieved from /opt/airflow/dags/dag_crawl_search_page.py
[2025-11-22T10:55:35.663+0000] {processor.py:208} INFO - Processing /opt/airflow/dags/dag_crawl_search_page.py took 0.063 seconds
[2025-11-22T10:56:06.044+0000] {processor.py:186} INFO - Started process (PID=686) to work on /opt/airflow/dags/dag_crawl_search_page.py
[2025-11-22T10:56:06.046+0000] {processor.py:914} INFO - Processing file /opt/airflow/dags/dag_crawl_search_page.py for tasks to queue
[2025-11-22T10:56:06.047+0000] {logging_mixin.py:190} INFO - [2025-11-22T10:56:06.046+0000] {dagbag.py:588} INFO - Filling up the DagBag from /opt/airflow/dags/dag_crawl_search_page.py
[2025-11-22T10:56:06.084+0000] {logging_mixin.py:190} INFO - [2025-11-22T10:56:06.081+0000] {dagbag.py:387} ERROR - Failed to import: /opt/airflow/dags/dag_crawl_search_page.py
Traceback (most recent call last):
  File "/home/airflow/.local/lib/python3.12/site-packages/airflow/models/dagbag.py", line 383, in parse
    loader.exec_module(new_module)
  File "<frozen importlib._bootstrap_external>", line 999, in exec_module
  File "<frozen importlib._bootstrap>", line 488, in _call_with_frames_removed
  File "/opt/airflow/dags/dag_crawl_search_page.py", line 6, in <module>
    from job_crawler.beautifulsoup.crawl_search_page import crawl_multiple_keywords
  File "/opt/airflow/dags/job_crawler/beautifulsoup/crawl_search_page.py", line 160
    
    ^
IndentationError: expected an indented block after function definition on line 159
[2025-11-22T10:56:06.086+0000] {processor.py:927} WARNING - No viable dags retrieved from /opt/airflow/dags/dag_crawl_search_page.py
[2025-11-22T10:56:06.101+0000] {processor.py:208} INFO - Processing /opt/airflow/dags/dag_crawl_search_page.py took 0.062 seconds
[2025-11-22T10:56:36.454+0000] {processor.py:186} INFO - Started process (PID=697) to work on /opt/airflow/dags/dag_crawl_search_page.py
[2025-11-22T10:56:36.456+0000] {processor.py:914} INFO - Processing file /opt/airflow/dags/dag_crawl_search_page.py for tasks to queue
[2025-11-22T10:56:36.457+0000] {logging_mixin.py:190} INFO - [2025-11-22T10:56:36.457+0000] {dagbag.py:588} INFO - Filling up the DagBag from /opt/airflow/dags/dag_crawl_search_page.py
[2025-11-22T10:56:36.506+0000] {logging_mixin.py:190} INFO - [2025-11-22T10:56:36.504+0000] {dagbag.py:387} ERROR - Failed to import: /opt/airflow/dags/dag_crawl_search_page.py
Traceback (most recent call last):
  File "/home/airflow/.local/lib/python3.12/site-packages/airflow/models/dagbag.py", line 383, in parse
    loader.exec_module(new_module)
  File "<frozen importlib._bootstrap_external>", line 999, in exec_module
  File "<frozen importlib._bootstrap>", line 488, in _call_with_frames_removed
  File "/opt/airflow/dags/dag_crawl_search_page.py", line 6, in <module>
    from job_crawler.beautifulsoup.crawl_search_page import crawl_multiple_keywords
  File "/opt/airflow/dags/job_crawler/beautifulsoup/crawl_search_page.py", line 160
    
    ^
IndentationError: expected an indented block after function definition on line 159
[2025-11-22T10:56:36.508+0000] {processor.py:927} WARNING - No viable dags retrieved from /opt/airflow/dags/dag_crawl_search_page.py
[2025-11-22T10:56:36.523+0000] {processor.py:208} INFO - Processing /opt/airflow/dags/dag_crawl_search_page.py took 0.074 seconds
[2025-11-22T10:57:06.925+0000] {processor.py:186} INFO - Started process (PID=708) to work on /opt/airflow/dags/dag_crawl_search_page.py
[2025-11-22T10:57:06.926+0000] {processor.py:914} INFO - Processing file /opt/airflow/dags/dag_crawl_search_page.py for tasks to queue
[2025-11-22T10:57:06.927+0000] {logging_mixin.py:190} INFO - [2025-11-22T10:57:06.927+0000] {dagbag.py:588} INFO - Filling up the DagBag from /opt/airflow/dags/dag_crawl_search_page.py
[2025-11-22T10:57:06.965+0000] {logging_mixin.py:190} INFO - [2025-11-22T10:57:06.962+0000] {dagbag.py:387} ERROR - Failed to import: /opt/airflow/dags/dag_crawl_search_page.py
Traceback (most recent call last):
  File "/home/airflow/.local/lib/python3.12/site-packages/airflow/models/dagbag.py", line 383, in parse
    loader.exec_module(new_module)
  File "<frozen importlib._bootstrap_external>", line 999, in exec_module
  File "<frozen importlib._bootstrap>", line 488, in _call_with_frames_removed
  File "/opt/airflow/dags/dag_crawl_search_page.py", line 6, in <module>
    from job_crawler.beautifulsoup.crawl_search_page import crawl_multiple_keywords
  File "/opt/airflow/dags/job_crawler/beautifulsoup/crawl_search_page.py", line 160
    
    ^
IndentationError: expected an indented block after function definition on line 159
[2025-11-22T10:57:06.966+0000] {processor.py:927} WARNING - No viable dags retrieved from /opt/airflow/dags/dag_crawl_search_page.py
[2025-11-22T10:57:06.981+0000] {processor.py:208} INFO - Processing /opt/airflow/dags/dag_crawl_search_page.py took 0.061 seconds
[2025-11-22T10:57:37.346+0000] {processor.py:186} INFO - Started process (PID=719) to work on /opt/airflow/dags/dag_crawl_search_page.py
[2025-11-22T10:57:37.347+0000] {processor.py:914} INFO - Processing file /opt/airflow/dags/dag_crawl_search_page.py for tasks to queue
[2025-11-22T10:57:37.348+0000] {logging_mixin.py:190} INFO - [2025-11-22T10:57:37.348+0000] {dagbag.py:588} INFO - Filling up the DagBag from /opt/airflow/dags/dag_crawl_search_page.py
[2025-11-22T10:57:37.390+0000] {logging_mixin.py:190} INFO - [2025-11-22T10:57:37.388+0000] {dagbag.py:387} ERROR - Failed to import: /opt/airflow/dags/dag_crawl_search_page.py
Traceback (most recent call last):
  File "/home/airflow/.local/lib/python3.12/site-packages/airflow/models/dagbag.py", line 383, in parse
    loader.exec_module(new_module)
  File "<frozen importlib._bootstrap_external>", line 999, in exec_module
  File "<frozen importlib._bootstrap>", line 488, in _call_with_frames_removed
  File "/opt/airflow/dags/dag_crawl_search_page.py", line 6, in <module>
    from job_crawler.beautifulsoup.crawl_search_page import crawl_multiple_keywords
  File "/opt/airflow/dags/job_crawler/beautifulsoup/crawl_search_page.py", line 160
    
    ^
IndentationError: expected an indented block after function definition on line 159
[2025-11-22T10:57:37.391+0000] {processor.py:927} WARNING - No viable dags retrieved from /opt/airflow/dags/dag_crawl_search_page.py
[2025-11-22T10:57:37.408+0000] {processor.py:208} INFO - Processing /opt/airflow/dags/dag_crawl_search_page.py took 0.067 seconds
[2025-11-22T10:58:07.797+0000] {processor.py:186} INFO - Started process (PID=730) to work on /opt/airflow/dags/dag_crawl_search_page.py
[2025-11-22T10:58:07.798+0000] {processor.py:914} INFO - Processing file /opt/airflow/dags/dag_crawl_search_page.py for tasks to queue
[2025-11-22T10:58:07.800+0000] {logging_mixin.py:190} INFO - [2025-11-22T10:58:07.799+0000] {dagbag.py:588} INFO - Filling up the DagBag from /opt/airflow/dags/dag_crawl_search_page.py
[2025-11-22T10:58:07.851+0000] {logging_mixin.py:190} INFO - [2025-11-22T10:58:07.848+0000] {dagbag.py:387} ERROR - Failed to import: /opt/airflow/dags/dag_crawl_search_page.py
Traceback (most recent call last):
  File "/home/airflow/.local/lib/python3.12/site-packages/airflow/models/dagbag.py", line 383, in parse
    loader.exec_module(new_module)
  File "<frozen importlib._bootstrap_external>", line 999, in exec_module
  File "<frozen importlib._bootstrap>", line 488, in _call_with_frames_removed
  File "/opt/airflow/dags/dag_crawl_search_page.py", line 6, in <module>
    from job_crawler.beautifulsoup.crawl_search_page import crawl_multiple_keywords
  File "/opt/airflow/dags/job_crawler/beautifulsoup/crawl_search_page.py", line 160
    
    ^
IndentationError: expected an indented block after function definition on line 159
[2025-11-22T10:58:07.852+0000] {processor.py:927} WARNING - No viable dags retrieved from /opt/airflow/dags/dag_crawl_search_page.py
[2025-11-22T10:58:07.867+0000] {processor.py:208} INFO - Processing /opt/airflow/dags/dag_crawl_search_page.py took 0.075 seconds
[2025-11-22T10:58:38.191+0000] {processor.py:186} INFO - Started process (PID=741) to work on /opt/airflow/dags/dag_crawl_search_page.py
[2025-11-22T10:58:38.192+0000] {processor.py:914} INFO - Processing file /opt/airflow/dags/dag_crawl_search_page.py for tasks to queue
[2025-11-22T10:58:38.194+0000] {logging_mixin.py:190} INFO - [2025-11-22T10:58:38.193+0000] {dagbag.py:588} INFO - Filling up the DagBag from /opt/airflow/dags/dag_crawl_search_page.py
[2025-11-22T10:58:38.233+0000] {logging_mixin.py:190} INFO - [2025-11-22T10:58:38.230+0000] {dagbag.py:387} ERROR - Failed to import: /opt/airflow/dags/dag_crawl_search_page.py
Traceback (most recent call last):
  File "/home/airflow/.local/lib/python3.12/site-packages/airflow/models/dagbag.py", line 383, in parse
    loader.exec_module(new_module)
  File "<frozen importlib._bootstrap_external>", line 999, in exec_module
  File "<frozen importlib._bootstrap>", line 488, in _call_with_frames_removed
  File "/opt/airflow/dags/dag_crawl_search_page.py", line 6, in <module>
    from job_crawler.beautifulsoup.crawl_search_page import crawl_multiple_keywords
  File "/opt/airflow/dags/job_crawler/beautifulsoup/crawl_search_page.py", line 160
    
    ^
IndentationError: expected an indented block after function definition on line 159
[2025-11-22T10:58:38.234+0000] {processor.py:927} WARNING - No viable dags retrieved from /opt/airflow/dags/dag_crawl_search_page.py
[2025-11-22T10:58:38.251+0000] {processor.py:208} INFO - Processing /opt/airflow/dags/dag_crawl_search_page.py took 0.065 seconds
[2025-11-22T10:59:08.606+0000] {processor.py:186} INFO - Started process (PID=752) to work on /opt/airflow/dags/dag_crawl_search_page.py
[2025-11-22T10:59:08.607+0000] {processor.py:914} INFO - Processing file /opt/airflow/dags/dag_crawl_search_page.py for tasks to queue
[2025-11-22T10:59:08.608+0000] {logging_mixin.py:190} INFO - [2025-11-22T10:59:08.608+0000] {dagbag.py:588} INFO - Filling up the DagBag from /opt/airflow/dags/dag_crawl_search_page.py
[2025-11-22T10:59:08.646+0000] {logging_mixin.py:190} INFO - [2025-11-22T10:59:08.643+0000] {dagbag.py:387} ERROR - Failed to import: /opt/airflow/dags/dag_crawl_search_page.py
Traceback (most recent call last):
  File "/home/airflow/.local/lib/python3.12/site-packages/airflow/models/dagbag.py", line 383, in parse
    loader.exec_module(new_module)
  File "<frozen importlib._bootstrap_external>", line 999, in exec_module
  File "<frozen importlib._bootstrap>", line 488, in _call_with_frames_removed
  File "/opt/airflow/dags/dag_crawl_search_page.py", line 6, in <module>
    from job_crawler.beautifulsoup.crawl_search_page import crawl_multiple_keywords
  File "/opt/airflow/dags/job_crawler/beautifulsoup/crawl_search_page.py", line 160
    
    ^
IndentationError: expected an indented block after function definition on line 159
[2025-11-22T10:59:08.647+0000] {processor.py:927} WARNING - No viable dags retrieved from /opt/airflow/dags/dag_crawl_search_page.py
[2025-11-22T10:59:08.662+0000] {processor.py:208} INFO - Processing /opt/airflow/dags/dag_crawl_search_page.py took 0.061 seconds
[2025-11-22T10:59:39.317+0000] {processor.py:186} INFO - Started process (PID=763) to work on /opt/airflow/dags/dag_crawl_search_page.py
[2025-11-22T10:59:39.318+0000] {processor.py:914} INFO - Processing file /opt/airflow/dags/dag_crawl_search_page.py for tasks to queue
[2025-11-22T10:59:39.319+0000] {logging_mixin.py:190} INFO - [2025-11-22T10:59:39.319+0000] {dagbag.py:588} INFO - Filling up the DagBag from /opt/airflow/dags/dag_crawl_search_page.py
[2025-11-22T10:59:39.353+0000] {logging_mixin.py:190} INFO - [2025-11-22T10:59:39.350+0000] {dagbag.py:387} ERROR - Failed to import: /opt/airflow/dags/dag_crawl_search_page.py
Traceback (most recent call last):
  File "/home/airflow/.local/lib/python3.12/site-packages/airflow/models/dagbag.py", line 383, in parse
    loader.exec_module(new_module)
  File "<frozen importlib._bootstrap_external>", line 999, in exec_module
  File "<frozen importlib._bootstrap>", line 488, in _call_with_frames_removed
  File "/opt/airflow/dags/dag_crawl_search_page.py", line 6, in <module>
    from job_crawler.beautifulsoup.crawl_search_page import crawl_multiple_keywords
  File "/opt/airflow/dags/job_crawler/beautifulsoup/crawl_search_page.py", line 160
    
    ^
IndentationError: expected an indented block after function definition on line 159
[2025-11-22T10:59:39.354+0000] {processor.py:927} WARNING - No viable dags retrieved from /opt/airflow/dags/dag_crawl_search_page.py
[2025-11-22T10:59:39.369+0000] {processor.py:208} INFO - Processing /opt/airflow/dags/dag_crawl_search_page.py took 0.058 seconds
[2025-11-22T11:00:09.735+0000] {processor.py:186} INFO - Started process (PID=774) to work on /opt/airflow/dags/dag_crawl_search_page.py
[2025-11-22T11:00:09.736+0000] {processor.py:914} INFO - Processing file /opt/airflow/dags/dag_crawl_search_page.py for tasks to queue
[2025-11-22T11:00:09.737+0000] {logging_mixin.py:190} INFO - [2025-11-22T11:00:09.737+0000] {dagbag.py:588} INFO - Filling up the DagBag from /opt/airflow/dags/dag_crawl_search_page.py
[2025-11-22T11:00:09.786+0000] {logging_mixin.py:190} INFO - [2025-11-22T11:00:09.783+0000] {dagbag.py:387} ERROR - Failed to import: /opt/airflow/dags/dag_crawl_search_page.py
Traceback (most recent call last):
  File "/home/airflow/.local/lib/python3.12/site-packages/airflow/models/dagbag.py", line 383, in parse
    loader.exec_module(new_module)
  File "<frozen importlib._bootstrap_external>", line 999, in exec_module
  File "<frozen importlib._bootstrap>", line 488, in _call_with_frames_removed
  File "/opt/airflow/dags/dag_crawl_search_page.py", line 6, in <module>
    from job_crawler.beautifulsoup.crawl_search_page import crawl_multiple_keywords
  File "/opt/airflow/dags/job_crawler/beautifulsoup/crawl_search_page.py", line 160
    
    ^
IndentationError: expected an indented block after function definition on line 159
[2025-11-22T11:00:09.787+0000] {processor.py:927} WARNING - No viable dags retrieved from /opt/airflow/dags/dag_crawl_search_page.py
[2025-11-22T11:00:09.802+0000] {processor.py:208} INFO - Processing /opt/airflow/dags/dag_crawl_search_page.py took 0.072 seconds
[2025-11-22T11:00:40.157+0000] {processor.py:186} INFO - Started process (PID=791) to work on /opt/airflow/dags/dag_crawl_search_page.py
[2025-11-22T11:00:40.158+0000] {processor.py:914} INFO - Processing file /opt/airflow/dags/dag_crawl_search_page.py for tasks to queue
[2025-11-22T11:00:40.159+0000] {logging_mixin.py:190} INFO - [2025-11-22T11:00:40.159+0000] {dagbag.py:588} INFO - Filling up the DagBag from /opt/airflow/dags/dag_crawl_search_page.py
[2025-11-22T11:00:40.197+0000] {logging_mixin.py:190} INFO - [2025-11-22T11:00:40.194+0000] {dagbag.py:387} ERROR - Failed to import: /opt/airflow/dags/dag_crawl_search_page.py
Traceback (most recent call last):
  File "/home/airflow/.local/lib/python3.12/site-packages/airflow/models/dagbag.py", line 383, in parse
    loader.exec_module(new_module)
  File "<frozen importlib._bootstrap_external>", line 999, in exec_module
  File "<frozen importlib._bootstrap>", line 488, in _call_with_frames_removed
  File "/opt/airflow/dags/dag_crawl_search_page.py", line 6, in <module>
    from job_crawler.beautifulsoup.crawl_search_page import crawl_multiple_keywords
  File "/opt/airflow/dags/job_crawler/beautifulsoup/crawl_search_page.py", line 160
    
    ^
IndentationError: expected an indented block after function definition on line 159
[2025-11-22T11:00:40.198+0000] {processor.py:927} WARNING - No viable dags retrieved from /opt/airflow/dags/dag_crawl_search_page.py
[2025-11-22T11:00:40.214+0000] {processor.py:208} INFO - Processing /opt/airflow/dags/dag_crawl_search_page.py took 0.063 seconds
[2025-11-22T11:01:10.613+0000] {processor.py:186} INFO - Started process (PID=802) to work on /opt/airflow/dags/dag_crawl_search_page.py
[2025-11-22T11:01:10.614+0000] {processor.py:914} INFO - Processing file /opt/airflow/dags/dag_crawl_search_page.py for tasks to queue
[2025-11-22T11:01:10.615+0000] {logging_mixin.py:190} INFO - [2025-11-22T11:01:10.614+0000] {dagbag.py:588} INFO - Filling up the DagBag from /opt/airflow/dags/dag_crawl_search_page.py
[2025-11-22T11:01:10.653+0000] {logging_mixin.py:190} INFO - [2025-11-22T11:01:10.650+0000] {dagbag.py:387} ERROR - Failed to import: /opt/airflow/dags/dag_crawl_search_page.py
Traceback (most recent call last):
  File "/home/airflow/.local/lib/python3.12/site-packages/airflow/models/dagbag.py", line 383, in parse
    loader.exec_module(new_module)
  File "<frozen importlib._bootstrap_external>", line 999, in exec_module
  File "<frozen importlib._bootstrap>", line 488, in _call_with_frames_removed
  File "/opt/airflow/dags/dag_crawl_search_page.py", line 6, in <module>
    from job_crawler.beautifulsoup.crawl_search_page import crawl_multiple_keywords
  File "/opt/airflow/dags/job_crawler/beautifulsoup/crawl_search_page.py", line 160
    
    ^
IndentationError: expected an indented block after function definition on line 159
[2025-11-22T11:01:10.654+0000] {processor.py:927} WARNING - No viable dags retrieved from /opt/airflow/dags/dag_crawl_search_page.py
[2025-11-22T11:01:10.670+0000] {processor.py:208} INFO - Processing /opt/airflow/dags/dag_crawl_search_page.py took 0.063 seconds
[2025-11-22T11:01:41.046+0000] {processor.py:186} INFO - Started process (PID=813) to work on /opt/airflow/dags/dag_crawl_search_page.py
[2025-11-22T11:01:41.047+0000] {processor.py:914} INFO - Processing file /opt/airflow/dags/dag_crawl_search_page.py for tasks to queue
[2025-11-22T11:01:41.048+0000] {logging_mixin.py:190} INFO - [2025-11-22T11:01:41.048+0000] {dagbag.py:588} INFO - Filling up the DagBag from /opt/airflow/dags/dag_crawl_search_page.py
[2025-11-22T11:01:41.094+0000] {logging_mixin.py:190} INFO - [2025-11-22T11:01:41.091+0000] {dagbag.py:387} ERROR - Failed to import: /opt/airflow/dags/dag_crawl_search_page.py
Traceback (most recent call last):
  File "/home/airflow/.local/lib/python3.12/site-packages/airflow/models/dagbag.py", line 383, in parse
    loader.exec_module(new_module)
  File "<frozen importlib._bootstrap_external>", line 999, in exec_module
  File "<frozen importlib._bootstrap>", line 488, in _call_with_frames_removed
  File "/opt/airflow/dags/dag_crawl_search_page.py", line 6, in <module>
    from job_crawler.beautifulsoup.crawl_search_page import crawl_multiple_keywords
  File "/opt/airflow/dags/job_crawler/beautifulsoup/crawl_search_page.py", line 160
    
    ^
IndentationError: expected an indented block after function definition on line 159
[2025-11-22T11:01:41.095+0000] {processor.py:927} WARNING - No viable dags retrieved from /opt/airflow/dags/dag_crawl_search_page.py
[2025-11-22T11:01:41.110+0000] {processor.py:208} INFO - Processing /opt/airflow/dags/dag_crawl_search_page.py took 0.070 seconds
[2025-11-22T11:02:11.481+0000] {processor.py:186} INFO - Started process (PID=824) to work on /opt/airflow/dags/dag_crawl_search_page.py
[2025-11-22T11:02:11.482+0000] {processor.py:914} INFO - Processing file /opt/airflow/dags/dag_crawl_search_page.py for tasks to queue
[2025-11-22T11:02:11.485+0000] {logging_mixin.py:190} INFO - [2025-11-22T11:02:11.485+0000] {dagbag.py:588} INFO - Filling up the DagBag from /opt/airflow/dags/dag_crawl_search_page.py
[2025-11-22T11:02:11.569+0000] {logging_mixin.py:190} INFO - [2025-11-22T11:02:11.564+0000] {dagbag.py:387} ERROR - Failed to import: /opt/airflow/dags/dag_crawl_search_page.py
Traceback (most recent call last):
  File "/home/airflow/.local/lib/python3.12/site-packages/airflow/models/dagbag.py", line 383, in parse
    loader.exec_module(new_module)
  File "<frozen importlib._bootstrap_external>", line 999, in exec_module
  File "<frozen importlib._bootstrap>", line 488, in _call_with_frames_removed
  File "/opt/airflow/dags/dag_crawl_search_page.py", line 6, in <module>
    from job_crawler.beautifulsoup.crawl_search_page import crawl_multiple_keywords
  File "/opt/airflow/dags/job_crawler/beautifulsoup/crawl_search_page.py", line 160
    
    ^
IndentationError: expected an indented block after function definition on line 159
[2025-11-22T11:02:11.571+0000] {processor.py:927} WARNING - No viable dags retrieved from /opt/airflow/dags/dag_crawl_search_page.py
[2025-11-22T11:02:11.596+0000] {processor.py:208} INFO - Processing /opt/airflow/dags/dag_crawl_search_page.py took 0.126 seconds
[2025-11-22T11:02:41.857+0000] {processor.py:186} INFO - Started process (PID=835) to work on /opt/airflow/dags/dag_crawl_search_page.py
[2025-11-22T11:02:41.858+0000] {processor.py:914} INFO - Processing file /opt/airflow/dags/dag_crawl_search_page.py for tasks to queue
[2025-11-22T11:02:41.860+0000] {logging_mixin.py:190} INFO - [2025-11-22T11:02:41.859+0000] {dagbag.py:588} INFO - Filling up the DagBag from /opt/airflow/dags/dag_crawl_search_page.py
[2025-11-22T11:02:41.906+0000] {logging_mixin.py:190} INFO - [2025-11-22T11:02:41.903+0000] {dagbag.py:387} ERROR - Failed to import: /opt/airflow/dags/dag_crawl_search_page.py
Traceback (most recent call last):
  File "/home/airflow/.local/lib/python3.12/site-packages/airflow/models/dagbag.py", line 383, in parse
    loader.exec_module(new_module)
  File "<frozen importlib._bootstrap_external>", line 999, in exec_module
  File "<frozen importlib._bootstrap>", line 488, in _call_with_frames_removed
  File "/opt/airflow/dags/dag_crawl_search_page.py", line 6, in <module>
    from job_crawler.beautifulsoup.crawl_search_page import crawl_multiple_keywords
  File "/opt/airflow/dags/job_crawler/beautifulsoup/crawl_search_page.py", line 160
    
    ^
IndentationError: expected an indented block after function definition on line 159
[2025-11-22T11:02:41.908+0000] {processor.py:927} WARNING - No viable dags retrieved from /opt/airflow/dags/dag_crawl_search_page.py
[2025-11-22T11:02:41.926+0000] {processor.py:208} INFO - Processing /opt/airflow/dags/dag_crawl_search_page.py took 0.074 seconds
[2025-11-22T11:03:12.282+0000] {processor.py:186} INFO - Started process (PID=846) to work on /opt/airflow/dags/dag_crawl_search_page.py
[2025-11-22T11:03:12.283+0000] {processor.py:914} INFO - Processing file /opt/airflow/dags/dag_crawl_search_page.py for tasks to queue
[2025-11-22T11:03:12.284+0000] {logging_mixin.py:190} INFO - [2025-11-22T11:03:12.284+0000] {dagbag.py:588} INFO - Filling up the DagBag from /opt/airflow/dags/dag_crawl_search_page.py
[2025-11-22T11:03:12.321+0000] {logging_mixin.py:190} INFO - [2025-11-22T11:03:12.319+0000] {dagbag.py:387} ERROR - Failed to import: /opt/airflow/dags/dag_crawl_search_page.py
Traceback (most recent call last):
  File "/home/airflow/.local/lib/python3.12/site-packages/airflow/models/dagbag.py", line 383, in parse
    loader.exec_module(new_module)
  File "<frozen importlib._bootstrap_external>", line 999, in exec_module
  File "<frozen importlib._bootstrap>", line 488, in _call_with_frames_removed
  File "/opt/airflow/dags/dag_crawl_search_page.py", line 6, in <module>
    from job_crawler.beautifulsoup.crawl_search_page import crawl_multiple_keywords
  File "/opt/airflow/dags/job_crawler/beautifulsoup/crawl_search_page.py", line 160
    
    ^
IndentationError: expected an indented block after function definition on line 159
[2025-11-22T11:03:12.323+0000] {processor.py:927} WARNING - No viable dags retrieved from /opt/airflow/dags/dag_crawl_search_page.py
[2025-11-22T11:03:12.337+0000] {processor.py:208} INFO - Processing /opt/airflow/dags/dag_crawl_search_page.py took 0.061 seconds
[2025-11-22T11:03:42.713+0000] {processor.py:186} INFO - Started process (PID=857) to work on /opt/airflow/dags/dag_crawl_search_page.py
[2025-11-22T11:03:42.714+0000] {processor.py:914} INFO - Processing file /opt/airflow/dags/dag_crawl_search_page.py for tasks to queue
[2025-11-22T11:03:42.716+0000] {logging_mixin.py:190} INFO - [2025-11-22T11:03:42.715+0000] {dagbag.py:588} INFO - Filling up the DagBag from /opt/airflow/dags/dag_crawl_search_page.py
[2025-11-22T11:03:42.763+0000] {logging_mixin.py:190} INFO - [2025-11-22T11:03:42.760+0000] {dagbag.py:387} ERROR - Failed to import: /opt/airflow/dags/dag_crawl_search_page.py
Traceback (most recent call last):
  File "/home/airflow/.local/lib/python3.12/site-packages/airflow/models/dagbag.py", line 383, in parse
    loader.exec_module(new_module)
  File "<frozen importlib._bootstrap_external>", line 999, in exec_module
  File "<frozen importlib._bootstrap>", line 488, in _call_with_frames_removed
  File "/opt/airflow/dags/dag_crawl_search_page.py", line 6, in <module>
    from job_crawler.beautifulsoup.crawl_search_page import crawl_multiple_keywords
  File "/opt/airflow/dags/job_crawler/beautifulsoup/crawl_search_page.py", line 160
    
    ^
IndentationError: expected an indented block after function definition on line 159
[2025-11-22T11:03:42.764+0000] {processor.py:927} WARNING - No viable dags retrieved from /opt/airflow/dags/dag_crawl_search_page.py
[2025-11-22T11:03:42.781+0000] {processor.py:208} INFO - Processing /opt/airflow/dags/dag_crawl_search_page.py took 0.074 seconds
[2025-11-22T11:04:13.164+0000] {processor.py:186} INFO - Started process (PID=868) to work on /opt/airflow/dags/dag_crawl_search_page.py
[2025-11-22T11:04:13.165+0000] {processor.py:914} INFO - Processing file /opt/airflow/dags/dag_crawl_search_page.py for tasks to queue
[2025-11-22T11:04:13.166+0000] {logging_mixin.py:190} INFO - [2025-11-22T11:04:13.166+0000] {dagbag.py:588} INFO - Filling up the DagBag from /opt/airflow/dags/dag_crawl_search_page.py
[2025-11-22T11:04:13.206+0000] {logging_mixin.py:190} INFO - [2025-11-22T11:04:13.204+0000] {dagbag.py:387} ERROR - Failed to import: /opt/airflow/dags/dag_crawl_search_page.py
Traceback (most recent call last):
  File "/home/airflow/.local/lib/python3.12/site-packages/airflow/models/dagbag.py", line 383, in parse
    loader.exec_module(new_module)
  File "<frozen importlib._bootstrap_external>", line 999, in exec_module
  File "<frozen importlib._bootstrap>", line 488, in _call_with_frames_removed
  File "/opt/airflow/dags/dag_crawl_search_page.py", line 6, in <module>
    from job_crawler.beautifulsoup.crawl_search_page import crawl_multiple_keywords
  File "/opt/airflow/dags/job_crawler/beautifulsoup/crawl_search_page.py", line 160
    
    ^
IndentationError: expected an indented block after function definition on line 159
[2025-11-22T11:04:13.207+0000] {processor.py:927} WARNING - No viable dags retrieved from /opt/airflow/dags/dag_crawl_search_page.py
[2025-11-22T11:04:13.223+0000] {processor.py:208} INFO - Processing /opt/airflow/dags/dag_crawl_search_page.py took 0.064 seconds
[2025-11-22T11:04:44.025+0000] {processor.py:186} INFO - Started process (PID=879) to work on /opt/airflow/dags/dag_crawl_search_page.py
[2025-11-22T11:04:44.026+0000] {processor.py:914} INFO - Processing file /opt/airflow/dags/dag_crawl_search_page.py for tasks to queue
[2025-11-22T11:04:44.027+0000] {logging_mixin.py:190} INFO - [2025-11-22T11:04:44.027+0000] {dagbag.py:588} INFO - Filling up the DagBag from /opt/airflow/dags/dag_crawl_search_page.py
[2025-11-22T11:04:44.076+0000] {logging_mixin.py:190} INFO - [2025-11-22T11:04:44.073+0000] {dagbag.py:387} ERROR - Failed to import: /opt/airflow/dags/dag_crawl_search_page.py
Traceback (most recent call last):
  File "/home/airflow/.local/lib/python3.12/site-packages/airflow/models/dagbag.py", line 383, in parse
    loader.exec_module(new_module)
  File "<frozen importlib._bootstrap_external>", line 999, in exec_module
  File "<frozen importlib._bootstrap>", line 488, in _call_with_frames_removed
  File "/opt/airflow/dags/dag_crawl_search_page.py", line 6, in <module>
    from job_crawler.beautifulsoup.crawl_search_page import crawl_multiple_keywords
  File "/opt/airflow/dags/job_crawler/beautifulsoup/crawl_search_page.py", line 160
    
    ^
IndentationError: expected an indented block after function definition on line 159
[2025-11-22T11:04:44.078+0000] {processor.py:927} WARNING - No viable dags retrieved from /opt/airflow/dags/dag_crawl_search_page.py
[2025-11-22T11:04:44.098+0000] {processor.py:208} INFO - Processing /opt/airflow/dags/dag_crawl_search_page.py took 0.080 seconds
[2025-11-22T11:05:14.460+0000] {processor.py:186} INFO - Started process (PID=890) to work on /opt/airflow/dags/dag_crawl_search_page.py
[2025-11-22T11:05:14.462+0000] {processor.py:914} INFO - Processing file /opt/airflow/dags/dag_crawl_search_page.py for tasks to queue
[2025-11-22T11:05:14.464+0000] {logging_mixin.py:190} INFO - [2025-11-22T11:05:14.463+0000] {dagbag.py:588} INFO - Filling up the DagBag from /opt/airflow/dags/dag_crawl_search_page.py
[2025-11-22T11:05:14.521+0000] {logging_mixin.py:190} INFO - [2025-11-22T11:05:14.517+0000] {dagbag.py:387} ERROR - Failed to import: /opt/airflow/dags/dag_crawl_search_page.py
Traceback (most recent call last):
  File "/home/airflow/.local/lib/python3.12/site-packages/airflow/models/dagbag.py", line 383, in parse
    loader.exec_module(new_module)
  File "<frozen importlib._bootstrap_external>", line 999, in exec_module
  File "<frozen importlib._bootstrap>", line 488, in _call_with_frames_removed
  File "/opt/airflow/dags/dag_crawl_search_page.py", line 6, in <module>
    from job_crawler.beautifulsoup.crawl_search_page import crawl_multiple_keywords
  File "/opt/airflow/dags/job_crawler/beautifulsoup/crawl_search_page.py", line 160
    
    ^
IndentationError: expected an indented block after function definition on line 159
[2025-11-22T11:05:14.522+0000] {processor.py:927} WARNING - No viable dags retrieved from /opt/airflow/dags/dag_crawl_search_page.py
[2025-11-22T11:05:14.539+0000] {processor.py:208} INFO - Processing /opt/airflow/dags/dag_crawl_search_page.py took 0.087 seconds
[2025-11-22T11:05:44.877+0000] {processor.py:186} INFO - Started process (PID=901) to work on /opt/airflow/dags/dag_crawl_search_page.py
[2025-11-22T11:05:44.878+0000] {processor.py:914} INFO - Processing file /opt/airflow/dags/dag_crawl_search_page.py for tasks to queue
[2025-11-22T11:05:44.879+0000] {logging_mixin.py:190} INFO - [2025-11-22T11:05:44.879+0000] {dagbag.py:588} INFO - Filling up the DagBag from /opt/airflow/dags/dag_crawl_search_page.py
[2025-11-22T11:05:44.931+0000] {logging_mixin.py:190} INFO - [2025-11-22T11:05:44.928+0000] {dagbag.py:387} ERROR - Failed to import: /opt/airflow/dags/dag_crawl_search_page.py
Traceback (most recent call last):
  File "/home/airflow/.local/lib/python3.12/site-packages/airflow/models/dagbag.py", line 383, in parse
    loader.exec_module(new_module)
  File "<frozen importlib._bootstrap_external>", line 999, in exec_module
  File "<frozen importlib._bootstrap>", line 488, in _call_with_frames_removed
  File "/opt/airflow/dags/dag_crawl_search_page.py", line 6, in <module>
    from job_crawler.beautifulsoup.crawl_search_page import crawl_multiple_keywords
  File "/opt/airflow/dags/job_crawler/beautifulsoup/crawl_search_page.py", line 160
    
    ^
IndentationError: expected an indented block after function definition on line 159
[2025-11-22T11:05:44.932+0000] {processor.py:927} WARNING - No viable dags retrieved from /opt/airflow/dags/dag_crawl_search_page.py
[2025-11-22T11:05:44.951+0000] {processor.py:208} INFO - Processing /opt/airflow/dags/dag_crawl_search_page.py took 0.080 seconds
[2025-11-22T11:06:15.287+0000] {processor.py:186} INFO - Started process (PID=912) to work on /opt/airflow/dags/dag_crawl_search_page.py
[2025-11-22T11:06:15.288+0000] {processor.py:914} INFO - Processing file /opt/airflow/dags/dag_crawl_search_page.py for tasks to queue
[2025-11-22T11:06:15.290+0000] {logging_mixin.py:190} INFO - [2025-11-22T11:06:15.289+0000] {dagbag.py:588} INFO - Filling up the DagBag from /opt/airflow/dags/dag_crawl_search_page.py
[2025-11-22T11:06:15.330+0000] {logging_mixin.py:190} INFO - [2025-11-22T11:06:15.327+0000] {dagbag.py:387} ERROR - Failed to import: /opt/airflow/dags/dag_crawl_search_page.py
Traceback (most recent call last):
  File "/home/airflow/.local/lib/python3.12/site-packages/airflow/models/dagbag.py", line 383, in parse
    loader.exec_module(new_module)
  File "<frozen importlib._bootstrap_external>", line 999, in exec_module
  File "<frozen importlib._bootstrap>", line 488, in _call_with_frames_removed
  File "/opt/airflow/dags/dag_crawl_search_page.py", line 6, in <module>
    from job_crawler.beautifulsoup.crawl_search_page import crawl_multiple_keywords
  File "/opt/airflow/dags/job_crawler/beautifulsoup/crawl_search_page.py", line 160
    
    ^
IndentationError: expected an indented block after function definition on line 159
[2025-11-22T11:06:15.331+0000] {processor.py:927} WARNING - No viable dags retrieved from /opt/airflow/dags/dag_crawl_search_page.py
[2025-11-22T11:06:15.346+0000] {processor.py:208} INFO - Processing /opt/airflow/dags/dag_crawl_search_page.py took 0.064 seconds
[2025-11-22T11:06:45.725+0000] {processor.py:186} INFO - Started process (PID=923) to work on /opt/airflow/dags/dag_crawl_search_page.py
[2025-11-22T11:06:45.726+0000] {processor.py:914} INFO - Processing file /opt/airflow/dags/dag_crawl_search_page.py for tasks to queue
[2025-11-22T11:06:45.727+0000] {logging_mixin.py:190} INFO - [2025-11-22T11:06:45.727+0000] {dagbag.py:588} INFO - Filling up the DagBag from /opt/airflow/dags/dag_crawl_search_page.py
[2025-11-22T11:06:45.778+0000] {logging_mixin.py:190} INFO - [2025-11-22T11:06:45.775+0000] {dagbag.py:387} ERROR - Failed to import: /opt/airflow/dags/dag_crawl_search_page.py
Traceback (most recent call last):
  File "/home/airflow/.local/lib/python3.12/site-packages/airflow/models/dagbag.py", line 383, in parse
    loader.exec_module(new_module)
  File "<frozen importlib._bootstrap_external>", line 999, in exec_module
  File "<frozen importlib._bootstrap>", line 488, in _call_with_frames_removed
  File "/opt/airflow/dags/dag_crawl_search_page.py", line 6, in <module>
    from job_crawler.beautifulsoup.crawl_search_page import crawl_multiple_keywords
  File "/opt/airflow/dags/job_crawler/beautifulsoup/crawl_search_page.py", line 160
    
    ^
IndentationError: expected an indented block after function definition on line 159
[2025-11-22T11:06:45.780+0000] {processor.py:927} WARNING - No viable dags retrieved from /opt/airflow/dags/dag_crawl_search_page.py
[2025-11-22T11:06:45.796+0000] {processor.py:208} INFO - Processing /opt/airflow/dags/dag_crawl_search_page.py took 0.077 seconds
[2025-11-22T11:07:16.141+0000] {processor.py:186} INFO - Started process (PID=934) to work on /opt/airflow/dags/dag_crawl_search_page.py
[2025-11-22T11:07:16.142+0000] {processor.py:914} INFO - Processing file /opt/airflow/dags/dag_crawl_search_page.py for tasks to queue
[2025-11-22T11:07:16.144+0000] {logging_mixin.py:190} INFO - [2025-11-22T11:07:16.144+0000] {dagbag.py:588} INFO - Filling up the DagBag from /opt/airflow/dags/dag_crawl_search_page.py
[2025-11-22T11:07:16.194+0000] {logging_mixin.py:190} INFO - [2025-11-22T11:07:16.191+0000] {dagbag.py:387} ERROR - Failed to import: /opt/airflow/dags/dag_crawl_search_page.py
Traceback (most recent call last):
  File "/home/airflow/.local/lib/python3.12/site-packages/airflow/models/dagbag.py", line 383, in parse
    loader.exec_module(new_module)
  File "<frozen importlib._bootstrap_external>", line 999, in exec_module
  File "<frozen importlib._bootstrap>", line 488, in _call_with_frames_removed
  File "/opt/airflow/dags/dag_crawl_search_page.py", line 6, in <module>
    from job_crawler.beautifulsoup.crawl_search_page import crawl_multiple_keywords
  File "/opt/airflow/dags/job_crawler/beautifulsoup/crawl_search_page.py", line 160
    
    ^
IndentationError: expected an indented block after function definition on line 159
[2025-11-22T11:07:16.195+0000] {processor.py:927} WARNING - No viable dags retrieved from /opt/airflow/dags/dag_crawl_search_page.py
[2025-11-22T11:07:16.211+0000] {processor.py:208} INFO - Processing /opt/airflow/dags/dag_crawl_search_page.py took 0.076 seconds
[2025-11-22T11:07:46.606+0000] {processor.py:186} INFO - Started process (PID=945) to work on /opt/airflow/dags/dag_crawl_search_page.py
[2025-11-22T11:07:46.607+0000] {processor.py:914} INFO - Processing file /opt/airflow/dags/dag_crawl_search_page.py for tasks to queue
[2025-11-22T11:07:46.609+0000] {logging_mixin.py:190} INFO - [2025-11-22T11:07:46.608+0000] {dagbag.py:588} INFO - Filling up the DagBag from /opt/airflow/dags/dag_crawl_search_page.py
[2025-11-22T11:07:46.659+0000] {logging_mixin.py:190} INFO - [2025-11-22T11:07:46.656+0000] {dagbag.py:387} ERROR - Failed to import: /opt/airflow/dags/dag_crawl_search_page.py
Traceback (most recent call last):
  File "/home/airflow/.local/lib/python3.12/site-packages/airflow/models/dagbag.py", line 383, in parse
    loader.exec_module(new_module)
  File "<frozen importlib._bootstrap_external>", line 999, in exec_module
  File "<frozen importlib._bootstrap>", line 488, in _call_with_frames_removed
  File "/opt/airflow/dags/dag_crawl_search_page.py", line 6, in <module>
    from job_crawler.beautifulsoup.crawl_search_page import crawl_multiple_keywords
  File "/opt/airflow/dags/job_crawler/beautifulsoup/crawl_search_page.py", line 160
    
    ^
IndentationError: expected an indented block after function definition on line 159
[2025-11-22T11:07:46.660+0000] {processor.py:927} WARNING - No viable dags retrieved from /opt/airflow/dags/dag_crawl_search_page.py
[2025-11-22T11:07:46.676+0000] {processor.py:208} INFO - Processing /opt/airflow/dags/dag_crawl_search_page.py took 0.076 seconds
[2025-11-22T11:08:17.035+0000] {processor.py:186} INFO - Started process (PID=956) to work on /opt/airflow/dags/dag_crawl_search_page.py
[2025-11-22T11:08:17.036+0000] {processor.py:914} INFO - Processing file /opt/airflow/dags/dag_crawl_search_page.py for tasks to queue
[2025-11-22T11:08:17.038+0000] {logging_mixin.py:190} INFO - [2025-11-22T11:08:17.038+0000] {dagbag.py:588} INFO - Filling up the DagBag from /opt/airflow/dags/dag_crawl_search_page.py
[2025-11-22T11:08:17.084+0000] {logging_mixin.py:190} INFO - [2025-11-22T11:08:17.082+0000] {dagbag.py:387} ERROR - Failed to import: /opt/airflow/dags/dag_crawl_search_page.py
Traceback (most recent call last):
  File "/home/airflow/.local/lib/python3.12/site-packages/airflow/models/dagbag.py", line 383, in parse
    loader.exec_module(new_module)
  File "<frozen importlib._bootstrap_external>", line 999, in exec_module
  File "<frozen importlib._bootstrap>", line 488, in _call_with_frames_removed
  File "/opt/airflow/dags/dag_crawl_search_page.py", line 6, in <module>
    from job_crawler.beautifulsoup.crawl_search_page import crawl_multiple_keywords
  File "/opt/airflow/dags/job_crawler/beautifulsoup/crawl_search_page.py", line 160
    
    ^
IndentationError: expected an indented block after function definition on line 159
[2025-11-22T11:08:17.085+0000] {processor.py:927} WARNING - No viable dags retrieved from /opt/airflow/dags/dag_crawl_search_page.py
[2025-11-22T11:08:17.102+0000] {processor.py:208} INFO - Processing /opt/airflow/dags/dag_crawl_search_page.py took 0.076 seconds
[2025-11-22T11:08:47.482+0000] {processor.py:186} INFO - Started process (PID=967) to work on /opt/airflow/dags/dag_crawl_search_page.py
[2025-11-22T11:08:47.483+0000] {processor.py:914} INFO - Processing file /opt/airflow/dags/dag_crawl_search_page.py for tasks to queue
[2025-11-22T11:08:47.484+0000] {logging_mixin.py:190} INFO - [2025-11-22T11:08:47.484+0000] {dagbag.py:588} INFO - Filling up the DagBag from /opt/airflow/dags/dag_crawl_search_page.py
[2025-11-22T11:08:47.543+0000] {logging_mixin.py:190} INFO - [2025-11-22T11:08:47.540+0000] {dagbag.py:387} ERROR - Failed to import: /opt/airflow/dags/dag_crawl_search_page.py
Traceback (most recent call last):
  File "/home/airflow/.local/lib/python3.12/site-packages/airflow/models/dagbag.py", line 383, in parse
    loader.exec_module(new_module)
  File "<frozen importlib._bootstrap_external>", line 999, in exec_module
  File "<frozen importlib._bootstrap>", line 488, in _call_with_frames_removed
  File "/opt/airflow/dags/dag_crawl_search_page.py", line 6, in <module>
    from job_crawler.beautifulsoup.crawl_search_page import crawl_multiple_keywords
  File "/opt/airflow/dags/job_crawler/beautifulsoup/crawl_search_page.py", line 160
    
    ^
IndentationError: expected an indented block after function definition on line 159
[2025-11-22T11:08:47.544+0000] {processor.py:927} WARNING - No viable dags retrieved from /opt/airflow/dags/dag_crawl_search_page.py
[2025-11-22T11:08:47.562+0000] {processor.py:208} INFO - Processing /opt/airflow/dags/dag_crawl_search_page.py took 0.085 seconds
[2025-11-22T11:09:17.968+0000] {processor.py:186} INFO - Started process (PID=978) to work on /opt/airflow/dags/dag_crawl_search_page.py
[2025-11-22T11:09:17.969+0000] {processor.py:914} INFO - Processing file /opt/airflow/dags/dag_crawl_search_page.py for tasks to queue
[2025-11-22T11:09:17.970+0000] {logging_mixin.py:190} INFO - [2025-11-22T11:09:17.970+0000] {dagbag.py:588} INFO - Filling up the DagBag from /opt/airflow/dags/dag_crawl_search_page.py
[2025-11-22T11:09:18.016+0000] {logging_mixin.py:190} INFO - [2025-11-22T11:09:18.013+0000] {dagbag.py:387} ERROR - Failed to import: /opt/airflow/dags/dag_crawl_search_page.py
Traceback (most recent call last):
  File "/home/airflow/.local/lib/python3.12/site-packages/airflow/models/dagbag.py", line 383, in parse
    loader.exec_module(new_module)
  File "<frozen importlib._bootstrap_external>", line 999, in exec_module
  File "<frozen importlib._bootstrap>", line 488, in _call_with_frames_removed
  File "/opt/airflow/dags/dag_crawl_search_page.py", line 6, in <module>
    from job_crawler.beautifulsoup.crawl_search_page import crawl_multiple_keywords
  File "/opt/airflow/dags/job_crawler/beautifulsoup/crawl_search_page.py", line 160
    
    ^
IndentationError: expected an indented block after function definition on line 159
[2025-11-22T11:09:18.017+0000] {processor.py:927} WARNING - No viable dags retrieved from /opt/airflow/dags/dag_crawl_search_page.py
[2025-11-22T11:09:18.032+0000] {processor.py:208} INFO - Processing /opt/airflow/dags/dag_crawl_search_page.py took 0.070 seconds
[2025-11-22T11:09:48.717+0000] {processor.py:186} INFO - Started process (PID=989) to work on /opt/airflow/dags/dag_crawl_search_page.py
[2025-11-22T11:09:48.718+0000] {processor.py:914} INFO - Processing file /opt/airflow/dags/dag_crawl_search_page.py for tasks to queue
[2025-11-22T11:09:48.720+0000] {logging_mixin.py:190} INFO - [2025-11-22T11:09:48.719+0000] {dagbag.py:588} INFO - Filling up the DagBag from /opt/airflow/dags/dag_crawl_search_page.py
[2025-11-22T11:09:48.769+0000] {logging_mixin.py:190} INFO - [2025-11-22T11:09:48.766+0000] {dagbag.py:387} ERROR - Failed to import: /opt/airflow/dags/dag_crawl_search_page.py
Traceback (most recent call last):
  File "/home/airflow/.local/lib/python3.12/site-packages/airflow/models/dagbag.py", line 383, in parse
    loader.exec_module(new_module)
  File "<frozen importlib._bootstrap_external>", line 999, in exec_module
  File "<frozen importlib._bootstrap>", line 488, in _call_with_frames_removed
  File "/opt/airflow/dags/dag_crawl_search_page.py", line 6, in <module>
    from job_crawler.beautifulsoup.crawl_search_page import crawl_multiple_keywords
  File "/opt/airflow/dags/job_crawler/beautifulsoup/crawl_search_page.py", line 160
    
    ^
IndentationError: expected an indented block after function definition on line 159
[2025-11-22T11:09:48.771+0000] {processor.py:927} WARNING - No viable dags retrieved from /opt/airflow/dags/dag_crawl_search_page.py
[2025-11-22T11:09:48.790+0000] {processor.py:208} INFO - Processing /opt/airflow/dags/dag_crawl_search_page.py took 0.078 seconds
[2025-11-22T11:10:19.142+0000] {processor.py:186} INFO - Started process (PID=1000) to work on /opt/airflow/dags/dag_crawl_search_page.py
[2025-11-22T11:10:19.143+0000] {processor.py:914} INFO - Processing file /opt/airflow/dags/dag_crawl_search_page.py for tasks to queue
[2025-11-22T11:10:19.145+0000] {logging_mixin.py:190} INFO - [2025-11-22T11:10:19.145+0000] {dagbag.py:588} INFO - Filling up the DagBag from /opt/airflow/dags/dag_crawl_search_page.py
[2025-11-22T11:10:19.199+0000] {logging_mixin.py:190} INFO - [2025-11-22T11:10:19.196+0000] {dagbag.py:387} ERROR - Failed to import: /opt/airflow/dags/dag_crawl_search_page.py
Traceback (most recent call last):
  File "/home/airflow/.local/lib/python3.12/site-packages/airflow/models/dagbag.py", line 383, in parse
    loader.exec_module(new_module)
  File "<frozen importlib._bootstrap_external>", line 999, in exec_module
  File "<frozen importlib._bootstrap>", line 488, in _call_with_frames_removed
  File "/opt/airflow/dags/dag_crawl_search_page.py", line 6, in <module>
    from job_crawler.beautifulsoup.crawl_search_page import crawl_multiple_keywords
  File "/opt/airflow/dags/job_crawler/beautifulsoup/crawl_search_page.py", line 160
    
    ^
IndentationError: expected an indented block after function definition on line 159
[2025-11-22T11:10:19.200+0000] {processor.py:927} WARNING - No viable dags retrieved from /opt/airflow/dags/dag_crawl_search_page.py
[2025-11-22T11:10:19.216+0000] {processor.py:208} INFO - Processing /opt/airflow/dags/dag_crawl_search_page.py took 0.079 seconds
[2025-11-22T11:10:49.542+0000] {processor.py:186} INFO - Started process (PID=1011) to work on /opt/airflow/dags/dag_crawl_search_page.py
[2025-11-22T11:10:49.543+0000] {processor.py:914} INFO - Processing file /opt/airflow/dags/dag_crawl_search_page.py for tasks to queue
[2025-11-22T11:10:49.544+0000] {logging_mixin.py:190} INFO - [2025-11-22T11:10:49.544+0000] {dagbag.py:588} INFO - Filling up the DagBag from /opt/airflow/dags/dag_crawl_search_page.py
[2025-11-22T11:10:49.589+0000] {logging_mixin.py:190} INFO - [2025-11-22T11:10:49.586+0000] {dagbag.py:387} ERROR - Failed to import: /opt/airflow/dags/dag_crawl_search_page.py
Traceback (most recent call last):
  File "/home/airflow/.local/lib/python3.12/site-packages/airflow/models/dagbag.py", line 383, in parse
    loader.exec_module(new_module)
  File "<frozen importlib._bootstrap_external>", line 999, in exec_module
  File "<frozen importlib._bootstrap>", line 488, in _call_with_frames_removed
  File "/opt/airflow/dags/dag_crawl_search_page.py", line 6, in <module>
    from job_crawler.beautifulsoup.crawl_search_page import crawl_multiple_keywords
  File "/opt/airflow/dags/job_crawler/beautifulsoup/crawl_search_page.py", line 160
    
    ^
IndentationError: expected an indented block after function definition on line 159
[2025-11-22T11:10:49.590+0000] {processor.py:927} WARNING - No viable dags retrieved from /opt/airflow/dags/dag_crawl_search_page.py
[2025-11-22T11:10:49.606+0000] {processor.py:208} INFO - Processing /opt/airflow/dags/dag_crawl_search_page.py took 0.071 seconds
[2025-11-22T11:11:20.047+0000] {processor.py:186} INFO - Started process (PID=1022) to work on /opt/airflow/dags/dag_crawl_search_page.py
[2025-11-22T11:11:20.048+0000] {processor.py:914} INFO - Processing file /opt/airflow/dags/dag_crawl_search_page.py for tasks to queue
[2025-11-22T11:11:20.049+0000] {logging_mixin.py:190} INFO - [2025-11-22T11:11:20.049+0000] {dagbag.py:588} INFO - Filling up the DagBag from /opt/airflow/dags/dag_crawl_search_page.py
[2025-11-22T11:11:20.100+0000] {logging_mixin.py:190} INFO - [2025-11-22T11:11:20.098+0000] {dagbag.py:387} ERROR - Failed to import: /opt/airflow/dags/dag_crawl_search_page.py
Traceback (most recent call last):
  File "/home/airflow/.local/lib/python3.12/site-packages/airflow/models/dagbag.py", line 383, in parse
    loader.exec_module(new_module)
  File "<frozen importlib._bootstrap_external>", line 999, in exec_module
  File "<frozen importlib._bootstrap>", line 488, in _call_with_frames_removed
  File "/opt/airflow/dags/dag_crawl_search_page.py", line 6, in <module>
    from job_crawler.beautifulsoup.crawl_search_page import crawl_multiple_keywords
  File "/opt/airflow/dags/job_crawler/beautifulsoup/crawl_search_page.py", line 160
    
    ^
IndentationError: expected an indented block after function definition on line 159
[2025-11-22T11:11:20.101+0000] {processor.py:927} WARNING - No viable dags retrieved from /opt/airflow/dags/dag_crawl_search_page.py
[2025-11-22T11:11:20.116+0000] {processor.py:208} INFO - Processing /opt/airflow/dags/dag_crawl_search_page.py took 0.075 seconds
[2025-11-22T11:11:50.471+0000] {processor.py:186} INFO - Started process (PID=1033) to work on /opt/airflow/dags/dag_crawl_search_page.py
[2025-11-22T11:11:50.472+0000] {processor.py:914} INFO - Processing file /opt/airflow/dags/dag_crawl_search_page.py for tasks to queue
[2025-11-22T11:11:50.474+0000] {logging_mixin.py:190} INFO - [2025-11-22T11:11:50.474+0000] {dagbag.py:588} INFO - Filling up the DagBag from /opt/airflow/dags/dag_crawl_search_page.py
[2025-11-22T11:11:50.526+0000] {logging_mixin.py:190} INFO - [2025-11-22T11:11:50.523+0000] {dagbag.py:387} ERROR - Failed to import: /opt/airflow/dags/dag_crawl_search_page.py
Traceback (most recent call last):
  File "/home/airflow/.local/lib/python3.12/site-packages/airflow/models/dagbag.py", line 383, in parse
    loader.exec_module(new_module)
  File "<frozen importlib._bootstrap_external>", line 999, in exec_module
  File "<frozen importlib._bootstrap>", line 488, in _call_with_frames_removed
  File "/opt/airflow/dags/dag_crawl_search_page.py", line 6, in <module>
    from job_crawler.beautifulsoup.crawl_search_page import crawl_multiple_keywords
  File "/opt/airflow/dags/job_crawler/beautifulsoup/crawl_search_page.py", line 160
    
    ^
IndentationError: expected an indented block after function definition on line 159
[2025-11-22T11:11:50.527+0000] {processor.py:927} WARNING - No viable dags retrieved from /opt/airflow/dags/dag_crawl_search_page.py
[2025-11-22T11:11:50.544+0000] {processor.py:208} INFO - Processing /opt/airflow/dags/dag_crawl_search_page.py took 0.078 seconds
[2025-11-22T11:12:20.962+0000] {processor.py:186} INFO - Started process (PID=1044) to work on /opt/airflow/dags/dag_crawl_search_page.py
[2025-11-22T11:12:20.963+0000] {processor.py:914} INFO - Processing file /opt/airflow/dags/dag_crawl_search_page.py for tasks to queue
[2025-11-22T11:12:20.965+0000] {logging_mixin.py:190} INFO - [2025-11-22T11:12:20.964+0000] {dagbag.py:588} INFO - Filling up the DagBag from /opt/airflow/dags/dag_crawl_search_page.py
[2025-11-22T11:12:21.006+0000] {logging_mixin.py:190} INFO - [2025-11-22T11:12:21.003+0000] {dagbag.py:387} ERROR - Failed to import: /opt/airflow/dags/dag_crawl_search_page.py
Traceback (most recent call last):
  File "/home/airflow/.local/lib/python3.12/site-packages/airflow/models/dagbag.py", line 383, in parse
    loader.exec_module(new_module)
  File "<frozen importlib._bootstrap_external>", line 999, in exec_module
  File "<frozen importlib._bootstrap>", line 488, in _call_with_frames_removed
  File "/opt/airflow/dags/dag_crawl_search_page.py", line 6, in <module>
    from job_crawler.beautifulsoup.crawl_search_page import crawl_multiple_keywords
  File "/opt/airflow/dags/job_crawler/beautifulsoup/crawl_search_page.py", line 160
    
    ^
IndentationError: expected an indented block after function definition on line 159
[2025-11-22T11:12:21.007+0000] {processor.py:927} WARNING - No viable dags retrieved from /opt/airflow/dags/dag_crawl_search_page.py
[2025-11-22T11:12:21.022+0000] {processor.py:208} INFO - Processing /opt/airflow/dags/dag_crawl_search_page.py took 0.065 seconds
[2025-11-22T11:12:51.363+0000] {processor.py:186} INFO - Started process (PID=1055) to work on /opt/airflow/dags/dag_crawl_search_page.py
[2025-11-22T11:12:51.364+0000] {processor.py:914} INFO - Processing file /opt/airflow/dags/dag_crawl_search_page.py for tasks to queue
[2025-11-22T11:12:51.365+0000] {logging_mixin.py:190} INFO - [2025-11-22T11:12:51.364+0000] {dagbag.py:588} INFO - Filling up the DagBag from /opt/airflow/dags/dag_crawl_search_page.py
[2025-11-22T11:12:51.412+0000] {logging_mixin.py:190} INFO - [2025-11-22T11:12:51.409+0000] {dagbag.py:387} ERROR - Failed to import: /opt/airflow/dags/dag_crawl_search_page.py
Traceback (most recent call last):
  File "/home/airflow/.local/lib/python3.12/site-packages/airflow/models/dagbag.py", line 383, in parse
    loader.exec_module(new_module)
  File "<frozen importlib._bootstrap_external>", line 999, in exec_module
  File "<frozen importlib._bootstrap>", line 488, in _call_with_frames_removed
  File "/opt/airflow/dags/dag_crawl_search_page.py", line 6, in <module>
    from job_crawler.beautifulsoup.crawl_search_page import crawl_multiple_keywords
  File "/opt/airflow/dags/job_crawler/beautifulsoup/crawl_search_page.py", line 160
    
    ^
IndentationError: expected an indented block after function definition on line 159
[2025-11-22T11:12:51.413+0000] {processor.py:927} WARNING - No viable dags retrieved from /opt/airflow/dags/dag_crawl_search_page.py
[2025-11-22T11:12:51.428+0000] {processor.py:208} INFO - Processing /opt/airflow/dags/dag_crawl_search_page.py took 0.071 seconds
[2025-11-22T11:13:21.826+0000] {processor.py:186} INFO - Started process (PID=1066) to work on /opt/airflow/dags/dag_crawl_search_page.py
[2025-11-22T11:13:21.827+0000] {processor.py:914} INFO - Processing file /opt/airflow/dags/dag_crawl_search_page.py for tasks to queue
[2025-11-22T11:13:21.829+0000] {logging_mixin.py:190} INFO - [2025-11-22T11:13:21.828+0000] {dagbag.py:588} INFO - Filling up the DagBag from /opt/airflow/dags/dag_crawl_search_page.py
[2025-11-22T11:13:21.890+0000] {logging_mixin.py:190} INFO - [2025-11-22T11:13:21.888+0000] {dagbag.py:387} ERROR - Failed to import: /opt/airflow/dags/dag_crawl_search_page.py
Traceback (most recent call last):
  File "/home/airflow/.local/lib/python3.12/site-packages/airflow/models/dagbag.py", line 383, in parse
    loader.exec_module(new_module)
  File "<frozen importlib._bootstrap_external>", line 999, in exec_module
  File "<frozen importlib._bootstrap>", line 488, in _call_with_frames_removed
  File "/opt/airflow/dags/dag_crawl_search_page.py", line 6, in <module>
    from job_crawler.beautifulsoup.crawl_search_page import crawl_multiple_keywords
  File "/opt/airflow/dags/job_crawler/beautifulsoup/crawl_search_page.py", line 160
    
    ^
IndentationError: expected an indented block after function definition on line 159
[2025-11-22T11:13:21.891+0000] {processor.py:927} WARNING - No viable dags retrieved from /opt/airflow/dags/dag_crawl_search_page.py
[2025-11-22T11:13:21.906+0000] {processor.py:208} INFO - Processing /opt/airflow/dags/dag_crawl_search_page.py took 0.086 seconds
[2025-11-22T11:13:52.222+0000] {processor.py:186} INFO - Started process (PID=1077) to work on /opt/airflow/dags/dag_crawl_search_page.py
[2025-11-22T11:13:52.224+0000] {processor.py:914} INFO - Processing file /opt/airflow/dags/dag_crawl_search_page.py for tasks to queue
[2025-11-22T11:13:52.227+0000] {logging_mixin.py:190} INFO - [2025-11-22T11:13:52.226+0000] {dagbag.py:588} INFO - Filling up the DagBag from /opt/airflow/dags/dag_crawl_search_page.py
[2025-11-22T11:13:52.311+0000] {logging_mixin.py:190} INFO - [2025-11-22T11:13:52.308+0000] {dagbag.py:387} ERROR - Failed to import: /opt/airflow/dags/dag_crawl_search_page.py
Traceback (most recent call last):
  File "/home/airflow/.local/lib/python3.12/site-packages/airflow/models/dagbag.py", line 383, in parse
    loader.exec_module(new_module)
  File "<frozen importlib._bootstrap_external>", line 999, in exec_module
  File "<frozen importlib._bootstrap>", line 488, in _call_with_frames_removed
  File "/opt/airflow/dags/dag_crawl_search_page.py", line 6, in <module>
    from job_crawler.beautifulsoup.crawl_search_page import crawl_multiple_keywords
  File "/opt/airflow/dags/job_crawler/beautifulsoup/crawl_search_page.py", line 160
    
    ^
IndentationError: expected an indented block after function definition on line 159
[2025-11-22T11:13:52.313+0000] {processor.py:927} WARNING - No viable dags retrieved from /opt/airflow/dags/dag_crawl_search_page.py
[2025-11-22T11:13:52.331+0000] {processor.py:208} INFO - Processing /opt/airflow/dags/dag_crawl_search_page.py took 0.116 seconds
[2025-11-22T11:14:22.787+0000] {processor.py:186} INFO - Started process (PID=1088) to work on /opt/airflow/dags/dag_crawl_search_page.py
[2025-11-22T11:14:22.788+0000] {processor.py:914} INFO - Processing file /opt/airflow/dags/dag_crawl_search_page.py for tasks to queue
[2025-11-22T11:14:22.790+0000] {logging_mixin.py:190} INFO - [2025-11-22T11:14:22.789+0000] {dagbag.py:588} INFO - Filling up the DagBag from /opt/airflow/dags/dag_crawl_search_page.py
[2025-11-22T11:14:22.839+0000] {logging_mixin.py:190} INFO - [2025-11-22T11:14:22.837+0000] {dagbag.py:387} ERROR - Failed to import: /opt/airflow/dags/dag_crawl_search_page.py
Traceback (most recent call last):
  File "/home/airflow/.local/lib/python3.12/site-packages/airflow/models/dagbag.py", line 383, in parse
    loader.exec_module(new_module)
  File "<frozen importlib._bootstrap_external>", line 999, in exec_module
  File "<frozen importlib._bootstrap>", line 488, in _call_with_frames_removed
  File "/opt/airflow/dags/dag_crawl_search_page.py", line 6, in <module>
    from job_crawler.beautifulsoup.crawl_search_page import crawl_multiple_keywords
  File "/opt/airflow/dags/job_crawler/beautifulsoup/crawl_search_page.py", line 160
    
    ^
IndentationError: expected an indented block after function definition on line 159
[2025-11-22T11:14:22.840+0000] {processor.py:927} WARNING - No viable dags retrieved from /opt/airflow/dags/dag_crawl_search_page.py
[2025-11-22T11:14:22.856+0000] {processor.py:208} INFO - Processing /opt/airflow/dags/dag_crawl_search_page.py took 0.074 seconds
[2025-11-22T11:14:53.427+0000] {processor.py:186} INFO - Started process (PID=1099) to work on /opt/airflow/dags/dag_crawl_search_page.py
[2025-11-22T11:14:53.428+0000] {processor.py:914} INFO - Processing file /opt/airflow/dags/dag_crawl_search_page.py for tasks to queue
[2025-11-22T11:14:53.429+0000] {logging_mixin.py:190} INFO - [2025-11-22T11:14:53.429+0000] {dagbag.py:588} INFO - Filling up the DagBag from /opt/airflow/dags/dag_crawl_search_page.py
[2025-11-22T11:14:53.468+0000] {logging_mixin.py:190} INFO - [2025-11-22T11:14:53.465+0000] {dagbag.py:387} ERROR - Failed to import: /opt/airflow/dags/dag_crawl_search_page.py
Traceback (most recent call last):
  File "/home/airflow/.local/lib/python3.12/site-packages/airflow/models/dagbag.py", line 383, in parse
    loader.exec_module(new_module)
  File "<frozen importlib._bootstrap_external>", line 999, in exec_module
  File "<frozen importlib._bootstrap>", line 488, in _call_with_frames_removed
  File "/opt/airflow/dags/dag_crawl_search_page.py", line 6, in <module>
    from job_crawler.beautifulsoup.crawl_search_page import crawl_multiple_keywords
  File "/opt/airflow/dags/job_crawler/beautifulsoup/crawl_search_page.py", line 160
    
    ^
IndentationError: expected an indented block after function definition on line 159
[2025-11-22T11:14:53.469+0000] {processor.py:927} WARNING - No viable dags retrieved from /opt/airflow/dags/dag_crawl_search_page.py
[2025-11-22T11:14:53.485+0000] {processor.py:208} INFO - Processing /opt/airflow/dags/dag_crawl_search_page.py took 0.066 seconds
[2025-11-22T11:15:23.840+0000] {processor.py:186} INFO - Started process (PID=1110) to work on /opt/airflow/dags/dag_crawl_search_page.py
[2025-11-22T11:15:23.841+0000] {processor.py:914} INFO - Processing file /opt/airflow/dags/dag_crawl_search_page.py for tasks to queue
[2025-11-22T11:15:23.843+0000] {logging_mixin.py:190} INFO - [2025-11-22T11:15:23.842+0000] {dagbag.py:588} INFO - Filling up the DagBag from /opt/airflow/dags/dag_crawl_search_page.py
[2025-11-22T11:15:23.883+0000] {logging_mixin.py:190} INFO - [2025-11-22T11:15:23.881+0000] {dagbag.py:387} ERROR - Failed to import: /opt/airflow/dags/dag_crawl_search_page.py
Traceback (most recent call last):
  File "/home/airflow/.local/lib/python3.12/site-packages/airflow/models/dagbag.py", line 383, in parse
    loader.exec_module(new_module)
  File "<frozen importlib._bootstrap_external>", line 999, in exec_module
  File "<frozen importlib._bootstrap>", line 488, in _call_with_frames_removed
  File "/opt/airflow/dags/dag_crawl_search_page.py", line 6, in <module>
    from job_crawler.beautifulsoup.crawl_search_page import crawl_multiple_keywords
  File "/opt/airflow/dags/job_crawler/beautifulsoup/crawl_search_page.py", line 160
    
    ^
IndentationError: expected an indented block after function definition on line 159
[2025-11-22T11:15:23.884+0000] {processor.py:927} WARNING - No viable dags retrieved from /opt/airflow/dags/dag_crawl_search_page.py
[2025-11-22T11:15:23.899+0000] {processor.py:208} INFO - Processing /opt/airflow/dags/dag_crawl_search_page.py took 0.064 seconds
[2025-11-22T11:15:54.292+0000] {processor.py:186} INFO - Started process (PID=1121) to work on /opt/airflow/dags/dag_crawl_search_page.py
[2025-11-22T11:15:54.293+0000] {processor.py:914} INFO - Processing file /opt/airflow/dags/dag_crawl_search_page.py for tasks to queue
[2025-11-22T11:15:54.294+0000] {logging_mixin.py:190} INFO - [2025-11-22T11:15:54.294+0000] {dagbag.py:588} INFO - Filling up the DagBag from /opt/airflow/dags/dag_crawl_search_page.py
[2025-11-22T11:15:54.332+0000] {logging_mixin.py:190} INFO - [2025-11-22T11:15:54.329+0000] {dagbag.py:387} ERROR - Failed to import: /opt/airflow/dags/dag_crawl_search_page.py
Traceback (most recent call last):
  File "/home/airflow/.local/lib/python3.12/site-packages/airflow/models/dagbag.py", line 383, in parse
    loader.exec_module(new_module)
  File "<frozen importlib._bootstrap_external>", line 999, in exec_module
  File "<frozen importlib._bootstrap>", line 488, in _call_with_frames_removed
  File "/opt/airflow/dags/dag_crawl_search_page.py", line 6, in <module>
    from job_crawler.beautifulsoup.crawl_search_page import crawl_multiple_keywords
  File "/opt/airflow/dags/job_crawler/beautifulsoup/crawl_search_page.py", line 160
    
    ^
IndentationError: expected an indented block after function definition on line 159
[2025-11-22T11:15:54.333+0000] {processor.py:927} WARNING - No viable dags retrieved from /opt/airflow/dags/dag_crawl_search_page.py
[2025-11-22T11:15:54.348+0000] {processor.py:208} INFO - Processing /opt/airflow/dags/dag_crawl_search_page.py took 0.061 seconds
[2025-11-22T11:16:24.717+0000] {processor.py:186} INFO - Started process (PID=1132) to work on /opt/airflow/dags/dag_crawl_search_page.py
[2025-11-22T11:16:24.718+0000] {processor.py:914} INFO - Processing file /opt/airflow/dags/dag_crawl_search_page.py for tasks to queue
[2025-11-22T11:16:24.719+0000] {logging_mixin.py:190} INFO - [2025-11-22T11:16:24.719+0000] {dagbag.py:588} INFO - Filling up the DagBag from /opt/airflow/dags/dag_crawl_search_page.py
[2025-11-22T11:16:24.758+0000] {logging_mixin.py:190} INFO - [2025-11-22T11:16:24.755+0000] {dagbag.py:387} ERROR - Failed to import: /opt/airflow/dags/dag_crawl_search_page.py
Traceback (most recent call last):
  File "/home/airflow/.local/lib/python3.12/site-packages/airflow/models/dagbag.py", line 383, in parse
    loader.exec_module(new_module)
  File "<frozen importlib._bootstrap_external>", line 999, in exec_module
  File "<frozen importlib._bootstrap>", line 488, in _call_with_frames_removed
  File "/opt/airflow/dags/dag_crawl_search_page.py", line 6, in <module>
    from job_crawler.beautifulsoup.crawl_search_page import crawl_multiple_keywords
  File "/opt/airflow/dags/job_crawler/beautifulsoup/crawl_search_page.py", line 160
    
    ^
IndentationError: expected an indented block after function definition on line 159
[2025-11-22T11:16:24.759+0000] {processor.py:927} WARNING - No viable dags retrieved from /opt/airflow/dags/dag_crawl_search_page.py
[2025-11-22T11:16:24.774+0000] {processor.py:208} INFO - Processing /opt/airflow/dags/dag_crawl_search_page.py took 0.062 seconds
[2025-11-22T11:16:55.162+0000] {processor.py:186} INFO - Started process (PID=1143) to work on /opt/airflow/dags/dag_crawl_search_page.py
[2025-11-22T11:16:55.164+0000] {processor.py:914} INFO - Processing file /opt/airflow/dags/dag_crawl_search_page.py for tasks to queue
[2025-11-22T11:16:55.165+0000] {logging_mixin.py:190} INFO - [2025-11-22T11:16:55.165+0000] {dagbag.py:588} INFO - Filling up the DagBag from /opt/airflow/dags/dag_crawl_search_page.py
[2025-11-22T11:16:55.250+0000] {logging_mixin.py:190} INFO - [2025-11-22T11:16:55.246+0000] {dagbag.py:387} ERROR - Failed to import: /opt/airflow/dags/dag_crawl_search_page.py
Traceback (most recent call last):
  File "/home/airflow/.local/lib/python3.12/site-packages/airflow/models/dagbag.py", line 383, in parse
    loader.exec_module(new_module)
  File "<frozen importlib._bootstrap_external>", line 999, in exec_module
  File "<frozen importlib._bootstrap>", line 488, in _call_with_frames_removed
  File "/opt/airflow/dags/dag_crawl_search_page.py", line 6, in <module>
    from job_crawler.beautifulsoup.crawl_search_page import crawl_multiple_keywords
  File "/opt/airflow/dags/job_crawler/beautifulsoup/crawl_search_page.py", line 160
    
    ^
IndentationError: expected an indented block after function definition on line 159
[2025-11-22T11:16:55.251+0000] {processor.py:927} WARNING - No viable dags retrieved from /opt/airflow/dags/dag_crawl_search_page.py
[2025-11-22T11:16:55.269+0000] {processor.py:208} INFO - Processing /opt/airflow/dags/dag_crawl_search_page.py took 0.112 seconds
[2025-11-22T11:17:25.598+0000] {processor.py:186} INFO - Started process (PID=1154) to work on /opt/airflow/dags/dag_crawl_search_page.py
[2025-11-22T11:17:25.599+0000] {processor.py:914} INFO - Processing file /opt/airflow/dags/dag_crawl_search_page.py for tasks to queue
[2025-11-22T11:17:25.600+0000] {logging_mixin.py:190} INFO - [2025-11-22T11:17:25.600+0000] {dagbag.py:588} INFO - Filling up the DagBag from /opt/airflow/dags/dag_crawl_search_page.py
[2025-11-22T11:17:25.639+0000] {logging_mixin.py:190} INFO - [2025-11-22T11:17:25.636+0000] {dagbag.py:387} ERROR - Failed to import: /opt/airflow/dags/dag_crawl_search_page.py
Traceback (most recent call last):
  File "/home/airflow/.local/lib/python3.12/site-packages/airflow/models/dagbag.py", line 383, in parse
    loader.exec_module(new_module)
  File "<frozen importlib._bootstrap_external>", line 999, in exec_module
  File "<frozen importlib._bootstrap>", line 488, in _call_with_frames_removed
  File "/opt/airflow/dags/dag_crawl_search_page.py", line 6, in <module>
    from job_crawler.beautifulsoup.crawl_search_page import crawl_multiple_keywords
  File "/opt/airflow/dags/job_crawler/beautifulsoup/crawl_search_page.py", line 160
    
    ^
IndentationError: expected an indented block after function definition on line 159
[2025-11-22T11:17:25.641+0000] {processor.py:927} WARNING - No viable dags retrieved from /opt/airflow/dags/dag_crawl_search_page.py
[2025-11-22T11:17:25.656+0000] {processor.py:208} INFO - Processing /opt/airflow/dags/dag_crawl_search_page.py took 0.065 seconds
[2025-11-22T11:17:56.092+0000] {processor.py:186} INFO - Started process (PID=1165) to work on /opt/airflow/dags/dag_crawl_search_page.py
[2025-11-22T11:17:56.094+0000] {processor.py:914} INFO - Processing file /opt/airflow/dags/dag_crawl_search_page.py for tasks to queue
[2025-11-22T11:17:56.095+0000] {logging_mixin.py:190} INFO - [2025-11-22T11:17:56.094+0000] {dagbag.py:588} INFO - Filling up the DagBag from /opt/airflow/dags/dag_crawl_search_page.py
[2025-11-22T11:17:56.132+0000] {logging_mixin.py:190} INFO - [2025-11-22T11:17:56.130+0000] {dagbag.py:387} ERROR - Failed to import: /opt/airflow/dags/dag_crawl_search_page.py
Traceback (most recent call last):
  File "/home/airflow/.local/lib/python3.12/site-packages/airflow/models/dagbag.py", line 383, in parse
    loader.exec_module(new_module)
  File "<frozen importlib._bootstrap_external>", line 999, in exec_module
  File "<frozen importlib._bootstrap>", line 488, in _call_with_frames_removed
  File "/opt/airflow/dags/dag_crawl_search_page.py", line 6, in <module>
    from job_crawler.beautifulsoup.crawl_search_page import crawl_multiple_keywords
  File "/opt/airflow/dags/job_crawler/beautifulsoup/crawl_search_page.py", line 160
    
    ^
IndentationError: expected an indented block after function definition on line 159
[2025-11-22T11:17:56.133+0000] {processor.py:927} WARNING - No viable dags retrieved from /opt/airflow/dags/dag_crawl_search_page.py
[2025-11-22T11:17:56.148+0000] {processor.py:208} INFO - Processing /opt/airflow/dags/dag_crawl_search_page.py took 0.060 seconds
[2025-11-22T11:18:26.504+0000] {processor.py:186} INFO - Started process (PID=1176) to work on /opt/airflow/dags/dag_crawl_search_page.py
[2025-11-22T11:18:26.505+0000] {processor.py:914} INFO - Processing file /opt/airflow/dags/dag_crawl_search_page.py for tasks to queue
[2025-11-22T11:18:26.507+0000] {logging_mixin.py:190} INFO - [2025-11-22T11:18:26.506+0000] {dagbag.py:588} INFO - Filling up the DagBag from /opt/airflow/dags/dag_crawl_search_page.py
[2025-11-22T11:18:26.548+0000] {logging_mixin.py:190} INFO - [2025-11-22T11:18:26.545+0000] {dagbag.py:387} ERROR - Failed to import: /opt/airflow/dags/dag_crawl_search_page.py
Traceback (most recent call last):
  File "/home/airflow/.local/lib/python3.12/site-packages/airflow/models/dagbag.py", line 383, in parse
    loader.exec_module(new_module)
  File "<frozen importlib._bootstrap_external>", line 999, in exec_module
  File "<frozen importlib._bootstrap>", line 488, in _call_with_frames_removed
  File "/opt/airflow/dags/dag_crawl_search_page.py", line 6, in <module>
    from job_crawler.beautifulsoup.crawl_search_page import crawl_multiple_keywords
  File "/opt/airflow/dags/job_crawler/beautifulsoup/crawl_search_page.py", line 160
    
    ^
IndentationError: expected an indented block after function definition on line 159
[2025-11-22T11:18:26.549+0000] {processor.py:927} WARNING - No viable dags retrieved from /opt/airflow/dags/dag_crawl_search_page.py
[2025-11-22T11:18:26.564+0000] {processor.py:208} INFO - Processing /opt/airflow/dags/dag_crawl_search_page.py took 0.066 seconds
[2025-11-22T11:18:56.902+0000] {processor.py:186} INFO - Started process (PID=1187) to work on /opt/airflow/dags/dag_crawl_search_page.py
[2025-11-22T11:18:56.903+0000] {processor.py:914} INFO - Processing file /opt/airflow/dags/dag_crawl_search_page.py for tasks to queue
[2025-11-22T11:18:56.906+0000] {logging_mixin.py:190} INFO - [2025-11-22T11:18:56.905+0000] {dagbag.py:588} INFO - Filling up the DagBag from /opt/airflow/dags/dag_crawl_search_page.py
[2025-11-22T11:18:56.953+0000] {logging_mixin.py:190} INFO - [2025-11-22T11:18:56.950+0000] {dagbag.py:387} ERROR - Failed to import: /opt/airflow/dags/dag_crawl_search_page.py
Traceback (most recent call last):
  File "/home/airflow/.local/lib/python3.12/site-packages/airflow/models/dagbag.py", line 383, in parse
    loader.exec_module(new_module)
  File "<frozen importlib._bootstrap_external>", line 999, in exec_module
  File "<frozen importlib._bootstrap>", line 488, in _call_with_frames_removed
  File "/opt/airflow/dags/dag_crawl_search_page.py", line 6, in <module>
    from job_crawler.beautifulsoup.crawl_search_page import crawl_multiple_keywords
  File "/opt/airflow/dags/job_crawler/beautifulsoup/crawl_search_page.py", line 160
    
    ^
IndentationError: expected an indented block after function definition on line 159
[2025-11-22T11:18:56.954+0000] {processor.py:927} WARNING - No viable dags retrieved from /opt/airflow/dags/dag_crawl_search_page.py
[2025-11-22T11:18:56.969+0000] {processor.py:208} INFO - Processing /opt/airflow/dags/dag_crawl_search_page.py took 0.073 seconds
[2025-11-22T11:19:27.333+0000] {processor.py:186} INFO - Started process (PID=1198) to work on /opt/airflow/dags/dag_crawl_search_page.py
[2025-11-22T11:19:27.334+0000] {processor.py:914} INFO - Processing file /opt/airflow/dags/dag_crawl_search_page.py for tasks to queue
[2025-11-22T11:19:27.336+0000] {logging_mixin.py:190} INFO - [2025-11-22T11:19:27.335+0000] {dagbag.py:588} INFO - Filling up the DagBag from /opt/airflow/dags/dag_crawl_search_page.py
[2025-11-22T11:19:27.373+0000] {logging_mixin.py:190} INFO - [2025-11-22T11:19:27.370+0000] {dagbag.py:387} ERROR - Failed to import: /opt/airflow/dags/dag_crawl_search_page.py
Traceback (most recent call last):
  File "/home/airflow/.local/lib/python3.12/site-packages/airflow/models/dagbag.py", line 383, in parse
    loader.exec_module(new_module)
  File "<frozen importlib._bootstrap_external>", line 999, in exec_module
  File "<frozen importlib._bootstrap>", line 488, in _call_with_frames_removed
  File "/opt/airflow/dags/dag_crawl_search_page.py", line 6, in <module>
    from job_crawler.beautifulsoup.crawl_search_page import crawl_multiple_keywords
  File "/opt/airflow/dags/job_crawler/beautifulsoup/crawl_search_page.py", line 160
    
    ^
IndentationError: expected an indented block after function definition on line 159
[2025-11-22T11:19:27.374+0000] {processor.py:927} WARNING - No viable dags retrieved from /opt/airflow/dags/dag_crawl_search_page.py
[2025-11-22T11:19:27.389+0000] {processor.py:208} INFO - Processing /opt/airflow/dags/dag_crawl_search_page.py took 0.061 seconds
[2025-11-22T11:19:58.056+0000] {processor.py:186} INFO - Started process (PID=1209) to work on /opt/airflow/dags/dag_crawl_search_page.py
[2025-11-22T11:19:58.057+0000] {processor.py:914} INFO - Processing file /opt/airflow/dags/dag_crawl_search_page.py for tasks to queue
[2025-11-22T11:19:58.058+0000] {logging_mixin.py:190} INFO - [2025-11-22T11:19:58.058+0000] {dagbag.py:588} INFO - Filling up the DagBag from /opt/airflow/dags/dag_crawl_search_page.py
[2025-11-22T11:19:58.094+0000] {logging_mixin.py:190} INFO - [2025-11-22T11:19:58.092+0000] {dagbag.py:387} ERROR - Failed to import: /opt/airflow/dags/dag_crawl_search_page.py
Traceback (most recent call last):
  File "/home/airflow/.local/lib/python3.12/site-packages/airflow/models/dagbag.py", line 383, in parse
    loader.exec_module(new_module)
  File "<frozen importlib._bootstrap_external>", line 999, in exec_module
  File "<frozen importlib._bootstrap>", line 488, in _call_with_frames_removed
  File "/opt/airflow/dags/dag_crawl_search_page.py", line 6, in <module>
    from job_crawler.beautifulsoup.crawl_search_page import crawl_multiple_keywords
  File "/opt/airflow/dags/job_crawler/beautifulsoup/crawl_search_page.py", line 160
    
    ^
IndentationError: expected an indented block after function definition on line 159
[2025-11-22T11:19:58.095+0000] {processor.py:927} WARNING - No viable dags retrieved from /opt/airflow/dags/dag_crawl_search_page.py
[2025-11-22T11:19:58.110+0000] {processor.py:208} INFO - Processing /opt/airflow/dags/dag_crawl_search_page.py took 0.060 seconds
[2025-11-22T11:20:28.515+0000] {processor.py:186} INFO - Started process (PID=1221) to work on /opt/airflow/dags/dag_crawl_search_page.py
[2025-11-22T11:20:28.516+0000] {processor.py:914} INFO - Processing file /opt/airflow/dags/dag_crawl_search_page.py for tasks to queue
[2025-11-22T11:20:28.518+0000] {logging_mixin.py:190} INFO - [2025-11-22T11:20:28.517+0000] {dagbag.py:588} INFO - Filling up the DagBag from /opt/airflow/dags/dag_crawl_search_page.py
[2025-11-22T11:20:28.562+0000] {logging_mixin.py:190} INFO - [2025-11-22T11:20:28.560+0000] {dagbag.py:387} ERROR - Failed to import: /opt/airflow/dags/dag_crawl_search_page.py
Traceback (most recent call last):
  File "/home/airflow/.local/lib/python3.12/site-packages/airflow/models/dagbag.py", line 383, in parse
    loader.exec_module(new_module)
  File "<frozen importlib._bootstrap_external>", line 999, in exec_module
  File "<frozen importlib._bootstrap>", line 488, in _call_with_frames_removed
  File "/opt/airflow/dags/dag_crawl_search_page.py", line 6, in <module>
    from job_crawler.beautifulsoup.crawl_search_page import crawl_multiple_keywords
  File "/opt/airflow/dags/job_crawler/beautifulsoup/crawl_search_page.py", line 160
    
    ^
IndentationError: expected an indented block after function definition on line 159
[2025-11-22T11:20:28.563+0000] {processor.py:927} WARNING - No viable dags retrieved from /opt/airflow/dags/dag_crawl_search_page.py
[2025-11-22T11:20:28.578+0000] {processor.py:208} INFO - Processing /opt/airflow/dags/dag_crawl_search_page.py took 0.070 seconds
[2025-11-22T11:20:58.957+0000] {processor.py:186} INFO - Started process (PID=1232) to work on /opt/airflow/dags/dag_crawl_search_page.py
[2025-11-22T11:20:58.958+0000] {processor.py:914} INFO - Processing file /opt/airflow/dags/dag_crawl_search_page.py for tasks to queue
[2025-11-22T11:20:58.959+0000] {logging_mixin.py:190} INFO - [2025-11-22T11:20:58.959+0000] {dagbag.py:588} INFO - Filling up the DagBag from /opt/airflow/dags/dag_crawl_search_page.py
[2025-11-22T11:20:58.998+0000] {logging_mixin.py:190} INFO - [2025-11-22T11:20:58.996+0000] {dagbag.py:387} ERROR - Failed to import: /opt/airflow/dags/dag_crawl_search_page.py
Traceback (most recent call last):
  File "/home/airflow/.local/lib/python3.12/site-packages/airflow/models/dagbag.py", line 383, in parse
    loader.exec_module(new_module)
  File "<frozen importlib._bootstrap_external>", line 999, in exec_module
  File "<frozen importlib._bootstrap>", line 488, in _call_with_frames_removed
  File "/opt/airflow/dags/dag_crawl_search_page.py", line 6, in <module>
    from job_crawler.beautifulsoup.crawl_search_page import crawl_multiple_keywords
  File "/opt/airflow/dags/job_crawler/beautifulsoup/crawl_search_page.py", line 160
    
    ^
IndentationError: expected an indented block after function definition on line 159
[2025-11-22T11:20:59.000+0000] {processor.py:927} WARNING - No viable dags retrieved from /opt/airflow/dags/dag_crawl_search_page.py
[2025-11-22T11:20:59.015+0000] {processor.py:208} INFO - Processing /opt/airflow/dags/dag_crawl_search_page.py took 0.063 seconds
[2025-11-22T11:21:29.360+0000] {processor.py:186} INFO - Started process (PID=1243) to work on /opt/airflow/dags/dag_crawl_search_page.py
[2025-11-22T11:21:29.361+0000] {processor.py:914} INFO - Processing file /opt/airflow/dags/dag_crawl_search_page.py for tasks to queue
[2025-11-22T11:21:29.362+0000] {logging_mixin.py:190} INFO - [2025-11-22T11:21:29.361+0000] {dagbag.py:588} INFO - Filling up the DagBag from /opt/airflow/dags/dag_crawl_search_page.py
[2025-11-22T11:21:29.399+0000] {logging_mixin.py:190} INFO - [2025-11-22T11:21:29.396+0000] {dagbag.py:387} ERROR - Failed to import: /opt/airflow/dags/dag_crawl_search_page.py
Traceback (most recent call last):
  File "/home/airflow/.local/lib/python3.12/site-packages/airflow/models/dagbag.py", line 383, in parse
    loader.exec_module(new_module)
  File "<frozen importlib._bootstrap_external>", line 999, in exec_module
  File "<frozen importlib._bootstrap>", line 488, in _call_with_frames_removed
  File "/opt/airflow/dags/dag_crawl_search_page.py", line 6, in <module>
    from job_crawler.beautifulsoup.crawl_search_page import crawl_multiple_keywords
  File "/opt/airflow/dags/job_crawler/beautifulsoup/crawl_search_page.py", line 160
    
    ^
IndentationError: expected an indented block after function definition on line 159
[2025-11-22T11:21:29.400+0000] {processor.py:927} WARNING - No viable dags retrieved from /opt/airflow/dags/dag_crawl_search_page.py
[2025-11-22T11:21:29.415+0000] {processor.py:208} INFO - Processing /opt/airflow/dags/dag_crawl_search_page.py took 0.060 seconds
[2025-11-22T11:21:59.756+0000] {processor.py:186} INFO - Started process (PID=1254) to work on /opt/airflow/dags/dag_crawl_search_page.py
[2025-11-22T11:21:59.757+0000] {processor.py:914} INFO - Processing file /opt/airflow/dags/dag_crawl_search_page.py for tasks to queue
[2025-11-22T11:21:59.758+0000] {logging_mixin.py:190} INFO - [2025-11-22T11:21:59.758+0000] {dagbag.py:588} INFO - Filling up the DagBag from /opt/airflow/dags/dag_crawl_search_page.py
[2025-11-22T11:21:59.797+0000] {logging_mixin.py:190} INFO - [2025-11-22T11:21:59.794+0000] {dagbag.py:387} ERROR - Failed to import: /opt/airflow/dags/dag_crawl_search_page.py
Traceback (most recent call last):
  File "/home/airflow/.local/lib/python3.12/site-packages/airflow/models/dagbag.py", line 383, in parse
    loader.exec_module(new_module)
  File "<frozen importlib._bootstrap_external>", line 999, in exec_module
  File "<frozen importlib._bootstrap>", line 488, in _call_with_frames_removed
  File "/opt/airflow/dags/dag_crawl_search_page.py", line 6, in <module>
    from job_crawler.beautifulsoup.crawl_search_page import crawl_multiple_keywords
  File "/opt/airflow/dags/job_crawler/beautifulsoup/crawl_search_page.py", line 160
    
    ^
IndentationError: expected an indented block after function definition on line 159
[2025-11-22T11:21:59.798+0000] {processor.py:927} WARNING - No viable dags retrieved from /opt/airflow/dags/dag_crawl_search_page.py
[2025-11-22T11:21:59.813+0000] {processor.py:208} INFO - Processing /opt/airflow/dags/dag_crawl_search_page.py took 0.062 seconds
[2025-11-22T11:22:30.251+0000] {processor.py:186} INFO - Started process (PID=1265) to work on /opt/airflow/dags/dag_crawl_search_page.py
[2025-11-22T11:22:30.252+0000] {processor.py:914} INFO - Processing file /opt/airflow/dags/dag_crawl_search_page.py for tasks to queue
[2025-11-22T11:22:30.253+0000] {logging_mixin.py:190} INFO - [2025-11-22T11:22:30.253+0000] {dagbag.py:588} INFO - Filling up the DagBag from /opt/airflow/dags/dag_crawl_search_page.py
[2025-11-22T11:22:30.299+0000] {logging_mixin.py:190} INFO - [2025-11-22T11:22:30.296+0000] {dagbag.py:387} ERROR - Failed to import: /opt/airflow/dags/dag_crawl_search_page.py
Traceback (most recent call last):
  File "/home/airflow/.local/lib/python3.12/site-packages/airflow/models/dagbag.py", line 383, in parse
    loader.exec_module(new_module)
  File "<frozen importlib._bootstrap_external>", line 999, in exec_module
  File "<frozen importlib._bootstrap>", line 488, in _call_with_frames_removed
  File "/opt/airflow/dags/dag_crawl_search_page.py", line 6, in <module>
    from job_crawler.beautifulsoup.crawl_search_page import crawl_multiple_keywords
  File "/opt/airflow/dags/job_crawler/beautifulsoup/crawl_search_page.py", line 160
    
    ^
IndentationError: expected an indented block after function definition on line 159
[2025-11-22T11:22:30.300+0000] {processor.py:927} WARNING - No viable dags retrieved from /opt/airflow/dags/dag_crawl_search_page.py
[2025-11-22T11:22:30.316+0000] {processor.py:208} INFO - Processing /opt/airflow/dags/dag_crawl_search_page.py took 0.070 seconds
[2025-11-22T11:23:00.671+0000] {processor.py:186} INFO - Started process (PID=1276) to work on /opt/airflow/dags/dag_crawl_search_page.py
[2025-11-22T11:23:00.672+0000] {processor.py:914} INFO - Processing file /opt/airflow/dags/dag_crawl_search_page.py for tasks to queue
[2025-11-22T11:23:00.673+0000] {logging_mixin.py:190} INFO - [2025-11-22T11:23:00.673+0000] {dagbag.py:588} INFO - Filling up the DagBag from /opt/airflow/dags/dag_crawl_search_page.py
[2025-11-22T11:23:00.720+0000] {logging_mixin.py:190} INFO - [2025-11-22T11:23:00.717+0000] {dagbag.py:387} ERROR - Failed to import: /opt/airflow/dags/dag_crawl_search_page.py
Traceback (most recent call last):
  File "/home/airflow/.local/lib/python3.12/site-packages/airflow/models/dagbag.py", line 383, in parse
    loader.exec_module(new_module)
  File "<frozen importlib._bootstrap_external>", line 999, in exec_module
  File "<frozen importlib._bootstrap>", line 488, in _call_with_frames_removed
  File "/opt/airflow/dags/dag_crawl_search_page.py", line 6, in <module>
    from job_crawler.beautifulsoup.crawl_search_page import crawl_multiple_keywords
  File "/opt/airflow/dags/job_crawler/beautifulsoup/crawl_search_page.py", line 160
    
    ^
IndentationError: expected an indented block after function definition on line 159
[2025-11-22T11:23:00.721+0000] {processor.py:927} WARNING - No viable dags retrieved from /opt/airflow/dags/dag_crawl_search_page.py
[2025-11-22T11:23:00.737+0000] {processor.py:208} INFO - Processing /opt/airflow/dags/dag_crawl_search_page.py took 0.072 seconds
[2025-11-22T11:23:31.138+0000] {processor.py:186} INFO - Started process (PID=1287) to work on /opt/airflow/dags/dag_crawl_search_page.py
[2025-11-22T11:23:31.140+0000] {processor.py:914} INFO - Processing file /opt/airflow/dags/dag_crawl_search_page.py for tasks to queue
[2025-11-22T11:23:31.142+0000] {logging_mixin.py:190} INFO - [2025-11-22T11:23:31.142+0000] {dagbag.py:588} INFO - Filling up the DagBag from /opt/airflow/dags/dag_crawl_search_page.py
[2025-11-22T11:23:31.204+0000] {logging_mixin.py:190} INFO - [2025-11-22T11:23:31.200+0000] {dagbag.py:387} ERROR - Failed to import: /opt/airflow/dags/dag_crawl_search_page.py
Traceback (most recent call last):
  File "/home/airflow/.local/lib/python3.12/site-packages/airflow/models/dagbag.py", line 383, in parse
    loader.exec_module(new_module)
  File "<frozen importlib._bootstrap_external>", line 999, in exec_module
  File "<frozen importlib._bootstrap>", line 488, in _call_with_frames_removed
  File "/opt/airflow/dags/dag_crawl_search_page.py", line 6, in <module>
    from job_crawler.beautifulsoup.crawl_search_page import crawl_multiple_keywords
  File "/opt/airflow/dags/job_crawler/beautifulsoup/crawl_search_page.py", line 160
    
    ^
IndentationError: expected an indented block after function definition on line 159
[2025-11-22T11:23:31.205+0000] {processor.py:927} WARNING - No viable dags retrieved from /opt/airflow/dags/dag_crawl_search_page.py
[2025-11-22T11:23:31.220+0000] {processor.py:208} INFO - Processing /opt/airflow/dags/dag_crawl_search_page.py took 0.090 seconds
[2025-11-22T11:24:01.596+0000] {processor.py:186} INFO - Started process (PID=1298) to work on /opt/airflow/dags/dag_crawl_search_page.py
[2025-11-22T11:24:01.598+0000] {processor.py:914} INFO - Processing file /opt/airflow/dags/dag_crawl_search_page.py for tasks to queue
[2025-11-22T11:24:01.599+0000] {logging_mixin.py:190} INFO - [2025-11-22T11:24:01.599+0000] {dagbag.py:588} INFO - Filling up the DagBag from /opt/airflow/dags/dag_crawl_search_page.py
[2025-11-22T11:24:01.651+0000] {logging_mixin.py:190} INFO - [2025-11-22T11:24:01.648+0000] {dagbag.py:387} ERROR - Failed to import: /opt/airflow/dags/dag_crawl_search_page.py
Traceback (most recent call last):
  File "/home/airflow/.local/lib/python3.12/site-packages/airflow/models/dagbag.py", line 383, in parse
    loader.exec_module(new_module)
  File "<frozen importlib._bootstrap_external>", line 999, in exec_module
  File "<frozen importlib._bootstrap>", line 488, in _call_with_frames_removed
  File "/opt/airflow/dags/dag_crawl_search_page.py", line 6, in <module>
    from job_crawler.beautifulsoup.crawl_search_page import crawl_multiple_keywords
  File "/opt/airflow/dags/job_crawler/beautifulsoup/crawl_search_page.py", line 160
    
    ^
IndentationError: expected an indented block after function definition on line 159
[2025-11-22T11:24:01.652+0000] {processor.py:927} WARNING - No viable dags retrieved from /opt/airflow/dags/dag_crawl_search_page.py
[2025-11-22T11:24:01.668+0000] {processor.py:208} INFO - Processing /opt/airflow/dags/dag_crawl_search_page.py took 0.076 seconds
[2025-11-22T11:24:32.013+0000] {processor.py:186} INFO - Started process (PID=1309) to work on /opt/airflow/dags/dag_crawl_search_page.py
[2025-11-22T11:24:32.014+0000] {processor.py:914} INFO - Processing file /opt/airflow/dags/dag_crawl_search_page.py for tasks to queue
[2025-11-22T11:24:32.015+0000] {logging_mixin.py:190} INFO - [2025-11-22T11:24:32.015+0000] {dagbag.py:588} INFO - Filling up the DagBag from /opt/airflow/dags/dag_crawl_search_page.py
[2025-11-22T11:24:32.051+0000] {logging_mixin.py:190} INFO - [2025-11-22T11:24:32.049+0000] {dagbag.py:387} ERROR - Failed to import: /opt/airflow/dags/dag_crawl_search_page.py
Traceback (most recent call last):
  File "/home/airflow/.local/lib/python3.12/site-packages/airflow/models/dagbag.py", line 383, in parse
    loader.exec_module(new_module)
  File "<frozen importlib._bootstrap_external>", line 999, in exec_module
  File "<frozen importlib._bootstrap>", line 488, in _call_with_frames_removed
  File "/opt/airflow/dags/dag_crawl_search_page.py", line 6, in <module>
    from job_crawler.beautifulsoup.crawl_search_page import crawl_multiple_keywords
  File "/opt/airflow/dags/job_crawler/beautifulsoup/crawl_search_page.py", line 160
    
    ^
IndentationError: expected an indented block after function definition on line 159
[2025-11-22T11:24:32.052+0000] {processor.py:927} WARNING - No viable dags retrieved from /opt/airflow/dags/dag_crawl_search_page.py
[2025-11-22T11:24:32.067+0000] {processor.py:208} INFO - Processing /opt/airflow/dags/dag_crawl_search_page.py took 0.059 seconds
[2025-11-22T11:25:02.720+0000] {processor.py:186} INFO - Started process (PID=1320) to work on /opt/airflow/dags/dag_crawl_search_page.py
[2025-11-22T11:25:02.721+0000] {processor.py:914} INFO - Processing file /opt/airflow/dags/dag_crawl_search_page.py for tasks to queue
[2025-11-22T11:25:02.723+0000] {logging_mixin.py:190} INFO - [2025-11-22T11:25:02.722+0000] {dagbag.py:588} INFO - Filling up the DagBag from /opt/airflow/dags/dag_crawl_search_page.py
[2025-11-22T11:25:02.767+0000] {logging_mixin.py:190} INFO - [2025-11-22T11:25:02.765+0000] {dagbag.py:387} ERROR - Failed to import: /opt/airflow/dags/dag_crawl_search_page.py
Traceback (most recent call last):
  File "/home/airflow/.local/lib/python3.12/site-packages/airflow/models/dagbag.py", line 383, in parse
    loader.exec_module(new_module)
  File "<frozen importlib._bootstrap_external>", line 999, in exec_module
  File "<frozen importlib._bootstrap>", line 488, in _call_with_frames_removed
  File "/opt/airflow/dags/dag_crawl_search_page.py", line 6, in <module>
    from job_crawler.beautifulsoup.crawl_search_page import crawl_multiple_keywords
  File "/opt/airflow/dags/job_crawler/beautifulsoup/crawl_search_page.py", line 160
    
    ^
IndentationError: expected an indented block after function definition on line 159
[2025-11-22T11:25:02.768+0000] {processor.py:927} WARNING - No viable dags retrieved from /opt/airflow/dags/dag_crawl_search_page.py
[2025-11-22T11:25:02.784+0000] {processor.py:208} INFO - Processing /opt/airflow/dags/dag_crawl_search_page.py took 0.068 seconds
[2025-11-22T11:25:33.172+0000] {processor.py:186} INFO - Started process (PID=1331) to work on /opt/airflow/dags/dag_crawl_search_page.py
[2025-11-22T11:25:33.174+0000] {processor.py:914} INFO - Processing file /opt/airflow/dags/dag_crawl_search_page.py for tasks to queue
[2025-11-22T11:25:33.175+0000] {logging_mixin.py:190} INFO - [2025-11-22T11:25:33.175+0000] {dagbag.py:588} INFO - Filling up the DagBag from /opt/airflow/dags/dag_crawl_search_page.py
[2025-11-22T11:25:33.236+0000] {logging_mixin.py:190} INFO - [2025-11-22T11:25:33.234+0000] {dagbag.py:387} ERROR - Failed to import: /opt/airflow/dags/dag_crawl_search_page.py
Traceback (most recent call last):
  File "/home/airflow/.local/lib/python3.12/site-packages/airflow/models/dagbag.py", line 383, in parse
    loader.exec_module(new_module)
  File "<frozen importlib._bootstrap_external>", line 999, in exec_module
  File "<frozen importlib._bootstrap>", line 488, in _call_with_frames_removed
  File "/opt/airflow/dags/dag_crawl_search_page.py", line 6, in <module>
    from job_crawler.beautifulsoup.crawl_search_page import crawl_multiple_keywords
  File "/opt/airflow/dags/job_crawler/beautifulsoup/crawl_search_page.py", line 160
    
    ^
IndentationError: expected an indented block after function definition on line 159
[2025-11-22T11:25:33.237+0000] {processor.py:927} WARNING - No viable dags retrieved from /opt/airflow/dags/dag_crawl_search_page.py
[2025-11-22T11:25:33.252+0000] {processor.py:208} INFO - Processing /opt/airflow/dags/dag_crawl_search_page.py took 0.085 seconds
[2025-11-22T11:26:03.608+0000] {processor.py:186} INFO - Started process (PID=1342) to work on /opt/airflow/dags/dag_crawl_search_page.py
[2025-11-22T11:26:03.609+0000] {processor.py:914} INFO - Processing file /opt/airflow/dags/dag_crawl_search_page.py for tasks to queue
[2025-11-22T11:26:03.611+0000] {logging_mixin.py:190} INFO - [2025-11-22T11:26:03.610+0000] {dagbag.py:588} INFO - Filling up the DagBag from /opt/airflow/dags/dag_crawl_search_page.py
[2025-11-22T11:26:03.650+0000] {logging_mixin.py:190} INFO - [2025-11-22T11:26:03.647+0000] {dagbag.py:387} ERROR - Failed to import: /opt/airflow/dags/dag_crawl_search_page.py
Traceback (most recent call last):
  File "/home/airflow/.local/lib/python3.12/site-packages/airflow/models/dagbag.py", line 383, in parse
    loader.exec_module(new_module)
  File "<frozen importlib._bootstrap_external>", line 999, in exec_module
  File "<frozen importlib._bootstrap>", line 488, in _call_with_frames_removed
  File "/opt/airflow/dags/dag_crawl_search_page.py", line 6, in <module>
    from job_crawler.beautifulsoup.crawl_search_page import crawl_multiple_keywords
  File "/opt/airflow/dags/job_crawler/beautifulsoup/crawl_search_page.py", line 160
    
    ^
IndentationError: expected an indented block after function definition on line 159
[2025-11-22T11:26:03.651+0000] {processor.py:927} WARNING - No viable dags retrieved from /opt/airflow/dags/dag_crawl_search_page.py
[2025-11-22T11:26:03.666+0000] {processor.py:208} INFO - Processing /opt/airflow/dags/dag_crawl_search_page.py took 0.064 seconds
[2025-11-22T11:26:34.091+0000] {processor.py:186} INFO - Started process (PID=1353) to work on /opt/airflow/dags/dag_crawl_search_page.py
[2025-11-22T11:26:34.092+0000] {processor.py:914} INFO - Processing file /opt/airflow/dags/dag_crawl_search_page.py for tasks to queue
[2025-11-22T11:26:34.094+0000] {logging_mixin.py:190} INFO - [2025-11-22T11:26:34.094+0000] {dagbag.py:588} INFO - Filling up the DagBag from /opt/airflow/dags/dag_crawl_search_page.py
[2025-11-22T11:26:34.128+0000] {logging_mixin.py:190} INFO - [2025-11-22T11:26:34.126+0000] {dagbag.py:387} ERROR - Failed to import: /opt/airflow/dags/dag_crawl_search_page.py
Traceback (most recent call last):
  File "/home/airflow/.local/lib/python3.12/site-packages/airflow/models/dagbag.py", line 383, in parse
    loader.exec_module(new_module)
  File "<frozen importlib._bootstrap_external>", line 999, in exec_module
  File "<frozen importlib._bootstrap>", line 488, in _call_with_frames_removed
  File "/opt/airflow/dags/dag_crawl_search_page.py", line 6, in <module>
    from job_crawler.beautifulsoup.crawl_search_page import crawl_multiple_keywords
  File "/opt/airflow/dags/job_crawler/beautifulsoup/crawl_search_page.py", line 160
    
    ^
IndentationError: expected an indented block after function definition on line 159
[2025-11-22T11:26:34.129+0000] {processor.py:927} WARNING - No viable dags retrieved from /opt/airflow/dags/dag_crawl_search_page.py
[2025-11-22T11:26:34.143+0000] {processor.py:208} INFO - Processing /opt/airflow/dags/dag_crawl_search_page.py took 0.057 seconds
[2025-11-22T11:27:04.494+0000] {processor.py:186} INFO - Started process (PID=1364) to work on /opt/airflow/dags/dag_crawl_search_page.py
[2025-11-22T11:27:04.494+0000] {processor.py:914} INFO - Processing file /opt/airflow/dags/dag_crawl_search_page.py for tasks to queue
[2025-11-22T11:27:04.496+0000] {logging_mixin.py:190} INFO - [2025-11-22T11:27:04.496+0000] {dagbag.py:588} INFO - Filling up the DagBag from /opt/airflow/dags/dag_crawl_search_page.py
[2025-11-22T11:27:04.535+0000] {logging_mixin.py:190} INFO - [2025-11-22T11:27:04.533+0000] {dagbag.py:387} ERROR - Failed to import: /opt/airflow/dags/dag_crawl_search_page.py
Traceback (most recent call last):
  File "/home/airflow/.local/lib/python3.12/site-packages/airflow/models/dagbag.py", line 383, in parse
    loader.exec_module(new_module)
  File "<frozen importlib._bootstrap_external>", line 999, in exec_module
  File "<frozen importlib._bootstrap>", line 488, in _call_with_frames_removed
  File "/opt/airflow/dags/dag_crawl_search_page.py", line 6, in <module>
    from job_crawler.beautifulsoup.crawl_search_page import crawl_multiple_keywords
  File "/opt/airflow/dags/job_crawler/beautifulsoup/crawl_search_page.py", line 160
    
    ^
IndentationError: expected an indented block after function definition on line 159
[2025-11-22T11:27:04.536+0000] {processor.py:927} WARNING - No viable dags retrieved from /opt/airflow/dags/dag_crawl_search_page.py
[2025-11-22T11:27:04.551+0000] {processor.py:208} INFO - Processing /opt/airflow/dags/dag_crawl_search_page.py took 0.063 seconds
[2025-11-22T11:27:34.922+0000] {processor.py:186} INFO - Started process (PID=1375) to work on /opt/airflow/dags/dag_crawl_search_page.py
[2025-11-22T11:27:34.923+0000] {processor.py:914} INFO - Processing file /opt/airflow/dags/dag_crawl_search_page.py for tasks to queue
[2025-11-22T11:27:34.924+0000] {logging_mixin.py:190} INFO - [2025-11-22T11:27:34.923+0000] {dagbag.py:588} INFO - Filling up the DagBag from /opt/airflow/dags/dag_crawl_search_page.py
[2025-11-22T11:27:34.966+0000] {logging_mixin.py:190} INFO - [2025-11-22T11:27:34.963+0000] {dagbag.py:387} ERROR - Failed to import: /opt/airflow/dags/dag_crawl_search_page.py
Traceback (most recent call last):
  File "/home/airflow/.local/lib/python3.12/site-packages/airflow/models/dagbag.py", line 383, in parse
    loader.exec_module(new_module)
  File "<frozen importlib._bootstrap_external>", line 999, in exec_module
  File "<frozen importlib._bootstrap>", line 488, in _call_with_frames_removed
  File "/opt/airflow/dags/dag_crawl_search_page.py", line 6, in <module>
    from job_crawler.beautifulsoup.crawl_search_page import crawl_multiple_keywords
  File "/opt/airflow/dags/job_crawler/beautifulsoup/crawl_search_page.py", line 160
    
    ^
IndentationError: expected an indented block after function definition on line 159
[2025-11-22T11:27:34.967+0000] {processor.py:927} WARNING - No viable dags retrieved from /opt/airflow/dags/dag_crawl_search_page.py
[2025-11-22T11:27:34.982+0000] {processor.py:208} INFO - Processing /opt/airflow/dags/dag_crawl_search_page.py took 0.066 seconds
[2025-11-22T11:28:05.360+0000] {processor.py:186} INFO - Started process (PID=1386) to work on /opt/airflow/dags/dag_crawl_search_page.py
[2025-11-22T11:28:05.362+0000] {processor.py:914} INFO - Processing file /opt/airflow/dags/dag_crawl_search_page.py for tasks to queue
[2025-11-22T11:28:05.363+0000] {logging_mixin.py:190} INFO - [2025-11-22T11:28:05.363+0000] {dagbag.py:588} INFO - Filling up the DagBag from /opt/airflow/dags/dag_crawl_search_page.py
[2025-11-22T11:28:05.408+0000] {logging_mixin.py:190} INFO - [2025-11-22T11:28:05.405+0000] {dagbag.py:387} ERROR - Failed to import: /opt/airflow/dags/dag_crawl_search_page.py
Traceback (most recent call last):
  File "/home/airflow/.local/lib/python3.12/site-packages/airflow/models/dagbag.py", line 383, in parse
    loader.exec_module(new_module)
  File "<frozen importlib._bootstrap_external>", line 999, in exec_module
  File "<frozen importlib._bootstrap>", line 488, in _call_with_frames_removed
  File "/opt/airflow/dags/dag_crawl_search_page.py", line 6, in <module>
    from job_crawler.beautifulsoup.crawl_search_page import crawl_multiple_keywords
  File "/opt/airflow/dags/job_crawler/beautifulsoup/crawl_search_page.py", line 160
    
    ^
IndentationError: expected an indented block after function definition on line 159
[2025-11-22T11:28:05.409+0000] {processor.py:927} WARNING - No viable dags retrieved from /opt/airflow/dags/dag_crawl_search_page.py
[2025-11-22T11:28:05.424+0000] {processor.py:208} INFO - Processing /opt/airflow/dags/dag_crawl_search_page.py took 0.069 seconds
[2025-11-22T11:28:35.813+0000] {processor.py:186} INFO - Started process (PID=1397) to work on /opt/airflow/dags/dag_crawl_search_page.py
[2025-11-22T11:28:35.815+0000] {processor.py:914} INFO - Processing file /opt/airflow/dags/dag_crawl_search_page.py for tasks to queue
[2025-11-22T11:28:35.816+0000] {logging_mixin.py:190} INFO - [2025-11-22T11:28:35.816+0000] {dagbag.py:588} INFO - Filling up the DagBag from /opt/airflow/dags/dag_crawl_search_page.py
[2025-11-22T11:28:35.884+0000] {logging_mixin.py:190} INFO - [2025-11-22T11:28:35.881+0000] {dagbag.py:387} ERROR - Failed to import: /opt/airflow/dags/dag_crawl_search_page.py
Traceback (most recent call last):
  File "/home/airflow/.local/lib/python3.12/site-packages/airflow/models/dagbag.py", line 383, in parse
    loader.exec_module(new_module)
  File "<frozen importlib._bootstrap_external>", line 999, in exec_module
  File "<frozen importlib._bootstrap>", line 488, in _call_with_frames_removed
  File "/opt/airflow/dags/dag_crawl_search_page.py", line 6, in <module>
    from job_crawler.beautifulsoup.crawl_search_page import crawl_multiple_keywords
  File "/opt/airflow/dags/job_crawler/beautifulsoup/crawl_search_page.py", line 160
    
    ^
IndentationError: expected an indented block after function definition on line 159
[2025-11-22T11:28:35.886+0000] {processor.py:927} WARNING - No viable dags retrieved from /opt/airflow/dags/dag_crawl_search_page.py
[2025-11-22T11:28:35.902+0000] {processor.py:208} INFO - Processing /opt/airflow/dags/dag_crawl_search_page.py took 0.094 seconds
[2025-11-22T11:29:06.227+0000] {processor.py:186} INFO - Started process (PID=1408) to work on /opt/airflow/dags/dag_crawl_search_page.py
[2025-11-22T11:29:06.228+0000] {processor.py:914} INFO - Processing file /opt/airflow/dags/dag_crawl_search_page.py for tasks to queue
[2025-11-22T11:29:06.229+0000] {logging_mixin.py:190} INFO - [2025-11-22T11:29:06.229+0000] {dagbag.py:588} INFO - Filling up the DagBag from /opt/airflow/dags/dag_crawl_search_page.py
[2025-11-22T11:29:06.276+0000] {logging_mixin.py:190} INFO - [2025-11-22T11:29:06.274+0000] {dagbag.py:387} ERROR - Failed to import: /opt/airflow/dags/dag_crawl_search_page.py
Traceback (most recent call last):
  File "/home/airflow/.local/lib/python3.12/site-packages/airflow/models/dagbag.py", line 383, in parse
    loader.exec_module(new_module)
  File "<frozen importlib._bootstrap_external>", line 999, in exec_module
  File "<frozen importlib._bootstrap>", line 488, in _call_with_frames_removed
  File "/opt/airflow/dags/dag_crawl_search_page.py", line 6, in <module>
    from job_crawler.beautifulsoup.crawl_search_page import crawl_multiple_keywords
  File "/opt/airflow/dags/job_crawler/beautifulsoup/crawl_search_page.py", line 160
    
    ^
IndentationError: expected an indented block after function definition on line 159
[2025-11-22T11:29:06.277+0000] {processor.py:927} WARNING - No viable dags retrieved from /opt/airflow/dags/dag_crawl_search_page.py
[2025-11-22T11:29:06.295+0000] {processor.py:208} INFO - Processing /opt/airflow/dags/dag_crawl_search_page.py took 0.073 seconds
[2025-11-22T11:29:36.619+0000] {processor.py:186} INFO - Started process (PID=1419) to work on /opt/airflow/dags/dag_crawl_search_page.py
[2025-11-22T11:29:36.620+0000] {processor.py:914} INFO - Processing file /opt/airflow/dags/dag_crawl_search_page.py for tasks to queue
[2025-11-22T11:29:36.622+0000] {logging_mixin.py:190} INFO - [2025-11-22T11:29:36.621+0000] {dagbag.py:588} INFO - Filling up the DagBag from /opt/airflow/dags/dag_crawl_search_page.py
[2025-11-22T11:29:36.660+0000] {logging_mixin.py:190} INFO - [2025-11-22T11:29:36.657+0000] {dagbag.py:387} ERROR - Failed to import: /opt/airflow/dags/dag_crawl_search_page.py
Traceback (most recent call last):
  File "/home/airflow/.local/lib/python3.12/site-packages/airflow/models/dagbag.py", line 383, in parse
    loader.exec_module(new_module)
  File "<frozen importlib._bootstrap_external>", line 999, in exec_module
  File "<frozen importlib._bootstrap>", line 488, in _call_with_frames_removed
  File "/opt/airflow/dags/dag_crawl_search_page.py", line 6, in <module>
    from job_crawler.beautifulsoup.crawl_search_page import crawl_multiple_keywords
  File "/opt/airflow/dags/job_crawler/beautifulsoup/crawl_search_page.py", line 160
    
    ^
IndentationError: expected an indented block after function definition on line 159
[2025-11-22T11:29:36.663+0000] {processor.py:927} WARNING - No viable dags retrieved from /opt/airflow/dags/dag_crawl_search_page.py
[2025-11-22T11:29:36.679+0000] {processor.py:208} INFO - Processing /opt/airflow/dags/dag_crawl_search_page.py took 0.065 seconds
[2025-11-22T11:30:07.401+0000] {processor.py:186} INFO - Started process (PID=1430) to work on /opt/airflow/dags/dag_crawl_search_page.py
[2025-11-22T11:30:07.402+0000] {processor.py:914} INFO - Processing file /opt/airflow/dags/dag_crawl_search_page.py for tasks to queue
[2025-11-22T11:30:07.403+0000] {logging_mixin.py:190} INFO - [2025-11-22T11:30:07.403+0000] {dagbag.py:588} INFO - Filling up the DagBag from /opt/airflow/dags/dag_crawl_search_page.py
[2025-11-22T11:30:07.442+0000] {logging_mixin.py:190} INFO - [2025-11-22T11:30:07.440+0000] {dagbag.py:387} ERROR - Failed to import: /opt/airflow/dags/dag_crawl_search_page.py
Traceback (most recent call last):
  File "/home/airflow/.local/lib/python3.12/site-packages/airflow/models/dagbag.py", line 383, in parse
    loader.exec_module(new_module)
  File "<frozen importlib._bootstrap_external>", line 999, in exec_module
  File "<frozen importlib._bootstrap>", line 488, in _call_with_frames_removed
  File "/opt/airflow/dags/dag_crawl_search_page.py", line 6, in <module>
    from job_crawler.beautifulsoup.crawl_search_page import crawl_multiple_keywords
  File "/opt/airflow/dags/job_crawler/beautifulsoup/crawl_search_page.py", line 160
    
    ^
IndentationError: expected an indented block after function definition on line 159
[2025-11-22T11:30:07.443+0000] {processor.py:927} WARNING - No viable dags retrieved from /opt/airflow/dags/dag_crawl_search_page.py
[2025-11-22T11:30:07.458+0000] {processor.py:208} INFO - Processing /opt/airflow/dags/dag_crawl_search_page.py took 0.063 seconds
[2025-11-22T11:30:37.858+0000] {processor.py:186} INFO - Started process (PID=1441) to work on /opt/airflow/dags/dag_crawl_search_page.py
[2025-11-22T11:30:37.859+0000] {processor.py:914} INFO - Processing file /opt/airflow/dags/dag_crawl_search_page.py for tasks to queue
[2025-11-22T11:30:37.861+0000] {logging_mixin.py:190} INFO - [2025-11-22T11:30:37.860+0000] {dagbag.py:588} INFO - Filling up the DagBag from /opt/airflow/dags/dag_crawl_search_page.py
[2025-11-22T11:30:37.911+0000] {logging_mixin.py:190} INFO - [2025-11-22T11:30:37.908+0000] {dagbag.py:387} ERROR - Failed to import: /opt/airflow/dags/dag_crawl_search_page.py
Traceback (most recent call last):
  File "/home/airflow/.local/lib/python3.12/site-packages/airflow/models/dagbag.py", line 383, in parse
    loader.exec_module(new_module)
  File "<frozen importlib._bootstrap_external>", line 999, in exec_module
  File "<frozen importlib._bootstrap>", line 488, in _call_with_frames_removed
  File "/opt/airflow/dags/dag_crawl_search_page.py", line 6, in <module>
    from job_crawler.beautifulsoup.crawl_search_page import crawl_multiple_keywords
  File "/opt/airflow/dags/job_crawler/beautifulsoup/crawl_search_page.py", line 160
    
    ^
IndentationError: expected an indented block after function definition on line 159
[2025-11-22T11:30:37.912+0000] {processor.py:927} WARNING - No viable dags retrieved from /opt/airflow/dags/dag_crawl_search_page.py
[2025-11-22T11:30:37.927+0000] {processor.py:208} INFO - Processing /opt/airflow/dags/dag_crawl_search_page.py took 0.074 seconds
[2025-11-22T11:31:08.299+0000] {processor.py:186} INFO - Started process (PID=1453) to work on /opt/airflow/dags/dag_crawl_search_page.py
[2025-11-22T11:31:08.300+0000] {processor.py:914} INFO - Processing file /opt/airflow/dags/dag_crawl_search_page.py for tasks to queue
[2025-11-22T11:31:08.301+0000] {logging_mixin.py:190} INFO - [2025-11-22T11:31:08.301+0000] {dagbag.py:588} INFO - Filling up the DagBag from /opt/airflow/dags/dag_crawl_search_page.py
[2025-11-22T11:31:08.349+0000] {logging_mixin.py:190} INFO - [2025-11-22T11:31:08.346+0000] {dagbag.py:387} ERROR - Failed to import: /opt/airflow/dags/dag_crawl_search_page.py
Traceback (most recent call last):
  File "/home/airflow/.local/lib/python3.12/site-packages/airflow/models/dagbag.py", line 383, in parse
    loader.exec_module(new_module)
  File "<frozen importlib._bootstrap_external>", line 999, in exec_module
  File "<frozen importlib._bootstrap>", line 488, in _call_with_frames_removed
  File "/opt/airflow/dags/dag_crawl_search_page.py", line 6, in <module>
    from job_crawler.beautifulsoup.crawl_search_page import crawl_multiple_keywords
  File "/opt/airflow/dags/job_crawler/beautifulsoup/crawl_search_page.py", line 160
    
    ^
IndentationError: expected an indented block after function definition on line 159
[2025-11-22T11:31:08.350+0000] {processor.py:927} WARNING - No viable dags retrieved from /opt/airflow/dags/dag_crawl_search_page.py
[2025-11-22T11:31:08.364+0000] {processor.py:208} INFO - Processing /opt/airflow/dags/dag_crawl_search_page.py took 0.072 seconds
[2025-11-22T11:31:38.746+0000] {processor.py:186} INFO - Started process (PID=1464) to work on /opt/airflow/dags/dag_crawl_search_page.py
[2025-11-22T11:31:38.747+0000] {processor.py:914} INFO - Processing file /opt/airflow/dags/dag_crawl_search_page.py for tasks to queue
[2025-11-22T11:31:38.748+0000] {logging_mixin.py:190} INFO - [2025-11-22T11:31:38.747+0000] {dagbag.py:588} INFO - Filling up the DagBag from /opt/airflow/dags/dag_crawl_search_page.py
[2025-11-22T11:31:38.796+0000] {logging_mixin.py:190} INFO - [2025-11-22T11:31:38.793+0000] {dagbag.py:387} ERROR - Failed to import: /opt/airflow/dags/dag_crawl_search_page.py
Traceback (most recent call last):
  File "/home/airflow/.local/lib/python3.12/site-packages/airflow/models/dagbag.py", line 383, in parse
    loader.exec_module(new_module)
  File "<frozen importlib._bootstrap_external>", line 999, in exec_module
  File "<frozen importlib._bootstrap>", line 488, in _call_with_frames_removed
  File "/opt/airflow/dags/dag_crawl_search_page.py", line 6, in <module>
    from job_crawler.beautifulsoup.crawl_search_page import crawl_multiple_keywords
  File "/opt/airflow/dags/job_crawler/beautifulsoup/crawl_search_page.py", line 160
    
    ^
IndentationError: expected an indented block after function definition on line 159
[2025-11-22T11:31:38.797+0000] {processor.py:927} WARNING - No viable dags retrieved from /opt/airflow/dags/dag_crawl_search_page.py
[2025-11-22T11:31:38.812+0000] {processor.py:208} INFO - Processing /opt/airflow/dags/dag_crawl_search_page.py took 0.072 seconds
[2025-11-22T11:32:09.179+0000] {processor.py:186} INFO - Started process (PID=1475) to work on /opt/airflow/dags/dag_crawl_search_page.py
[2025-11-22T11:32:09.180+0000] {processor.py:914} INFO - Processing file /opt/airflow/dags/dag_crawl_search_page.py for tasks to queue
[2025-11-22T11:32:09.182+0000] {logging_mixin.py:190} INFO - [2025-11-22T11:32:09.181+0000] {dagbag.py:588} INFO - Filling up the DagBag from /opt/airflow/dags/dag_crawl_search_page.py
[2025-11-22T11:32:09.229+0000] {logging_mixin.py:190} INFO - [2025-11-22T11:32:09.226+0000] {dagbag.py:387} ERROR - Failed to import: /opt/airflow/dags/dag_crawl_search_page.py
Traceback (most recent call last):
  File "/home/airflow/.local/lib/python3.12/site-packages/airflow/models/dagbag.py", line 383, in parse
    loader.exec_module(new_module)
  File "<frozen importlib._bootstrap_external>", line 999, in exec_module
  File "<frozen importlib._bootstrap>", line 488, in _call_with_frames_removed
  File "/opt/airflow/dags/dag_crawl_search_page.py", line 6, in <module>
    from job_crawler.beautifulsoup.crawl_search_page import crawl_multiple_keywords
  File "/opt/airflow/dags/job_crawler/beautifulsoup/crawl_search_page.py", line 160
    
    ^
IndentationError: expected an indented block after function definition on line 159
[2025-11-22T11:32:09.230+0000] {processor.py:927} WARNING - No viable dags retrieved from /opt/airflow/dags/dag_crawl_search_page.py
[2025-11-22T11:32:09.245+0000] {processor.py:208} INFO - Processing /opt/airflow/dags/dag_crawl_search_page.py took 0.072 seconds
[2025-11-22T11:32:39.731+0000] {processor.py:186} INFO - Started process (PID=1486) to work on /opt/airflow/dags/dag_crawl_search_page.py
[2025-11-22T11:32:39.733+0000] {processor.py:914} INFO - Processing file /opt/airflow/dags/dag_crawl_search_page.py for tasks to queue
[2025-11-22T11:32:39.734+0000] {logging_mixin.py:190} INFO - [2025-11-22T11:32:39.734+0000] {dagbag.py:588} INFO - Filling up the DagBag from /opt/airflow/dags/dag_crawl_search_page.py
[2025-11-22T11:32:39.782+0000] {logging_mixin.py:190} INFO - [2025-11-22T11:32:39.780+0000] {dagbag.py:387} ERROR - Failed to import: /opt/airflow/dags/dag_crawl_search_page.py
Traceback (most recent call last):
  File "/home/airflow/.local/lib/python3.12/site-packages/airflow/models/dagbag.py", line 383, in parse
    loader.exec_module(new_module)
  File "<frozen importlib._bootstrap_external>", line 999, in exec_module
  File "<frozen importlib._bootstrap>", line 488, in _call_with_frames_removed
  File "/opt/airflow/dags/dag_crawl_search_page.py", line 6, in <module>
    from job_crawler.beautifulsoup.crawl_search_page import crawl_multiple_keywords
  File "/opt/airflow/dags/job_crawler/beautifulsoup/crawl_search_page.py", line 160
    
    ^
IndentationError: expected an indented block after function definition on line 159
[2025-11-22T11:32:39.783+0000] {processor.py:927} WARNING - No viable dags retrieved from /opt/airflow/dags/dag_crawl_search_page.py
[2025-11-22T11:32:39.798+0000] {processor.py:208} INFO - Processing /opt/airflow/dags/dag_crawl_search_page.py took 0.072 seconds
[2025-11-22T11:33:10.133+0000] {processor.py:186} INFO - Started process (PID=1497) to work on /opt/airflow/dags/dag_crawl_search_page.py
[2025-11-22T11:33:10.134+0000] {processor.py:914} INFO - Processing file /opt/airflow/dags/dag_crawl_search_page.py for tasks to queue
[2025-11-22T11:33:10.135+0000] {logging_mixin.py:190} INFO - [2025-11-22T11:33:10.135+0000] {dagbag.py:588} INFO - Filling up the DagBag from /opt/airflow/dags/dag_crawl_search_page.py
[2025-11-22T11:33:10.179+0000] {logging_mixin.py:190} INFO - [2025-11-22T11:33:10.176+0000] {dagbag.py:387} ERROR - Failed to import: /opt/airflow/dags/dag_crawl_search_page.py
Traceback (most recent call last):
  File "/home/airflow/.local/lib/python3.12/site-packages/airflow/models/dagbag.py", line 383, in parse
    loader.exec_module(new_module)
  File "<frozen importlib._bootstrap_external>", line 999, in exec_module
  File "<frozen importlib._bootstrap>", line 488, in _call_with_frames_removed
  File "/opt/airflow/dags/dag_crawl_search_page.py", line 6, in <module>
    from job_crawler.beautifulsoup.crawl_search_page import crawl_multiple_keywords
  File "/opt/airflow/dags/job_crawler/beautifulsoup/crawl_search_page.py", line 160
    
    ^
IndentationError: expected an indented block after function definition on line 159
[2025-11-22T11:33:10.180+0000] {processor.py:927} WARNING - No viable dags retrieved from /opt/airflow/dags/dag_crawl_search_page.py
[2025-11-22T11:33:10.195+0000] {processor.py:208} INFO - Processing /opt/airflow/dags/dag_crawl_search_page.py took 0.067 seconds
[2025-11-22T11:33:40.635+0000] {processor.py:186} INFO - Started process (PID=1508) to work on /opt/airflow/dags/dag_crawl_search_page.py
[2025-11-22T11:33:40.636+0000] {processor.py:914} INFO - Processing file /opt/airflow/dags/dag_crawl_search_page.py for tasks to queue
[2025-11-22T11:33:40.637+0000] {logging_mixin.py:190} INFO - [2025-11-22T11:33:40.637+0000] {dagbag.py:588} INFO - Filling up the DagBag from /opt/airflow/dags/dag_crawl_search_page.py
[2025-11-22T11:33:40.689+0000] {logging_mixin.py:190} INFO - [2025-11-22T11:33:40.686+0000] {dagbag.py:387} ERROR - Failed to import: /opt/airflow/dags/dag_crawl_search_page.py
Traceback (most recent call last):
  File "/home/airflow/.local/lib/python3.12/site-packages/airflow/models/dagbag.py", line 383, in parse
    loader.exec_module(new_module)
  File "<frozen importlib._bootstrap_external>", line 999, in exec_module
  File "<frozen importlib._bootstrap>", line 488, in _call_with_frames_removed
  File "/opt/airflow/dags/dag_crawl_search_page.py", line 6, in <module>
    from job_crawler.beautifulsoup.crawl_search_page import crawl_multiple_keywords
  File "/opt/airflow/dags/job_crawler/beautifulsoup/crawl_search_page.py", line 160
    
    ^
IndentationError: expected an indented block after function definition on line 159
[2025-11-22T11:33:40.690+0000] {processor.py:927} WARNING - No viable dags retrieved from /opt/airflow/dags/dag_crawl_search_page.py
[2025-11-22T11:33:40.705+0000] {processor.py:208} INFO - Processing /opt/airflow/dags/dag_crawl_search_page.py took 0.075 seconds
[2025-11-22T11:34:11.063+0000] {processor.py:186} INFO - Started process (PID=1519) to work on /opt/airflow/dags/dag_crawl_search_page.py
[2025-11-22T11:34:11.064+0000] {processor.py:914} INFO - Processing file /opt/airflow/dags/dag_crawl_search_page.py for tasks to queue
[2025-11-22T11:34:11.065+0000] {logging_mixin.py:190} INFO - [2025-11-22T11:34:11.065+0000] {dagbag.py:588} INFO - Filling up the DagBag from /opt/airflow/dags/dag_crawl_search_page.py
[2025-11-22T11:34:11.115+0000] {logging_mixin.py:190} INFO - [2025-11-22T11:34:11.112+0000] {dagbag.py:387} ERROR - Failed to import: /opt/airflow/dags/dag_crawl_search_page.py
Traceback (most recent call last):
  File "/home/airflow/.local/lib/python3.12/site-packages/airflow/models/dagbag.py", line 383, in parse
    loader.exec_module(new_module)
  File "<frozen importlib._bootstrap_external>", line 999, in exec_module
  File "<frozen importlib._bootstrap>", line 488, in _call_with_frames_removed
  File "/opt/airflow/dags/dag_crawl_search_page.py", line 6, in <module>
    from job_crawler.beautifulsoup.crawl_search_page import crawl_multiple_keywords
  File "/opt/airflow/dags/job_crawler/beautifulsoup/crawl_search_page.py", line 160
    
    ^
IndentationError: expected an indented block after function definition on line 159
[2025-11-22T11:34:11.116+0000] {processor.py:927} WARNING - No viable dags retrieved from /opt/airflow/dags/dag_crawl_search_page.py
[2025-11-22T11:34:11.131+0000] {processor.py:208} INFO - Processing /opt/airflow/dags/dag_crawl_search_page.py took 0.074 seconds
[2025-11-22T11:34:41.792+0000] {processor.py:186} INFO - Started process (PID=1530) to work on /opt/airflow/dags/dag_crawl_search_page.py
[2025-11-22T11:34:41.793+0000] {processor.py:914} INFO - Processing file /opt/airflow/dags/dag_crawl_search_page.py for tasks to queue
[2025-11-22T11:34:41.794+0000] {logging_mixin.py:190} INFO - [2025-11-22T11:34:41.794+0000] {dagbag.py:588} INFO - Filling up the DagBag from /opt/airflow/dags/dag_crawl_search_page.py
[2025-11-22T11:34:41.831+0000] {logging_mixin.py:190} INFO - [2025-11-22T11:34:41.828+0000] {dagbag.py:387} ERROR - Failed to import: /opt/airflow/dags/dag_crawl_search_page.py
Traceback (most recent call last):
  File "/home/airflow/.local/lib/python3.12/site-packages/airflow/models/dagbag.py", line 383, in parse
    loader.exec_module(new_module)
  File "<frozen importlib._bootstrap_external>", line 999, in exec_module
  File "<frozen importlib._bootstrap>", line 488, in _call_with_frames_removed
  File "/opt/airflow/dags/dag_crawl_search_page.py", line 6, in <module>
    from job_crawler.beautifulsoup.crawl_search_page import crawl_multiple_keywords
  File "/opt/airflow/dags/job_crawler/beautifulsoup/crawl_search_page.py", line 160
    
    ^
IndentationError: expected an indented block after function definition on line 159
[2025-11-22T11:34:41.832+0000] {processor.py:927} WARNING - No viable dags retrieved from /opt/airflow/dags/dag_crawl_search_page.py
[2025-11-22T11:34:41.847+0000] {processor.py:208} INFO - Processing /opt/airflow/dags/dag_crawl_search_page.py took 0.061 seconds
[2025-11-22T11:35:12.199+0000] {processor.py:186} INFO - Started process (PID=1541) to work on /opt/airflow/dags/dag_crawl_search_page.py
[2025-11-22T11:35:12.200+0000] {processor.py:914} INFO - Processing file /opt/airflow/dags/dag_crawl_search_page.py for tasks to queue
[2025-11-22T11:35:12.202+0000] {logging_mixin.py:190} INFO - [2025-11-22T11:35:12.201+0000] {dagbag.py:588} INFO - Filling up the DagBag from /opt/airflow/dags/dag_crawl_search_page.py
[2025-11-22T11:35:12.247+0000] {logging_mixin.py:190} INFO - [2025-11-22T11:35:12.244+0000] {dagbag.py:387} ERROR - Failed to import: /opt/airflow/dags/dag_crawl_search_page.py
Traceback (most recent call last):
  File "/home/airflow/.local/lib/python3.12/site-packages/airflow/models/dagbag.py", line 383, in parse
    loader.exec_module(new_module)
  File "<frozen importlib._bootstrap_external>", line 999, in exec_module
  File "<frozen importlib._bootstrap>", line 488, in _call_with_frames_removed
  File "/opt/airflow/dags/dag_crawl_search_page.py", line 6, in <module>
    from job_crawler.beautifulsoup.crawl_search_page import crawl_multiple_keywords
  File "/opt/airflow/dags/job_crawler/beautifulsoup/crawl_search_page.py", line 160
    
    ^
IndentationError: expected an indented block after function definition on line 159
[2025-11-22T11:35:12.248+0000] {processor.py:927} WARNING - No viable dags retrieved from /opt/airflow/dags/dag_crawl_search_page.py
[2025-11-22T11:35:12.264+0000] {processor.py:208} INFO - Processing /opt/airflow/dags/dag_crawl_search_page.py took 0.072 seconds
[2025-11-22T11:35:42.631+0000] {processor.py:186} INFO - Started process (PID=1552) to work on /opt/airflow/dags/dag_crawl_search_page.py
[2025-11-22T11:35:42.632+0000] {processor.py:914} INFO - Processing file /opt/airflow/dags/dag_crawl_search_page.py for tasks to queue
[2025-11-22T11:35:42.633+0000] {logging_mixin.py:190} INFO - [2025-11-22T11:35:42.633+0000] {dagbag.py:588} INFO - Filling up the DagBag from /opt/airflow/dags/dag_crawl_search_page.py
[2025-11-22T11:35:42.680+0000] {logging_mixin.py:190} INFO - [2025-11-22T11:35:42.678+0000] {dagbag.py:387} ERROR - Failed to import: /opt/airflow/dags/dag_crawl_search_page.py
Traceback (most recent call last):
  File "/home/airflow/.local/lib/python3.12/site-packages/airflow/models/dagbag.py", line 383, in parse
    loader.exec_module(new_module)
  File "<frozen importlib._bootstrap_external>", line 999, in exec_module
  File "<frozen importlib._bootstrap>", line 488, in _call_with_frames_removed
  File "/opt/airflow/dags/dag_crawl_search_page.py", line 6, in <module>
    from job_crawler.beautifulsoup.crawl_search_page import crawl_multiple_keywords
  File "/opt/airflow/dags/job_crawler/beautifulsoup/crawl_search_page.py", line 160
    
    ^
IndentationError: expected an indented block after function definition on line 159
[2025-11-22T11:35:42.681+0000] {processor.py:927} WARNING - No viable dags retrieved from /opt/airflow/dags/dag_crawl_search_page.py
[2025-11-22T11:35:42.696+0000] {processor.py:208} INFO - Processing /opt/airflow/dags/dag_crawl_search_page.py took 0.071 seconds
[2025-11-22T11:36:13.092+0000] {processor.py:186} INFO - Started process (PID=1563) to work on /opt/airflow/dags/dag_crawl_search_page.py
[2025-11-22T11:36:13.094+0000] {processor.py:914} INFO - Processing file /opt/airflow/dags/dag_crawl_search_page.py for tasks to queue
[2025-11-22T11:36:13.095+0000] {logging_mixin.py:190} INFO - [2025-11-22T11:36:13.095+0000] {dagbag.py:588} INFO - Filling up the DagBag from /opt/airflow/dags/dag_crawl_search_page.py
[2025-11-22T11:36:13.150+0000] {logging_mixin.py:190} INFO - [2025-11-22T11:36:13.148+0000] {dagbag.py:387} ERROR - Failed to import: /opt/airflow/dags/dag_crawl_search_page.py
Traceback (most recent call last):
  File "/home/airflow/.local/lib/python3.12/site-packages/airflow/models/dagbag.py", line 383, in parse
    loader.exec_module(new_module)
  File "<frozen importlib._bootstrap_external>", line 999, in exec_module
  File "<frozen importlib._bootstrap>", line 488, in _call_with_frames_removed
  File "/opt/airflow/dags/dag_crawl_search_page.py", line 6, in <module>
    from job_crawler.beautifulsoup.crawl_search_page import crawl_multiple_keywords
  File "/opt/airflow/dags/job_crawler/beautifulsoup/crawl_search_page.py", line 160
    
    ^
IndentationError: expected an indented block after function definition on line 159
[2025-11-22T11:36:13.151+0000] {processor.py:927} WARNING - No viable dags retrieved from /opt/airflow/dags/dag_crawl_search_page.py
[2025-11-22T11:36:13.166+0000] {processor.py:208} INFO - Processing /opt/airflow/dags/dag_crawl_search_page.py took 0.080 seconds
[2025-11-22T11:36:43.560+0000] {processor.py:186} INFO - Started process (PID=1574) to work on /opt/airflow/dags/dag_crawl_search_page.py
[2025-11-22T11:36:43.561+0000] {processor.py:914} INFO - Processing file /opt/airflow/dags/dag_crawl_search_page.py for tasks to queue
[2025-11-22T11:36:43.562+0000] {logging_mixin.py:190} INFO - [2025-11-22T11:36:43.562+0000] {dagbag.py:588} INFO - Filling up the DagBag from /opt/airflow/dags/dag_crawl_search_page.py
[2025-11-22T11:36:43.625+0000] {logging_mixin.py:190} INFO - [2025-11-22T11:36:43.620+0000] {dagbag.py:387} ERROR - Failed to import: /opt/airflow/dags/dag_crawl_search_page.py
Traceback (most recent call last):
  File "/home/airflow/.local/lib/python3.12/site-packages/airflow/models/dagbag.py", line 383, in parse
    loader.exec_module(new_module)
  File "<frozen importlib._bootstrap_external>", line 999, in exec_module
  File "<frozen importlib._bootstrap>", line 488, in _call_with_frames_removed
  File "/opt/airflow/dags/dag_crawl_search_page.py", line 6, in <module>
    from job_crawler.beautifulsoup.crawl_search_page import crawl_multiple_keywords
  File "/opt/airflow/dags/job_crawler/beautifulsoup/crawl_search_page.py", line 160
    
    ^
IndentationError: expected an indented block after function definition on line 159
[2025-11-22T11:36:43.627+0000] {processor.py:927} WARNING - No viable dags retrieved from /opt/airflow/dags/dag_crawl_search_page.py
[2025-11-22T11:36:43.651+0000] {processor.py:208} INFO - Processing /opt/airflow/dags/dag_crawl_search_page.py took 0.097 seconds
[2025-11-22T11:37:13.955+0000] {processor.py:186} INFO - Started process (PID=1585) to work on /opt/airflow/dags/dag_crawl_search_page.py
[2025-11-22T11:37:13.956+0000] {processor.py:914} INFO - Processing file /opt/airflow/dags/dag_crawl_search_page.py for tasks to queue
[2025-11-22T11:37:13.958+0000] {logging_mixin.py:190} INFO - [2025-11-22T11:37:13.957+0000] {dagbag.py:588} INFO - Filling up the DagBag from /opt/airflow/dags/dag_crawl_search_page.py
[2025-11-22T11:37:14.010+0000] {logging_mixin.py:190} INFO - [2025-11-22T11:37:14.007+0000] {dagbag.py:387} ERROR - Failed to import: /opt/airflow/dags/dag_crawl_search_page.py
Traceback (most recent call last):
  File "/home/airflow/.local/lib/python3.12/site-packages/airflow/models/dagbag.py", line 383, in parse
    loader.exec_module(new_module)
  File "<frozen importlib._bootstrap_external>", line 999, in exec_module
  File "<frozen importlib._bootstrap>", line 488, in _call_with_frames_removed
  File "/opt/airflow/dags/dag_crawl_search_page.py", line 6, in <module>
    from job_crawler.beautifulsoup.crawl_search_page import crawl_multiple_keywords
  File "/opt/airflow/dags/job_crawler/beautifulsoup/crawl_search_page.py", line 160
    
    ^
IndentationError: expected an indented block after function definition on line 159
[2025-11-22T11:37:14.011+0000] {processor.py:927} WARNING - No viable dags retrieved from /opt/airflow/dags/dag_crawl_search_page.py
[2025-11-22T11:37:14.027+0000] {processor.py:208} INFO - Processing /opt/airflow/dags/dag_crawl_search_page.py took 0.077 seconds
[2025-11-22T11:37:44.381+0000] {processor.py:186} INFO - Started process (PID=1596) to work on /opt/airflow/dags/dag_crawl_search_page.py
[2025-11-22T11:37:44.382+0000] {processor.py:914} INFO - Processing file /opt/airflow/dags/dag_crawl_search_page.py for tasks to queue
[2025-11-22T11:37:44.385+0000] {logging_mixin.py:190} INFO - [2025-11-22T11:37:44.384+0000] {dagbag.py:588} INFO - Filling up the DagBag from /opt/airflow/dags/dag_crawl_search_page.py
[2025-11-22T11:37:44.421+0000] {logging_mixin.py:190} INFO - [2025-11-22T11:37:44.418+0000] {dagbag.py:387} ERROR - Failed to import: /opt/airflow/dags/dag_crawl_search_page.py
Traceback (most recent call last):
  File "/home/airflow/.local/lib/python3.12/site-packages/airflow/models/dagbag.py", line 383, in parse
    loader.exec_module(new_module)
  File "<frozen importlib._bootstrap_external>", line 999, in exec_module
  File "<frozen importlib._bootstrap>", line 488, in _call_with_frames_removed
  File "/opt/airflow/dags/dag_crawl_search_page.py", line 6, in <module>
    from job_crawler.beautifulsoup.crawl_search_page import crawl_multiple_keywords
  File "/opt/airflow/dags/job_crawler/beautifulsoup/crawl_search_page.py", line 160
    
    ^
IndentationError: expected an indented block after function definition on line 159
[2025-11-22T11:37:44.422+0000] {processor.py:927} WARNING - No viable dags retrieved from /opt/airflow/dags/dag_crawl_search_page.py
[2025-11-22T11:37:44.436+0000] {processor.py:208} INFO - Processing /opt/airflow/dags/dag_crawl_search_page.py took 0.060 seconds
[2025-11-22T11:38:14.752+0000] {processor.py:186} INFO - Started process (PID=1607) to work on /opt/airflow/dags/dag_crawl_search_page.py
[2025-11-22T11:38:14.753+0000] {processor.py:914} INFO - Processing file /opt/airflow/dags/dag_crawl_search_page.py for tasks to queue
[2025-11-22T11:38:14.755+0000] {logging_mixin.py:190} INFO - [2025-11-22T11:38:14.754+0000] {dagbag.py:588} INFO - Filling up the DagBag from /opt/airflow/dags/dag_crawl_search_page.py
[2025-11-22T11:38:14.797+0000] {logging_mixin.py:190} INFO - [2025-11-22T11:38:14.795+0000] {dagbag.py:387} ERROR - Failed to import: /opt/airflow/dags/dag_crawl_search_page.py
Traceback (most recent call last):
  File "/home/airflow/.local/lib/python3.12/site-packages/airflow/models/dagbag.py", line 383, in parse
    loader.exec_module(new_module)
  File "<frozen importlib._bootstrap_external>", line 999, in exec_module
  File "<frozen importlib._bootstrap>", line 488, in _call_with_frames_removed
  File "/opt/airflow/dags/dag_crawl_search_page.py", line 6, in <module>
    from job_crawler.beautifulsoup.crawl_search_page import crawl_multiple_keywords
  File "/opt/airflow/dags/job_crawler/beautifulsoup/crawl_search_page.py", line 160
    
    ^
IndentationError: expected an indented block after function definition on line 159
[2025-11-22T11:38:14.798+0000] {processor.py:927} WARNING - No viable dags retrieved from /opt/airflow/dags/dag_crawl_search_page.py
[2025-11-22T11:38:14.815+0000] {processor.py:208} INFO - Processing /opt/airflow/dags/dag_crawl_search_page.py took 0.071 seconds
[2025-11-22T11:38:45.248+0000] {processor.py:186} INFO - Started process (PID=1618) to work on /opt/airflow/dags/dag_crawl_search_page.py
[2025-11-22T11:38:45.249+0000] {processor.py:914} INFO - Processing file /opt/airflow/dags/dag_crawl_search_page.py for tasks to queue
[2025-11-22T11:38:45.250+0000] {logging_mixin.py:190} INFO - [2025-11-22T11:38:45.250+0000] {dagbag.py:588} INFO - Filling up the DagBag from /opt/airflow/dags/dag_crawl_search_page.py
[2025-11-22T11:38:45.284+0000] {logging_mixin.py:190} INFO - [2025-11-22T11:38:45.282+0000] {dagbag.py:387} ERROR - Failed to import: /opt/airflow/dags/dag_crawl_search_page.py
Traceback (most recent call last):
  File "/home/airflow/.local/lib/python3.12/site-packages/airflow/models/dagbag.py", line 383, in parse
    loader.exec_module(new_module)
  File "<frozen importlib._bootstrap_external>", line 999, in exec_module
  File "<frozen importlib._bootstrap>", line 488, in _call_with_frames_removed
  File "/opt/airflow/dags/dag_crawl_search_page.py", line 6, in <module>
    from job_crawler.beautifulsoup.crawl_search_page import crawl_multiple_keywords
  File "/opt/airflow/dags/job_crawler/beautifulsoup/crawl_search_page.py", line 160
    
    ^
IndentationError: expected an indented block after function definition on line 159
[2025-11-22T11:38:45.286+0000] {processor.py:927} WARNING - No viable dags retrieved from /opt/airflow/dags/dag_crawl_search_page.py
[2025-11-22T11:38:45.300+0000] {processor.py:208} INFO - Processing /opt/airflow/dags/dag_crawl_search_page.py took 0.058 seconds
[2025-11-22T11:39:15.680+0000] {processor.py:186} INFO - Started process (PID=1629) to work on /opt/airflow/dags/dag_crawl_search_page.py
[2025-11-22T11:39:15.681+0000] {processor.py:914} INFO - Processing file /opt/airflow/dags/dag_crawl_search_page.py for tasks to queue
[2025-11-22T11:39:15.683+0000] {logging_mixin.py:190} INFO - [2025-11-22T11:39:15.682+0000] {dagbag.py:588} INFO - Filling up the DagBag from /opt/airflow/dags/dag_crawl_search_page.py
[2025-11-22T11:39:15.730+0000] {logging_mixin.py:190} INFO - [2025-11-22T11:39:15.727+0000] {dagbag.py:387} ERROR - Failed to import: /opt/airflow/dags/dag_crawl_search_page.py
Traceback (most recent call last):
  File "/home/airflow/.local/lib/python3.12/site-packages/airflow/models/dagbag.py", line 383, in parse
    loader.exec_module(new_module)
  File "<frozen importlib._bootstrap_external>", line 999, in exec_module
  File "<frozen importlib._bootstrap>", line 488, in _call_with_frames_removed
  File "/opt/airflow/dags/dag_crawl_search_page.py", line 6, in <module>
    from job_crawler.beautifulsoup.crawl_search_page import crawl_multiple_keywords
  File "/opt/airflow/dags/job_crawler/beautifulsoup/crawl_search_page.py", line 160
    
    ^
IndentationError: expected an indented block after function definition on line 159
[2025-11-22T11:39:15.731+0000] {processor.py:927} WARNING - No viable dags retrieved from /opt/airflow/dags/dag_crawl_search_page.py
[2025-11-22T11:39:15.746+0000] {processor.py:208} INFO - Processing /opt/airflow/dags/dag_crawl_search_page.py took 0.074 seconds
[2025-11-22T11:39:46.421+0000] {processor.py:186} INFO - Started process (PID=1646) to work on /opt/airflow/dags/dag_crawl_search_page.py
[2025-11-22T11:39:46.422+0000] {processor.py:914} INFO - Processing file /opt/airflow/dags/dag_crawl_search_page.py for tasks to queue
[2025-11-22T11:39:46.423+0000] {logging_mixin.py:190} INFO - [2025-11-22T11:39:46.423+0000] {dagbag.py:588} INFO - Filling up the DagBag from /opt/airflow/dags/dag_crawl_search_page.py
[2025-11-22T11:39:46.488+0000] {logging_mixin.py:190} INFO - [2025-11-22T11:39:46.483+0000] {dagbag.py:387} ERROR - Failed to import: /opt/airflow/dags/dag_crawl_search_page.py
Traceback (most recent call last):
  File "/home/airflow/.local/lib/python3.12/site-packages/airflow/models/dagbag.py", line 383, in parse
    loader.exec_module(new_module)
  File "<frozen importlib._bootstrap_external>", line 999, in exec_module
  File "<frozen importlib._bootstrap>", line 488, in _call_with_frames_removed
  File "/opt/airflow/dags/dag_crawl_search_page.py", line 6, in <module>
    from job_crawler.beautifulsoup.crawl_search_page import crawl_multiple_keywords
  File "/opt/airflow/dags/job_crawler/beautifulsoup/crawl_search_page.py", line 160
    
    ^
IndentationError: expected an indented block after function definition on line 159
[2025-11-22T11:39:46.489+0000] {processor.py:927} WARNING - No viable dags retrieved from /opt/airflow/dags/dag_crawl_search_page.py
[2025-11-22T11:39:46.508+0000] {processor.py:208} INFO - Processing /opt/airflow/dags/dag_crawl_search_page.py took 0.093 seconds
[2025-11-22T11:40:16.846+0000] {processor.py:186} INFO - Started process (PID=1657) to work on /opt/airflow/dags/dag_crawl_search_page.py
[2025-11-22T11:40:16.847+0000] {processor.py:914} INFO - Processing file /opt/airflow/dags/dag_crawl_search_page.py for tasks to queue
[2025-11-22T11:40:16.848+0000] {logging_mixin.py:190} INFO - [2025-11-22T11:40:16.848+0000] {dagbag.py:588} INFO - Filling up the DagBag from /opt/airflow/dags/dag_crawl_search_page.py
[2025-11-22T11:40:16.899+0000] {logging_mixin.py:190} INFO - [2025-11-22T11:40:16.897+0000] {dagbag.py:387} ERROR - Failed to import: /opt/airflow/dags/dag_crawl_search_page.py
Traceback (most recent call last):
  File "/home/airflow/.local/lib/python3.12/site-packages/airflow/models/dagbag.py", line 383, in parse
    loader.exec_module(new_module)
  File "<frozen importlib._bootstrap_external>", line 999, in exec_module
  File "<frozen importlib._bootstrap>", line 488, in _call_with_frames_removed
  File "/opt/airflow/dags/dag_crawl_search_page.py", line 6, in <module>
    from job_crawler.beautifulsoup.crawl_search_page import crawl_multiple_keywords
  File "/opt/airflow/dags/job_crawler/beautifulsoup/crawl_search_page.py", line 160
    
    ^
IndentationError: expected an indented block after function definition on line 159
[2025-11-22T11:40:16.900+0000] {processor.py:927} WARNING - No viable dags retrieved from /opt/airflow/dags/dag_crawl_search_page.py
[2025-11-22T11:40:16.916+0000] {processor.py:208} INFO - Processing /opt/airflow/dags/dag_crawl_search_page.py took 0.076 seconds
[2025-11-22T11:40:47.280+0000] {processor.py:186} INFO - Started process (PID=1668) to work on /opt/airflow/dags/dag_crawl_search_page.py
[2025-11-22T11:40:47.281+0000] {processor.py:914} INFO - Processing file /opt/airflow/dags/dag_crawl_search_page.py for tasks to queue
[2025-11-22T11:40:47.282+0000] {logging_mixin.py:190} INFO - [2025-11-22T11:40:47.282+0000] {dagbag.py:588} INFO - Filling up the DagBag from /opt/airflow/dags/dag_crawl_search_page.py
[2025-11-22T11:40:47.320+0000] {logging_mixin.py:190} INFO - [2025-11-22T11:40:47.317+0000] {dagbag.py:387} ERROR - Failed to import: /opt/airflow/dags/dag_crawl_search_page.py
Traceback (most recent call last):
  File "/home/airflow/.local/lib/python3.12/site-packages/airflow/models/dagbag.py", line 383, in parse
    loader.exec_module(new_module)
  File "<frozen importlib._bootstrap_external>", line 999, in exec_module
  File "<frozen importlib._bootstrap>", line 488, in _call_with_frames_removed
  File "/opt/airflow/dags/dag_crawl_search_page.py", line 6, in <module>
    from job_crawler.beautifulsoup.crawl_search_page import crawl_multiple_keywords
  File "/opt/airflow/dags/job_crawler/beautifulsoup/crawl_search_page.py", line 160
    
    ^
IndentationError: expected an indented block after function definition on line 159
[2025-11-22T11:40:47.321+0000] {processor.py:927} WARNING - No viable dags retrieved from /opt/airflow/dags/dag_crawl_search_page.py
[2025-11-22T11:40:47.336+0000] {processor.py:208} INFO - Processing /opt/airflow/dags/dag_crawl_search_page.py took 0.061 seconds
[2025-11-22T11:41:17.680+0000] {processor.py:186} INFO - Started process (PID=1679) to work on /opt/airflow/dags/dag_crawl_search_page.py
[2025-11-22T11:41:17.681+0000] {processor.py:914} INFO - Processing file /opt/airflow/dags/dag_crawl_search_page.py for tasks to queue
[2025-11-22T11:41:17.683+0000] {logging_mixin.py:190} INFO - [2025-11-22T11:41:17.682+0000] {dagbag.py:588} INFO - Filling up the DagBag from /opt/airflow/dags/dag_crawl_search_page.py
[2025-11-22T11:41:17.721+0000] {logging_mixin.py:190} INFO - [2025-11-22T11:41:17.719+0000] {dagbag.py:387} ERROR - Failed to import: /opt/airflow/dags/dag_crawl_search_page.py
Traceback (most recent call last):
  File "/home/airflow/.local/lib/python3.12/site-packages/airflow/models/dagbag.py", line 383, in parse
    loader.exec_module(new_module)
  File "<frozen importlib._bootstrap_external>", line 999, in exec_module
  File "<frozen importlib._bootstrap>", line 488, in _call_with_frames_removed
  File "/opt/airflow/dags/dag_crawl_search_page.py", line 6, in <module>
    from job_crawler.beautifulsoup.crawl_search_page import crawl_multiple_keywords
  File "/opt/airflow/dags/job_crawler/beautifulsoup/crawl_search_page.py", line 160
    
    ^
IndentationError: expected an indented block after function definition on line 159
[2025-11-22T11:41:17.722+0000] {processor.py:927} WARNING - No viable dags retrieved from /opt/airflow/dags/dag_crawl_search_page.py
[2025-11-22T11:41:17.738+0000] {processor.py:208} INFO - Processing /opt/airflow/dags/dag_crawl_search_page.py took 0.063 seconds
[2025-11-22T11:41:48.170+0000] {processor.py:186} INFO - Started process (PID=1691) to work on /opt/airflow/dags/dag_crawl_search_page.py
[2025-11-22T11:41:48.172+0000] {processor.py:914} INFO - Processing file /opt/airflow/dags/dag_crawl_search_page.py for tasks to queue
[2025-11-22T11:41:48.173+0000] {logging_mixin.py:190} INFO - [2025-11-22T11:41:48.173+0000] {dagbag.py:588} INFO - Filling up the DagBag from /opt/airflow/dags/dag_crawl_search_page.py
[2025-11-22T11:41:48.215+0000] {logging_mixin.py:190} INFO - [2025-11-22T11:41:48.213+0000] {dagbag.py:387} ERROR - Failed to import: /opt/airflow/dags/dag_crawl_search_page.py
Traceback (most recent call last):
  File "/home/airflow/.local/lib/python3.12/site-packages/airflow/models/dagbag.py", line 383, in parse
    loader.exec_module(new_module)
  File "<frozen importlib._bootstrap_external>", line 999, in exec_module
  File "<frozen importlib._bootstrap>", line 488, in _call_with_frames_removed
  File "/opt/airflow/dags/dag_crawl_search_page.py", line 6, in <module>
    from job_crawler.beautifulsoup.crawl_search_page import crawl_multiple_keywords
  File "/opt/airflow/dags/job_crawler/beautifulsoup/crawl_search_page.py", line 160
    
    ^
IndentationError: expected an indented block after function definition on line 159
[2025-11-22T11:41:48.216+0000] {processor.py:927} WARNING - No viable dags retrieved from /opt/airflow/dags/dag_crawl_search_page.py
[2025-11-22T11:41:48.231+0000] {processor.py:208} INFO - Processing /opt/airflow/dags/dag_crawl_search_page.py took 0.066 seconds
[2025-11-22T11:42:18.579+0000] {processor.py:186} INFO - Started process (PID=1702) to work on /opt/airflow/dags/dag_crawl_search_page.py
[2025-11-22T11:42:18.580+0000] {processor.py:914} INFO - Processing file /opt/airflow/dags/dag_crawl_search_page.py for tasks to queue
[2025-11-22T11:42:18.581+0000] {logging_mixin.py:190} INFO - [2025-11-22T11:42:18.581+0000] {dagbag.py:588} INFO - Filling up the DagBag from /opt/airflow/dags/dag_crawl_search_page.py
[2025-11-22T11:42:18.628+0000] {logging_mixin.py:190} INFO - [2025-11-22T11:42:18.625+0000] {dagbag.py:387} ERROR - Failed to import: /opt/airflow/dags/dag_crawl_search_page.py
Traceback (most recent call last):
  File "/home/airflow/.local/lib/python3.12/site-packages/airflow/models/dagbag.py", line 383, in parse
    loader.exec_module(new_module)
  File "<frozen importlib._bootstrap_external>", line 999, in exec_module
  File "<frozen importlib._bootstrap>", line 488, in _call_with_frames_removed
  File "/opt/airflow/dags/dag_crawl_search_page.py", line 6, in <module>
    from job_crawler.beautifulsoup.crawl_search_page import crawl_multiple_keywords
  File "/opt/airflow/dags/job_crawler/beautifulsoup/crawl_search_page.py", line 160
    
    ^
IndentationError: expected an indented block after function definition on line 159
[2025-11-22T11:42:18.629+0000] {processor.py:927} WARNING - No viable dags retrieved from /opt/airflow/dags/dag_crawl_search_page.py
[2025-11-22T11:42:18.645+0000] {processor.py:208} INFO - Processing /opt/airflow/dags/dag_crawl_search_page.py took 0.071 seconds
[2025-11-22T11:42:49.034+0000] {processor.py:186} INFO - Started process (PID=1713) to work on /opt/airflow/dags/dag_crawl_search_page.py
[2025-11-22T11:42:49.035+0000] {processor.py:914} INFO - Processing file /opt/airflow/dags/dag_crawl_search_page.py for tasks to queue
[2025-11-22T11:42:49.037+0000] {logging_mixin.py:190} INFO - [2025-11-22T11:42:49.036+0000] {dagbag.py:588} INFO - Filling up the DagBag from /opt/airflow/dags/dag_crawl_search_page.py
[2025-11-22T11:42:49.069+0000] {logging_mixin.py:190} INFO - [2025-11-22T11:42:49.067+0000] {dagbag.py:387} ERROR - Failed to import: /opt/airflow/dags/dag_crawl_search_page.py
Traceback (most recent call last):
  File "/home/airflow/.local/lib/python3.12/site-packages/airflow/models/dagbag.py", line 383, in parse
    loader.exec_module(new_module)
  File "<frozen importlib._bootstrap_external>", line 999, in exec_module
  File "<frozen importlib._bootstrap>", line 488, in _call_with_frames_removed
  File "/opt/airflow/dags/dag_crawl_search_page.py", line 6, in <module>
    from job_crawler.beautifulsoup.crawl_search_page import crawl_multiple_keywords
  File "/opt/airflow/dags/job_crawler/beautifulsoup/crawl_search_page.py", line 160
    
    ^
IndentationError: expected an indented block after function definition on line 159
[2025-11-22T11:42:49.070+0000] {processor.py:927} WARNING - No viable dags retrieved from /opt/airflow/dags/dag_crawl_search_page.py
[2025-11-22T11:42:49.084+0000] {processor.py:208} INFO - Processing /opt/airflow/dags/dag_crawl_search_page.py took 0.056 seconds
[2025-11-22T11:43:19.466+0000] {processor.py:186} INFO - Started process (PID=1724) to work on /opt/airflow/dags/dag_crawl_search_page.py
[2025-11-22T11:43:19.467+0000] {processor.py:914} INFO - Processing file /opt/airflow/dags/dag_crawl_search_page.py for tasks to queue
[2025-11-22T11:43:19.469+0000] {logging_mixin.py:190} INFO - [2025-11-22T11:43:19.469+0000] {dagbag.py:588} INFO - Filling up the DagBag from /opt/airflow/dags/dag_crawl_search_page.py
[2025-11-22T11:43:19.519+0000] {logging_mixin.py:190} INFO - [2025-11-22T11:43:19.517+0000] {dagbag.py:387} ERROR - Failed to import: /opt/airflow/dags/dag_crawl_search_page.py
Traceback (most recent call last):
  File "/home/airflow/.local/lib/python3.12/site-packages/airflow/models/dagbag.py", line 383, in parse
    loader.exec_module(new_module)
  File "<frozen importlib._bootstrap_external>", line 999, in exec_module
  File "<frozen importlib._bootstrap>", line 488, in _call_with_frames_removed
  File "/opt/airflow/dags/dag_crawl_search_page.py", line 6, in <module>
    from job_crawler.beautifulsoup.crawl_search_page import crawl_multiple_keywords
  File "/opt/airflow/dags/job_crawler/beautifulsoup/crawl_search_page.py", line 160
    
    ^
IndentationError: expected an indented block after function definition on line 159
[2025-11-22T11:43:19.521+0000] {processor.py:927} WARNING - No viable dags retrieved from /opt/airflow/dags/dag_crawl_search_page.py
[2025-11-22T11:43:19.535+0000] {processor.py:208} INFO - Processing /opt/airflow/dags/dag_crawl_search_page.py took 0.075 seconds
[2025-11-22T11:43:49.910+0000] {processor.py:186} INFO - Started process (PID=1735) to work on /opt/airflow/dags/dag_crawl_search_page.py
[2025-11-22T11:43:49.911+0000] {processor.py:914} INFO - Processing file /opt/airflow/dags/dag_crawl_search_page.py for tasks to queue
[2025-11-22T11:43:49.912+0000] {logging_mixin.py:190} INFO - [2025-11-22T11:43:49.912+0000] {dagbag.py:588} INFO - Filling up the DagBag from /opt/airflow/dags/dag_crawl_search_page.py
[2025-11-22T11:43:49.950+0000] {logging_mixin.py:190} INFO - [2025-11-22T11:43:49.947+0000] {dagbag.py:387} ERROR - Failed to import: /opt/airflow/dags/dag_crawl_search_page.py
Traceback (most recent call last):
  File "/home/airflow/.local/lib/python3.12/site-packages/airflow/models/dagbag.py", line 383, in parse
    loader.exec_module(new_module)
  File "<frozen importlib._bootstrap_external>", line 999, in exec_module
  File "<frozen importlib._bootstrap>", line 488, in _call_with_frames_removed
  File "/opt/airflow/dags/dag_crawl_search_page.py", line 6, in <module>
    from job_crawler.beautifulsoup.crawl_search_page import crawl_multiple_keywords
  File "/opt/airflow/dags/job_crawler/beautifulsoup/crawl_search_page.py", line 160
    
    ^
IndentationError: expected an indented block after function definition on line 159
[2025-11-22T11:43:49.951+0000] {processor.py:927} WARNING - No viable dags retrieved from /opt/airflow/dags/dag_crawl_search_page.py
[2025-11-22T11:43:49.966+0000] {processor.py:208} INFO - Processing /opt/airflow/dags/dag_crawl_search_page.py took 0.061 seconds
[2025-11-22T11:44:20.304+0000] {processor.py:186} INFO - Started process (PID=1746) to work on /opt/airflow/dags/dag_crawl_search_page.py
[2025-11-22T11:44:20.305+0000] {processor.py:914} INFO - Processing file /opt/airflow/dags/dag_crawl_search_page.py for tasks to queue
[2025-11-22T11:44:20.306+0000] {logging_mixin.py:190} INFO - [2025-11-22T11:44:20.306+0000] {dagbag.py:588} INFO - Filling up the DagBag from /opt/airflow/dags/dag_crawl_search_page.py
[2025-11-22T11:44:20.347+0000] {logging_mixin.py:190} INFO - [2025-11-22T11:44:20.344+0000] {dagbag.py:387} ERROR - Failed to import: /opt/airflow/dags/dag_crawl_search_page.py
Traceback (most recent call last):
  File "/home/airflow/.local/lib/python3.12/site-packages/airflow/models/dagbag.py", line 383, in parse
    loader.exec_module(new_module)
  File "<frozen importlib._bootstrap_external>", line 999, in exec_module
  File "<frozen importlib._bootstrap>", line 488, in _call_with_frames_removed
  File "/opt/airflow/dags/dag_crawl_search_page.py", line 6, in <module>
    from job_crawler.beautifulsoup.crawl_search_page import crawl_multiple_keywords
  File "/opt/airflow/dags/job_crawler/beautifulsoup/crawl_search_page.py", line 160
    
    ^
IndentationError: expected an indented block after function definition on line 159
[2025-11-22T11:44:20.348+0000] {processor.py:927} WARNING - No viable dags retrieved from /opt/airflow/dags/dag_crawl_search_page.py
[2025-11-22T11:44:20.363+0000] {processor.py:208} INFO - Processing /opt/airflow/dags/dag_crawl_search_page.py took 0.065 seconds
[2025-11-22T11:44:51.044+0000] {processor.py:186} INFO - Started process (PID=1757) to work on /opt/airflow/dags/dag_crawl_search_page.py
[2025-11-22T11:44:51.045+0000] {processor.py:914} INFO - Processing file /opt/airflow/dags/dag_crawl_search_page.py for tasks to queue
[2025-11-22T11:44:51.047+0000] {logging_mixin.py:190} INFO - [2025-11-22T11:44:51.046+0000] {dagbag.py:588} INFO - Filling up the DagBag from /opt/airflow/dags/dag_crawl_search_page.py
[2025-11-22T11:44:51.098+0000] {logging_mixin.py:190} INFO - [2025-11-22T11:44:51.095+0000] {dagbag.py:387} ERROR - Failed to import: /opt/airflow/dags/dag_crawl_search_page.py
Traceback (most recent call last):
  File "/home/airflow/.local/lib/python3.12/site-packages/airflow/models/dagbag.py", line 383, in parse
    loader.exec_module(new_module)
  File "<frozen importlib._bootstrap_external>", line 999, in exec_module
  File "<frozen importlib._bootstrap>", line 488, in _call_with_frames_removed
  File "/opt/airflow/dags/dag_crawl_search_page.py", line 6, in <module>
    from job_crawler.beautifulsoup.crawl_search_page import crawl_multiple_keywords
  File "/opt/airflow/dags/job_crawler/beautifulsoup/crawl_search_page.py", line 160
    
    ^
IndentationError: expected an indented block after function definition on line 159
[2025-11-22T11:44:51.099+0000] {processor.py:927} WARNING - No viable dags retrieved from /opt/airflow/dags/dag_crawl_search_page.py
[2025-11-22T11:44:51.114+0000] {processor.py:208} INFO - Processing /opt/airflow/dags/dag_crawl_search_page.py took 0.076 seconds
[2025-11-22T11:45:21.467+0000] {processor.py:186} INFO - Started process (PID=1768) to work on /opt/airflow/dags/dag_crawl_search_page.py
[2025-11-22T11:45:21.469+0000] {processor.py:914} INFO - Processing file /opt/airflow/dags/dag_crawl_search_page.py for tasks to queue
[2025-11-22T11:45:21.471+0000] {logging_mixin.py:190} INFO - [2025-11-22T11:45:21.470+0000] {dagbag.py:588} INFO - Filling up the DagBag from /opt/airflow/dags/dag_crawl_search_page.py
[2025-11-22T11:45:21.517+0000] {logging_mixin.py:190} INFO - [2025-11-22T11:45:21.515+0000] {dagbag.py:387} ERROR - Failed to import: /opt/airflow/dags/dag_crawl_search_page.py
Traceback (most recent call last):
  File "/home/airflow/.local/lib/python3.12/site-packages/airflow/models/dagbag.py", line 383, in parse
    loader.exec_module(new_module)
  File "<frozen importlib._bootstrap_external>", line 999, in exec_module
  File "<frozen importlib._bootstrap>", line 488, in _call_with_frames_removed
  File "/opt/airflow/dags/dag_crawl_search_page.py", line 6, in <module>
    from job_crawler.beautifulsoup.crawl_search_page import crawl_multiple_keywords
  File "/opt/airflow/dags/job_crawler/beautifulsoup/crawl_search_page.py", line 160
    
    ^
IndentationError: expected an indented block after function definition on line 159
[2025-11-22T11:45:21.519+0000] {processor.py:927} WARNING - No viable dags retrieved from /opt/airflow/dags/dag_crawl_search_page.py
[2025-11-22T11:45:21.534+0000] {processor.py:208} INFO - Processing /opt/airflow/dags/dag_crawl_search_page.py took 0.074 seconds
[2025-11-22T11:45:51.915+0000] {processor.py:186} INFO - Started process (PID=1779) to work on /opt/airflow/dags/dag_crawl_search_page.py
[2025-11-22T11:45:51.916+0000] {processor.py:914} INFO - Processing file /opt/airflow/dags/dag_crawl_search_page.py for tasks to queue
[2025-11-22T11:45:51.918+0000] {logging_mixin.py:190} INFO - [2025-11-22T11:45:51.917+0000] {dagbag.py:588} INFO - Filling up the DagBag from /opt/airflow/dags/dag_crawl_search_page.py
[2025-11-22T11:45:51.966+0000] {logging_mixin.py:190} INFO - [2025-11-22T11:45:51.964+0000] {dagbag.py:387} ERROR - Failed to import: /opt/airflow/dags/dag_crawl_search_page.py
Traceback (most recent call last):
  File "/home/airflow/.local/lib/python3.12/site-packages/airflow/models/dagbag.py", line 383, in parse
    loader.exec_module(new_module)
  File "<frozen importlib._bootstrap_external>", line 999, in exec_module
  File "<frozen importlib._bootstrap>", line 488, in _call_with_frames_removed
  File "/opt/airflow/dags/dag_crawl_search_page.py", line 6, in <module>
    from job_crawler.beautifulsoup.crawl_search_page import crawl_multiple_keywords
  File "/opt/airflow/dags/job_crawler/beautifulsoup/crawl_search_page.py", line 160
    
    ^
IndentationError: expected an indented block after function definition on line 159
[2025-11-22T11:45:51.967+0000] {processor.py:927} WARNING - No viable dags retrieved from /opt/airflow/dags/dag_crawl_search_page.py
[2025-11-22T11:45:51.982+0000] {processor.py:208} INFO - Processing /opt/airflow/dags/dag_crawl_search_page.py took 0.072 seconds
[2025-11-22T11:46:22.323+0000] {processor.py:186} INFO - Started process (PID=1790) to work on /opt/airflow/dags/dag_crawl_search_page.py
[2025-11-22T11:46:22.324+0000] {processor.py:914} INFO - Processing file /opt/airflow/dags/dag_crawl_search_page.py for tasks to queue
[2025-11-22T11:46:22.325+0000] {logging_mixin.py:190} INFO - [2025-11-22T11:46:22.325+0000] {dagbag.py:588} INFO - Filling up the DagBag from /opt/airflow/dags/dag_crawl_search_page.py
[2025-11-22T11:46:22.367+0000] {logging_mixin.py:190} INFO - [2025-11-22T11:46:22.362+0000] {dagbag.py:387} ERROR - Failed to import: /opt/airflow/dags/dag_crawl_search_page.py
Traceback (most recent call last):
  File "/home/airflow/.local/lib/python3.12/site-packages/airflow/models/dagbag.py", line 383, in parse
    loader.exec_module(new_module)
  File "<frozen importlib._bootstrap_external>", line 999, in exec_module
  File "<frozen importlib._bootstrap>", line 488, in _call_with_frames_removed
  File "/opt/airflow/dags/dag_crawl_search_page.py", line 6, in <module>
    from job_crawler.beautifulsoup.crawl_search_page import crawl_multiple_keywords
  File "/opt/airflow/dags/job_crawler/beautifulsoup/crawl_search_page.py", line 160
    
    ^
IndentationError: expected an indented block after function definition on line 159
[2025-11-22T11:46:22.368+0000] {processor.py:927} WARNING - No viable dags retrieved from /opt/airflow/dags/dag_crawl_search_page.py
[2025-11-22T11:46:22.382+0000] {processor.py:208} INFO - Processing /opt/airflow/dags/dag_crawl_search_page.py took 0.065 seconds
[2025-11-22T11:46:52.718+0000] {processor.py:186} INFO - Started process (PID=1801) to work on /opt/airflow/dags/dag_crawl_search_page.py
[2025-11-22T11:46:52.719+0000] {processor.py:914} INFO - Processing file /opt/airflow/dags/dag_crawl_search_page.py for tasks to queue
[2025-11-22T11:46:52.721+0000] {logging_mixin.py:190} INFO - [2025-11-22T11:46:52.721+0000] {dagbag.py:588} INFO - Filling up the DagBag from /opt/airflow/dags/dag_crawl_search_page.py
[2025-11-22T11:46:52.760+0000] {logging_mixin.py:190} INFO - [2025-11-22T11:46:52.757+0000] {dagbag.py:387} ERROR - Failed to import: /opt/airflow/dags/dag_crawl_search_page.py
Traceback (most recent call last):
  File "/home/airflow/.local/lib/python3.12/site-packages/airflow/models/dagbag.py", line 383, in parse
    loader.exec_module(new_module)
  File "<frozen importlib._bootstrap_external>", line 999, in exec_module
  File "<frozen importlib._bootstrap>", line 488, in _call_with_frames_removed
  File "/opt/airflow/dags/dag_crawl_search_page.py", line 6, in <module>
    from job_crawler.beautifulsoup.crawl_search_page import crawl_multiple_keywords
  File "/opt/airflow/dags/job_crawler/beautifulsoup/crawl_search_page.py", line 160
    
    ^
IndentationError: expected an indented block after function definition on line 159
[2025-11-22T11:46:52.761+0000] {processor.py:927} WARNING - No viable dags retrieved from /opt/airflow/dags/dag_crawl_search_page.py
[2025-11-22T11:46:52.775+0000] {processor.py:208} INFO - Processing /opt/airflow/dags/dag_crawl_search_page.py took 0.062 seconds
[2025-11-22T11:47:23.129+0000] {processor.py:186} INFO - Started process (PID=1812) to work on /opt/airflow/dags/dag_crawl_search_page.py
[2025-11-22T11:47:23.130+0000] {processor.py:914} INFO - Processing file /opt/airflow/dags/dag_crawl_search_page.py for tasks to queue
[2025-11-22T11:47:23.131+0000] {logging_mixin.py:190} INFO - [2025-11-22T11:47:23.130+0000] {dagbag.py:588} INFO - Filling up the DagBag from /opt/airflow/dags/dag_crawl_search_page.py
[2025-11-22T11:47:23.168+0000] {logging_mixin.py:190} INFO - [2025-11-22T11:47:23.166+0000] {dagbag.py:387} ERROR - Failed to import: /opt/airflow/dags/dag_crawl_search_page.py
Traceback (most recent call last):
  File "/home/airflow/.local/lib/python3.12/site-packages/airflow/models/dagbag.py", line 383, in parse
    loader.exec_module(new_module)
  File "<frozen importlib._bootstrap_external>", line 999, in exec_module
  File "<frozen importlib._bootstrap>", line 488, in _call_with_frames_removed
  File "/opt/airflow/dags/dag_crawl_search_page.py", line 6, in <module>
    from job_crawler.beautifulsoup.crawl_search_page import crawl_multiple_keywords
  File "/opt/airflow/dags/job_crawler/beautifulsoup/crawl_search_page.py", line 160
    
    ^
IndentationError: expected an indented block after function definition on line 159
[2025-11-22T11:47:23.170+0000] {processor.py:927} WARNING - No viable dags retrieved from /opt/airflow/dags/dag_crawl_search_page.py
[2025-11-22T11:47:23.184+0000] {processor.py:208} INFO - Processing /opt/airflow/dags/dag_crawl_search_page.py took 0.061 seconds
[2025-11-22T11:47:53.576+0000] {processor.py:186} INFO - Started process (PID=1823) to work on /opt/airflow/dags/dag_crawl_search_page.py
[2025-11-22T11:47:53.577+0000] {processor.py:914} INFO - Processing file /opt/airflow/dags/dag_crawl_search_page.py for tasks to queue
[2025-11-22T11:47:53.579+0000] {logging_mixin.py:190} INFO - [2025-11-22T11:47:53.578+0000] {dagbag.py:588} INFO - Filling up the DagBag from /opt/airflow/dags/dag_crawl_search_page.py
[2025-11-22T11:47:53.628+0000] {logging_mixin.py:190} INFO - [2025-11-22T11:47:53.625+0000] {dagbag.py:387} ERROR - Failed to import: /opt/airflow/dags/dag_crawl_search_page.py
Traceback (most recent call last):
  File "/home/airflow/.local/lib/python3.12/site-packages/airflow/models/dagbag.py", line 383, in parse
    loader.exec_module(new_module)
  File "<frozen importlib._bootstrap_external>", line 999, in exec_module
  File "<frozen importlib._bootstrap>", line 488, in _call_with_frames_removed
  File "/opt/airflow/dags/dag_crawl_search_page.py", line 6, in <module>
    from job_crawler.beautifulsoup.crawl_search_page import crawl_multiple_keywords
  File "/opt/airflow/dags/job_crawler/beautifulsoup/crawl_search_page.py", line 160
    
    ^
IndentationError: expected an indented block after function definition on line 159
[2025-11-22T11:47:53.629+0000] {processor.py:927} WARNING - No viable dags retrieved from /opt/airflow/dags/dag_crawl_search_page.py
[2025-11-22T11:47:53.644+0000] {processor.py:208} INFO - Processing /opt/airflow/dags/dag_crawl_search_page.py took 0.073 seconds
[2025-11-22T11:48:24.017+0000] {processor.py:186} INFO - Started process (PID=1834) to work on /opt/airflow/dags/dag_crawl_search_page.py
[2025-11-22T11:48:24.018+0000] {processor.py:914} INFO - Processing file /opt/airflow/dags/dag_crawl_search_page.py for tasks to queue
[2025-11-22T11:48:24.019+0000] {logging_mixin.py:190} INFO - [2025-11-22T11:48:24.019+0000] {dagbag.py:588} INFO - Filling up the DagBag from /opt/airflow/dags/dag_crawl_search_page.py
[2025-11-22T11:48:24.059+0000] {logging_mixin.py:190} INFO - [2025-11-22T11:48:24.057+0000] {dagbag.py:387} ERROR - Failed to import: /opt/airflow/dags/dag_crawl_search_page.py
Traceback (most recent call last):
  File "/home/airflow/.local/lib/python3.12/site-packages/airflow/models/dagbag.py", line 383, in parse
    loader.exec_module(new_module)
  File "<frozen importlib._bootstrap_external>", line 999, in exec_module
  File "<frozen importlib._bootstrap>", line 488, in _call_with_frames_removed
  File "/opt/airflow/dags/dag_crawl_search_page.py", line 6, in <module>
    from job_crawler.beautifulsoup.crawl_search_page import crawl_multiple_keywords
  File "/opt/airflow/dags/job_crawler/beautifulsoup/crawl_search_page.py", line 160
    
    ^
IndentationError: expected an indented block after function definition on line 159
[2025-11-22T11:48:24.060+0000] {processor.py:927} WARNING - No viable dags retrieved from /opt/airflow/dags/dag_crawl_search_page.py
[2025-11-22T11:48:24.076+0000] {processor.py:208} INFO - Processing /opt/airflow/dags/dag_crawl_search_page.py took 0.065 seconds
[2025-11-22T11:48:54.447+0000] {processor.py:186} INFO - Started process (PID=1845) to work on /opt/airflow/dags/dag_crawl_search_page.py
[2025-11-22T11:48:54.448+0000] {processor.py:914} INFO - Processing file /opt/airflow/dags/dag_crawl_search_page.py for tasks to queue
[2025-11-22T11:48:54.449+0000] {logging_mixin.py:190} INFO - [2025-11-22T11:48:54.449+0000] {dagbag.py:588} INFO - Filling up the DagBag from /opt/airflow/dags/dag_crawl_search_page.py
[2025-11-22T11:48:54.487+0000] {logging_mixin.py:190} INFO - [2025-11-22T11:48:54.484+0000] {dagbag.py:387} ERROR - Failed to import: /opt/airflow/dags/dag_crawl_search_page.py
Traceback (most recent call last):
  File "/home/airflow/.local/lib/python3.12/site-packages/airflow/models/dagbag.py", line 383, in parse
    loader.exec_module(new_module)
  File "<frozen importlib._bootstrap_external>", line 999, in exec_module
  File "<frozen importlib._bootstrap>", line 488, in _call_with_frames_removed
  File "/opt/airflow/dags/dag_crawl_search_page.py", line 6, in <module>
    from job_crawler.beautifulsoup.crawl_search_page import crawl_multiple_keywords
  File "/opt/airflow/dags/job_crawler/beautifulsoup/crawl_search_page.py", line 160
    
    ^
IndentationError: expected an indented block after function definition on line 159
[2025-11-22T11:48:54.488+0000] {processor.py:927} WARNING - No viable dags retrieved from /opt/airflow/dags/dag_crawl_search_page.py
[2025-11-22T11:48:54.503+0000] {processor.py:208} INFO - Processing /opt/airflow/dags/dag_crawl_search_page.py took 0.062 seconds
[2025-11-22T11:49:24.897+0000] {processor.py:186} INFO - Started process (PID=1856) to work on /opt/airflow/dags/dag_crawl_search_page.py
[2025-11-22T11:49:24.898+0000] {processor.py:914} INFO - Processing file /opt/airflow/dags/dag_crawl_search_page.py for tasks to queue
[2025-11-22T11:49:24.899+0000] {logging_mixin.py:190} INFO - [2025-11-22T11:49:24.898+0000] {dagbag.py:588} INFO - Filling up the DagBag from /opt/airflow/dags/dag_crawl_search_page.py
[2025-11-22T11:49:24.946+0000] {logging_mixin.py:190} INFO - [2025-11-22T11:49:24.943+0000] {dagbag.py:387} ERROR - Failed to import: /opt/airflow/dags/dag_crawl_search_page.py
Traceback (most recent call last):
  File "/home/airflow/.local/lib/python3.12/site-packages/airflow/models/dagbag.py", line 383, in parse
    loader.exec_module(new_module)
  File "<frozen importlib._bootstrap_external>", line 999, in exec_module
  File "<frozen importlib._bootstrap>", line 488, in _call_with_frames_removed
  File "/opt/airflow/dags/dag_crawl_search_page.py", line 6, in <module>
    from job_crawler.beautifulsoup.crawl_search_page import crawl_multiple_keywords
  File "/opt/airflow/dags/job_crawler/beautifulsoup/crawl_search_page.py", line 160
    
    ^
IndentationError: expected an indented block after function definition on line 159
[2025-11-22T11:49:24.947+0000] {processor.py:927} WARNING - No viable dags retrieved from /opt/airflow/dags/dag_crawl_search_page.py
[2025-11-22T11:49:24.962+0000] {processor.py:208} INFO - Processing /opt/airflow/dags/dag_crawl_search_page.py took 0.070 seconds
[2025-11-22T11:49:55.602+0000] {processor.py:186} INFO - Started process (PID=1867) to work on /opt/airflow/dags/dag_crawl_search_page.py
[2025-11-22T11:49:55.603+0000] {processor.py:914} INFO - Processing file /opt/airflow/dags/dag_crawl_search_page.py for tasks to queue
[2025-11-22T11:49:55.605+0000] {logging_mixin.py:190} INFO - [2025-11-22T11:49:55.605+0000] {dagbag.py:588} INFO - Filling up the DagBag from /opt/airflow/dags/dag_crawl_search_page.py
[2025-11-22T11:49:55.642+0000] {logging_mixin.py:190} INFO - [2025-11-22T11:49:55.640+0000] {dagbag.py:387} ERROR - Failed to import: /opt/airflow/dags/dag_crawl_search_page.py
Traceback (most recent call last):
  File "/home/airflow/.local/lib/python3.12/site-packages/airflow/models/dagbag.py", line 383, in parse
    loader.exec_module(new_module)
  File "<frozen importlib._bootstrap_external>", line 999, in exec_module
  File "<frozen importlib._bootstrap>", line 488, in _call_with_frames_removed
  File "/opt/airflow/dags/dag_crawl_search_page.py", line 6, in <module>
    from job_crawler.beautifulsoup.crawl_search_page import crawl_multiple_keywords
  File "/opt/airflow/dags/job_crawler/beautifulsoup/crawl_search_page.py", line 160
    
    ^
IndentationError: expected an indented block after function definition on line 159
[2025-11-22T11:49:55.643+0000] {processor.py:927} WARNING - No viable dags retrieved from /opt/airflow/dags/dag_crawl_search_page.py
[2025-11-22T11:49:55.658+0000] {processor.py:208} INFO - Processing /opt/airflow/dags/dag_crawl_search_page.py took 0.061 seconds
[2025-11-22T11:50:26.051+0000] {processor.py:186} INFO - Started process (PID=1878) to work on /opt/airflow/dags/dag_crawl_search_page.py
[2025-11-22T11:50:26.052+0000] {processor.py:914} INFO - Processing file /opt/airflow/dags/dag_crawl_search_page.py for tasks to queue
[2025-11-22T11:50:26.053+0000] {logging_mixin.py:190} INFO - [2025-11-22T11:50:26.053+0000] {dagbag.py:588} INFO - Filling up the DagBag from /opt/airflow/dags/dag_crawl_search_page.py
[2025-11-22T11:50:26.105+0000] {logging_mixin.py:190} INFO - [2025-11-22T11:50:26.102+0000] {dagbag.py:387} ERROR - Failed to import: /opt/airflow/dags/dag_crawl_search_page.py
Traceback (most recent call last):
  File "/home/airflow/.local/lib/python3.12/site-packages/airflow/models/dagbag.py", line 383, in parse
    loader.exec_module(new_module)
  File "<frozen importlib._bootstrap_external>", line 999, in exec_module
  File "<frozen importlib._bootstrap>", line 488, in _call_with_frames_removed
  File "/opt/airflow/dags/dag_crawl_search_page.py", line 6, in <module>
    from job_crawler.beautifulsoup.crawl_search_page import crawl_multiple_keywords
  File "/opt/airflow/dags/job_crawler/beautifulsoup/crawl_search_page.py", line 160
    
    ^
IndentationError: expected an indented block after function definition on line 159
[2025-11-22T11:50:26.106+0000] {processor.py:927} WARNING - No viable dags retrieved from /opt/airflow/dags/dag_crawl_search_page.py
[2025-11-22T11:50:26.120+0000] {processor.py:208} INFO - Processing /opt/airflow/dags/dag_crawl_search_page.py took 0.075 seconds
[2025-11-22T11:50:56.473+0000] {processor.py:186} INFO - Started process (PID=1889) to work on /opt/airflow/dags/dag_crawl_search_page.py
[2025-11-22T11:50:56.474+0000] {processor.py:914} INFO - Processing file /opt/airflow/dags/dag_crawl_search_page.py for tasks to queue
[2025-11-22T11:50:56.476+0000] {logging_mixin.py:190} INFO - [2025-11-22T11:50:56.476+0000] {dagbag.py:588} INFO - Filling up the DagBag from /opt/airflow/dags/dag_crawl_search_page.py
[2025-11-22T11:50:56.524+0000] {logging_mixin.py:190} INFO - [2025-11-22T11:50:56.522+0000] {dagbag.py:387} ERROR - Failed to import: /opt/airflow/dags/dag_crawl_search_page.py
Traceback (most recent call last):
  File "/home/airflow/.local/lib/python3.12/site-packages/airflow/models/dagbag.py", line 383, in parse
    loader.exec_module(new_module)
  File "<frozen importlib._bootstrap_external>", line 999, in exec_module
  File "<frozen importlib._bootstrap>", line 488, in _call_with_frames_removed
  File "/opt/airflow/dags/dag_crawl_search_page.py", line 6, in <module>
    from job_crawler.beautifulsoup.crawl_search_page import crawl_multiple_keywords
  File "/opt/airflow/dags/job_crawler/beautifulsoup/crawl_search_page.py", line 160
    
    ^
IndentationError: expected an indented block after function definition on line 159
[2025-11-22T11:50:56.525+0000] {processor.py:927} WARNING - No viable dags retrieved from /opt/airflow/dags/dag_crawl_search_page.py
[2025-11-22T11:50:56.540+0000] {processor.py:208} INFO - Processing /opt/airflow/dags/dag_crawl_search_page.py took 0.072 seconds
[2025-11-22T11:51:27.028+0000] {processor.py:186} INFO - Started process (PID=1900) to work on /opt/airflow/dags/dag_crawl_search_page.py
[2025-11-22T11:51:27.030+0000] {processor.py:914} INFO - Processing file /opt/airflow/dags/dag_crawl_search_page.py for tasks to queue
[2025-11-22T11:51:27.032+0000] {logging_mixin.py:190} INFO - [2025-11-22T11:51:27.031+0000] {dagbag.py:588} INFO - Filling up the DagBag from /opt/airflow/dags/dag_crawl_search_page.py
[2025-11-22T11:51:27.079+0000] {logging_mixin.py:190} INFO - [2025-11-22T11:51:27.076+0000] {dagbag.py:387} ERROR - Failed to import: /opt/airflow/dags/dag_crawl_search_page.py
Traceback (most recent call last):
  File "/home/airflow/.local/lib/python3.12/site-packages/airflow/models/dagbag.py", line 383, in parse
    loader.exec_module(new_module)
  File "<frozen importlib._bootstrap_external>", line 999, in exec_module
  File "<frozen importlib._bootstrap>", line 488, in _call_with_frames_removed
  File "/opt/airflow/dags/dag_crawl_search_page.py", line 6, in <module>
    from job_crawler.beautifulsoup.crawl_search_page import crawl_multiple_keywords
  File "/opt/airflow/dags/job_crawler/beautifulsoup/crawl_search_page.py", line 160
    
    ^
IndentationError: expected an indented block after function definition on line 159
[2025-11-22T11:51:27.080+0000] {processor.py:927} WARNING - No viable dags retrieved from /opt/airflow/dags/dag_crawl_search_page.py
[2025-11-22T11:51:27.096+0000] {processor.py:208} INFO - Processing /opt/airflow/dags/dag_crawl_search_page.py took 0.074 seconds
[2025-11-22T11:51:57.438+0000] {processor.py:186} INFO - Started process (PID=1911) to work on /opt/airflow/dags/dag_crawl_search_page.py
[2025-11-22T11:51:57.439+0000] {processor.py:914} INFO - Processing file /opt/airflow/dags/dag_crawl_search_page.py for tasks to queue
[2025-11-22T11:51:57.440+0000] {logging_mixin.py:190} INFO - [2025-11-22T11:51:57.440+0000] {dagbag.py:588} INFO - Filling up the DagBag from /opt/airflow/dags/dag_crawl_search_page.py
[2025-11-22T11:51:57.480+0000] {logging_mixin.py:190} INFO - [2025-11-22T11:51:57.478+0000] {dagbag.py:387} ERROR - Failed to import: /opt/airflow/dags/dag_crawl_search_page.py
Traceback (most recent call last):
  File "/home/airflow/.local/lib/python3.12/site-packages/airflow/models/dagbag.py", line 383, in parse
    loader.exec_module(new_module)
  File "<frozen importlib._bootstrap_external>", line 999, in exec_module
  File "<frozen importlib._bootstrap>", line 488, in _call_with_frames_removed
  File "/opt/airflow/dags/dag_crawl_search_page.py", line 6, in <module>
    from job_crawler.beautifulsoup.crawl_search_page import crawl_multiple_keywords
  File "/opt/airflow/dags/job_crawler/beautifulsoup/crawl_search_page.py", line 160
    
    ^
IndentationError: expected an indented block after function definition on line 159
[2025-11-22T11:51:57.481+0000] {processor.py:927} WARNING - No viable dags retrieved from /opt/airflow/dags/dag_crawl_search_page.py
[2025-11-22T11:51:57.496+0000] {processor.py:208} INFO - Processing /opt/airflow/dags/dag_crawl_search_page.py took 0.063 seconds
[2025-11-22T11:52:27.854+0000] {processor.py:186} INFO - Started process (PID=1922) to work on /opt/airflow/dags/dag_crawl_search_page.py
[2025-11-22T11:52:27.855+0000] {processor.py:914} INFO - Processing file /opt/airflow/dags/dag_crawl_search_page.py for tasks to queue
[2025-11-22T11:52:27.857+0000] {logging_mixin.py:190} INFO - [2025-11-22T11:52:27.856+0000] {dagbag.py:588} INFO - Filling up the DagBag from /opt/airflow/dags/dag_crawl_search_page.py
[2025-11-22T11:52:27.894+0000] {logging_mixin.py:190} INFO - [2025-11-22T11:52:27.892+0000] {dagbag.py:387} ERROR - Failed to import: /opt/airflow/dags/dag_crawl_search_page.py
Traceback (most recent call last):
  File "/home/airflow/.local/lib/python3.12/site-packages/airflow/models/dagbag.py", line 383, in parse
    loader.exec_module(new_module)
  File "<frozen importlib._bootstrap_external>", line 999, in exec_module
  File "<frozen importlib._bootstrap>", line 488, in _call_with_frames_removed
  File "/opt/airflow/dags/dag_crawl_search_page.py", line 6, in <module>
    from job_crawler.beautifulsoup.crawl_search_page import crawl_multiple_keywords
  File "/opt/airflow/dags/job_crawler/beautifulsoup/crawl_search_page.py", line 160
    
    ^
IndentationError: expected an indented block after function definition on line 159
[2025-11-22T11:52:27.895+0000] {processor.py:927} WARNING - No viable dags retrieved from /opt/airflow/dags/dag_crawl_search_page.py
[2025-11-22T11:52:27.914+0000] {processor.py:208} INFO - Processing /opt/airflow/dags/dag_crawl_search_page.py took 0.066 seconds
[2025-11-22T11:52:58.299+0000] {processor.py:186} INFO - Started process (PID=1933) to work on /opt/airflow/dags/dag_crawl_search_page.py
[2025-11-22T11:52:58.300+0000] {processor.py:914} INFO - Processing file /opt/airflow/dags/dag_crawl_search_page.py for tasks to queue
[2025-11-22T11:52:58.301+0000] {logging_mixin.py:190} INFO - [2025-11-22T11:52:58.301+0000] {dagbag.py:588} INFO - Filling up the DagBag from /opt/airflow/dags/dag_crawl_search_page.py
[2025-11-22T11:52:58.349+0000] {logging_mixin.py:190} INFO - [2025-11-22T11:52:58.346+0000] {dagbag.py:387} ERROR - Failed to import: /opt/airflow/dags/dag_crawl_search_page.py
Traceback (most recent call last):
  File "/home/airflow/.local/lib/python3.12/site-packages/airflow/models/dagbag.py", line 383, in parse
    loader.exec_module(new_module)
  File "<frozen importlib._bootstrap_external>", line 999, in exec_module
  File "<frozen importlib._bootstrap>", line 488, in _call_with_frames_removed
  File "/opt/airflow/dags/dag_crawl_search_page.py", line 6, in <module>
    from job_crawler.beautifulsoup.crawl_search_page import crawl_multiple_keywords
  File "/opt/airflow/dags/job_crawler/beautifulsoup/crawl_search_page.py", line 160
    
    ^
IndentationError: expected an indented block after function definition on line 159
[2025-11-22T11:52:58.350+0000] {processor.py:927} WARNING - No viable dags retrieved from /opt/airflow/dags/dag_crawl_search_page.py
[2025-11-22T11:52:58.365+0000] {processor.py:208} INFO - Processing /opt/airflow/dags/dag_crawl_search_page.py took 0.071 seconds
[2025-11-22T11:53:28.682+0000] {processor.py:186} INFO - Started process (PID=1944) to work on /opt/airflow/dags/dag_crawl_search_page.py
[2025-11-22T11:53:28.684+0000] {processor.py:914} INFO - Processing file /opt/airflow/dags/dag_crawl_search_page.py for tasks to queue
[2025-11-22T11:53:28.686+0000] {logging_mixin.py:190} INFO - [2025-11-22T11:53:28.686+0000] {dagbag.py:588} INFO - Filling up the DagBag from /opt/airflow/dags/dag_crawl_search_page.py
[2025-11-22T11:53:28.737+0000] {logging_mixin.py:190} INFO - [2025-11-22T11:53:28.734+0000] {dagbag.py:387} ERROR - Failed to import: /opt/airflow/dags/dag_crawl_search_page.py
Traceback (most recent call last):
  File "/home/airflow/.local/lib/python3.12/site-packages/airflow/models/dagbag.py", line 383, in parse
    loader.exec_module(new_module)
  File "<frozen importlib._bootstrap_external>", line 999, in exec_module
  File "<frozen importlib._bootstrap>", line 488, in _call_with_frames_removed
  File "/opt/airflow/dags/dag_crawl_search_page.py", line 6, in <module>
    from job_crawler.beautifulsoup.crawl_search_page import crawl_multiple_keywords
  File "/opt/airflow/dags/job_crawler/beautifulsoup/crawl_search_page.py", line 160
    
    ^
IndentationError: expected an indented block after function definition on line 159
[2025-11-22T11:53:28.738+0000] {processor.py:927} WARNING - No viable dags retrieved from /opt/airflow/dags/dag_crawl_search_page.py
[2025-11-22T11:53:28.753+0000] {processor.py:208} INFO - Processing /opt/airflow/dags/dag_crawl_search_page.py took 0.081 seconds
[2025-11-22T11:53:59.174+0000] {processor.py:186} INFO - Started process (PID=1955) to work on /opt/airflow/dags/dag_crawl_search_page.py
[2025-11-22T11:53:59.175+0000] {processor.py:914} INFO - Processing file /opt/airflow/dags/dag_crawl_search_page.py for tasks to queue
[2025-11-22T11:53:59.176+0000] {logging_mixin.py:190} INFO - [2025-11-22T11:53:59.176+0000] {dagbag.py:588} INFO - Filling up the DagBag from /opt/airflow/dags/dag_crawl_search_page.py
[2025-11-22T11:53:59.214+0000] {logging_mixin.py:190} INFO - [2025-11-22T11:53:59.212+0000] {dagbag.py:387} ERROR - Failed to import: /opt/airflow/dags/dag_crawl_search_page.py
Traceback (most recent call last):
  File "/home/airflow/.local/lib/python3.12/site-packages/airflow/models/dagbag.py", line 383, in parse
    loader.exec_module(new_module)
  File "<frozen importlib._bootstrap_external>", line 999, in exec_module
  File "<frozen importlib._bootstrap>", line 488, in _call_with_frames_removed
  File "/opt/airflow/dags/dag_crawl_search_page.py", line 6, in <module>
    from job_crawler.beautifulsoup.crawl_search_page import crawl_multiple_keywords
  File "/opt/airflow/dags/job_crawler/beautifulsoup/crawl_search_page.py", line 160
    
    ^
IndentationError: expected an indented block after function definition on line 159
[2025-11-22T11:53:59.215+0000] {processor.py:927} WARNING - No viable dags retrieved from /opt/airflow/dags/dag_crawl_search_page.py
[2025-11-22T11:53:59.230+0000] {processor.py:208} INFO - Processing /opt/airflow/dags/dag_crawl_search_page.py took 0.062 seconds
[2025-11-22T11:54:29.608+0000] {processor.py:186} INFO - Started process (PID=1966) to work on /opt/airflow/dags/dag_crawl_search_page.py
[2025-11-22T11:54:29.609+0000] {processor.py:914} INFO - Processing file /opt/airflow/dags/dag_crawl_search_page.py for tasks to queue
[2025-11-22T11:54:29.610+0000] {logging_mixin.py:190} INFO - [2025-11-22T11:54:29.610+0000] {dagbag.py:588} INFO - Filling up the DagBag from /opt/airflow/dags/dag_crawl_search_page.py
[2025-11-22T11:54:29.656+0000] {logging_mixin.py:190} INFO - [2025-11-22T11:54:29.654+0000] {dagbag.py:387} ERROR - Failed to import: /opt/airflow/dags/dag_crawl_search_page.py
Traceback (most recent call last):
  File "/home/airflow/.local/lib/python3.12/site-packages/airflow/models/dagbag.py", line 383, in parse
    loader.exec_module(new_module)
  File "<frozen importlib._bootstrap_external>", line 999, in exec_module
  File "<frozen importlib._bootstrap>", line 488, in _call_with_frames_removed
  File "/opt/airflow/dags/dag_crawl_search_page.py", line 6, in <module>
    from job_crawler.beautifulsoup.crawl_search_page import crawl_multiple_keywords
  File "/opt/airflow/dags/job_crawler/beautifulsoup/crawl_search_page.py", line 160
    
    ^
IndentationError: expected an indented block after function definition on line 159
[2025-11-22T11:54:29.657+0000] {processor.py:927} WARNING - No viable dags retrieved from /opt/airflow/dags/dag_crawl_search_page.py
[2025-11-22T11:54:29.676+0000] {processor.py:208} INFO - Processing /opt/airflow/dags/dag_crawl_search_page.py took 0.074 seconds
[2025-11-22T11:55:00.342+0000] {processor.py:186} INFO - Started process (PID=1977) to work on /opt/airflow/dags/dag_crawl_search_page.py
[2025-11-22T11:55:00.343+0000] {processor.py:914} INFO - Processing file /opt/airflow/dags/dag_crawl_search_page.py for tasks to queue
[2025-11-22T11:55:00.344+0000] {logging_mixin.py:190} INFO - [2025-11-22T11:55:00.344+0000] {dagbag.py:588} INFO - Filling up the DagBag from /opt/airflow/dags/dag_crawl_search_page.py
[2025-11-22T11:55:00.384+0000] {logging_mixin.py:190} INFO - [2025-11-22T11:55:00.382+0000] {dagbag.py:387} ERROR - Failed to import: /opt/airflow/dags/dag_crawl_search_page.py
Traceback (most recent call last):
  File "/home/airflow/.local/lib/python3.12/site-packages/airflow/models/dagbag.py", line 383, in parse
    loader.exec_module(new_module)
  File "<frozen importlib._bootstrap_external>", line 999, in exec_module
  File "<frozen importlib._bootstrap>", line 488, in _call_with_frames_removed
  File "/opt/airflow/dags/dag_crawl_search_page.py", line 6, in <module>
    from job_crawler.beautifulsoup.crawl_search_page import crawl_multiple_keywords
  File "/opt/airflow/dags/job_crawler/beautifulsoup/crawl_search_page.py", line 160
    
    ^
IndentationError: expected an indented block after function definition on line 159
[2025-11-22T11:55:00.385+0000] {processor.py:927} WARNING - No viable dags retrieved from /opt/airflow/dags/dag_crawl_search_page.py
[2025-11-22T11:55:00.400+0000] {processor.py:208} INFO - Processing /opt/airflow/dags/dag_crawl_search_page.py took 0.063 seconds
[2025-11-22T11:55:30.751+0000] {processor.py:186} INFO - Started process (PID=1988) to work on /opt/airflow/dags/dag_crawl_search_page.py
[2025-11-22T11:55:30.752+0000] {processor.py:914} INFO - Processing file /opt/airflow/dags/dag_crawl_search_page.py for tasks to queue
[2025-11-22T11:55:30.753+0000] {logging_mixin.py:190} INFO - [2025-11-22T11:55:30.753+0000] {dagbag.py:588} INFO - Filling up the DagBag from /opt/airflow/dags/dag_crawl_search_page.py
[2025-11-22T11:55:30.792+0000] {logging_mixin.py:190} INFO - [2025-11-22T11:55:30.789+0000] {dagbag.py:387} ERROR - Failed to import: /opt/airflow/dags/dag_crawl_search_page.py
Traceback (most recent call last):
  File "/home/airflow/.local/lib/python3.12/site-packages/airflow/models/dagbag.py", line 383, in parse
    loader.exec_module(new_module)
  File "<frozen importlib._bootstrap_external>", line 999, in exec_module
  File "<frozen importlib._bootstrap>", line 488, in _call_with_frames_removed
  File "/opt/airflow/dags/dag_crawl_search_page.py", line 6, in <module>
    from job_crawler.beautifulsoup.crawl_search_page import crawl_multiple_keywords
  File "/opt/airflow/dags/job_crawler/beautifulsoup/crawl_search_page.py", line 160
    
    ^
IndentationError: expected an indented block after function definition on line 159
[2025-11-22T11:55:30.793+0000] {processor.py:927} WARNING - No viable dags retrieved from /opt/airflow/dags/dag_crawl_search_page.py
[2025-11-22T11:55:30.809+0000] {processor.py:208} INFO - Processing /opt/airflow/dags/dag_crawl_search_page.py took 0.064 seconds
[2025-11-22T11:56:01.211+0000] {processor.py:186} INFO - Started process (PID=1999) to work on /opt/airflow/dags/dag_crawl_search_page.py
[2025-11-22T11:56:01.213+0000] {processor.py:914} INFO - Processing file /opt/airflow/dags/dag_crawl_search_page.py for tasks to queue
[2025-11-22T11:56:01.214+0000] {logging_mixin.py:190} INFO - [2025-11-22T11:56:01.213+0000] {dagbag.py:588} INFO - Filling up the DagBag from /opt/airflow/dags/dag_crawl_search_page.py
[2025-11-22T11:56:01.257+0000] {logging_mixin.py:190} INFO - [2025-11-22T11:56:01.255+0000] {dagbag.py:387} ERROR - Failed to import: /opt/airflow/dags/dag_crawl_search_page.py
Traceback (most recent call last):
  File "/home/airflow/.local/lib/python3.12/site-packages/airflow/models/dagbag.py", line 383, in parse
    loader.exec_module(new_module)
  File "<frozen importlib._bootstrap_external>", line 999, in exec_module
  File "<frozen importlib._bootstrap>", line 488, in _call_with_frames_removed
  File "/opt/airflow/dags/dag_crawl_search_page.py", line 6, in <module>
    from job_crawler.beautifulsoup.crawl_search_page import crawl_multiple_keywords
  File "/opt/airflow/dags/job_crawler/beautifulsoup/crawl_search_page.py", line 160
    
    ^
IndentationError: expected an indented block after function definition on line 159
[2025-11-22T11:56:01.259+0000] {processor.py:927} WARNING - No viable dags retrieved from /opt/airflow/dags/dag_crawl_search_page.py
[2025-11-22T11:56:01.275+0000] {processor.py:208} INFO - Processing /opt/airflow/dags/dag_crawl_search_page.py took 0.069 seconds
[2025-11-22T11:56:31.677+0000] {processor.py:186} INFO - Started process (PID=2010) to work on /opt/airflow/dags/dag_crawl_search_page.py
[2025-11-22T11:56:31.679+0000] {processor.py:914} INFO - Processing file /opt/airflow/dags/dag_crawl_search_page.py for tasks to queue
[2025-11-22T11:56:31.680+0000] {logging_mixin.py:190} INFO - [2025-11-22T11:56:31.680+0000] {dagbag.py:588} INFO - Filling up the DagBag from /opt/airflow/dags/dag_crawl_search_page.py
[2025-11-22T11:56:31.720+0000] {logging_mixin.py:190} INFO - [2025-11-22T11:56:31.717+0000] {dagbag.py:387} ERROR - Failed to import: /opt/airflow/dags/dag_crawl_search_page.py
Traceback (most recent call last):
  File "/home/airflow/.local/lib/python3.12/site-packages/airflow/models/dagbag.py", line 383, in parse
    loader.exec_module(new_module)
  File "<frozen importlib._bootstrap_external>", line 999, in exec_module
  File "<frozen importlib._bootstrap>", line 488, in _call_with_frames_removed
  File "/opt/airflow/dags/dag_crawl_search_page.py", line 6, in <module>
    from job_crawler.beautifulsoup.crawl_search_page import crawl_multiple_keywords
  File "/opt/airflow/dags/job_crawler/beautifulsoup/crawl_search_page.py", line 160
    
    ^
IndentationError: expected an indented block after function definition on line 159
[2025-11-22T11:56:31.721+0000] {processor.py:927} WARNING - No viable dags retrieved from /opt/airflow/dags/dag_crawl_search_page.py
[2025-11-22T11:56:31.736+0000] {processor.py:208} INFO - Processing /opt/airflow/dags/dag_crawl_search_page.py took 0.065 seconds
[2025-11-22T11:57:02.064+0000] {processor.py:186} INFO - Started process (PID=2021) to work on /opt/airflow/dags/dag_crawl_search_page.py
[2025-11-22T11:57:02.065+0000] {processor.py:914} INFO - Processing file /opt/airflow/dags/dag_crawl_search_page.py for tasks to queue
[2025-11-22T11:57:02.066+0000] {logging_mixin.py:190} INFO - [2025-11-22T11:57:02.066+0000] {dagbag.py:588} INFO - Filling up the DagBag from /opt/airflow/dags/dag_crawl_search_page.py
[2025-11-22T11:57:02.105+0000] {logging_mixin.py:190} INFO - [2025-11-22T11:57:02.102+0000] {dagbag.py:387} ERROR - Failed to import: /opt/airflow/dags/dag_crawl_search_page.py
Traceback (most recent call last):
  File "/home/airflow/.local/lib/python3.12/site-packages/airflow/models/dagbag.py", line 383, in parse
    loader.exec_module(new_module)
  File "<frozen importlib._bootstrap_external>", line 999, in exec_module
  File "<frozen importlib._bootstrap>", line 488, in _call_with_frames_removed
  File "/opt/airflow/dags/dag_crawl_search_page.py", line 6, in <module>
    from job_crawler.beautifulsoup.crawl_search_page import crawl_multiple_keywords
  File "/opt/airflow/dags/job_crawler/beautifulsoup/crawl_search_page.py", line 160
    
    ^
IndentationError: expected an indented block after function definition on line 159
[2025-11-22T11:57:02.106+0000] {processor.py:927} WARNING - No viable dags retrieved from /opt/airflow/dags/dag_crawl_search_page.py
[2025-11-22T11:57:02.121+0000] {processor.py:208} INFO - Processing /opt/airflow/dags/dag_crawl_search_page.py took 0.063 seconds
[2025-11-22T11:57:32.481+0000] {processor.py:186} INFO - Started process (PID=2032) to work on /opt/airflow/dags/dag_crawl_search_page.py
[2025-11-22T11:57:32.482+0000] {processor.py:914} INFO - Processing file /opt/airflow/dags/dag_crawl_search_page.py for tasks to queue
[2025-11-22T11:57:32.483+0000] {logging_mixin.py:190} INFO - [2025-11-22T11:57:32.483+0000] {dagbag.py:588} INFO - Filling up the DagBag from /opt/airflow/dags/dag_crawl_search_page.py
[2025-11-22T11:57:32.535+0000] {logging_mixin.py:190} INFO - [2025-11-22T11:57:32.533+0000] {dagbag.py:387} ERROR - Failed to import: /opt/airflow/dags/dag_crawl_search_page.py
Traceback (most recent call last):
  File "/home/airflow/.local/lib/python3.12/site-packages/airflow/models/dagbag.py", line 383, in parse
    loader.exec_module(new_module)
  File "<frozen importlib._bootstrap_external>", line 999, in exec_module
  File "<frozen importlib._bootstrap>", line 488, in _call_with_frames_removed
  File "/opt/airflow/dags/dag_crawl_search_page.py", line 6, in <module>
    from job_crawler.beautifulsoup.crawl_search_page import crawl_multiple_keywords
  File "/opt/airflow/dags/job_crawler/beautifulsoup/crawl_search_page.py", line 160
    
    ^
IndentationError: expected an indented block after function definition on line 159
[2025-11-22T11:57:32.536+0000] {processor.py:927} WARNING - No viable dags retrieved from /opt/airflow/dags/dag_crawl_search_page.py
[2025-11-22T11:57:32.551+0000] {processor.py:208} INFO - Processing /opt/airflow/dags/dag_crawl_search_page.py took 0.076 seconds
[2025-11-22T11:58:02.933+0000] {processor.py:186} INFO - Started process (PID=2043) to work on /opt/airflow/dags/dag_crawl_search_page.py
[2025-11-22T11:58:02.934+0000] {processor.py:914} INFO - Processing file /opt/airflow/dags/dag_crawl_search_page.py for tasks to queue
[2025-11-22T11:58:02.935+0000] {logging_mixin.py:190} INFO - [2025-11-22T11:58:02.935+0000] {dagbag.py:588} INFO - Filling up the DagBag from /opt/airflow/dags/dag_crawl_search_page.py
[2025-11-22T11:58:02.986+0000] {logging_mixin.py:190} INFO - [2025-11-22T11:58:02.983+0000] {dagbag.py:387} ERROR - Failed to import: /opt/airflow/dags/dag_crawl_search_page.py
Traceback (most recent call last):
  File "/home/airflow/.local/lib/python3.12/site-packages/airflow/models/dagbag.py", line 383, in parse
    loader.exec_module(new_module)
  File "<frozen importlib._bootstrap_external>", line 999, in exec_module
  File "<frozen importlib._bootstrap>", line 488, in _call_with_frames_removed
  File "/opt/airflow/dags/dag_crawl_search_page.py", line 6, in <module>
    from job_crawler.beautifulsoup.crawl_search_page import crawl_multiple_keywords
  File "/opt/airflow/dags/job_crawler/beautifulsoup/crawl_search_page.py", line 160
    
    ^
IndentationError: expected an indented block after function definition on line 159
[2025-11-22T11:58:02.987+0000] {processor.py:927} WARNING - No viable dags retrieved from /opt/airflow/dags/dag_crawl_search_page.py
[2025-11-22T11:58:03.002+0000] {processor.py:208} INFO - Processing /opt/airflow/dags/dag_crawl_search_page.py took 0.075 seconds
[2025-11-22T11:58:33.367+0000] {processor.py:186} INFO - Started process (PID=2055) to work on /opt/airflow/dags/dag_crawl_search_page.py
[2025-11-22T11:58:33.368+0000] {processor.py:914} INFO - Processing file /opt/airflow/dags/dag_crawl_search_page.py for tasks to queue
[2025-11-22T11:58:33.369+0000] {logging_mixin.py:190} INFO - [2025-11-22T11:58:33.369+0000] {dagbag.py:588} INFO - Filling up the DagBag from /opt/airflow/dags/dag_crawl_search_page.py
[2025-11-22T11:58:33.415+0000] {logging_mixin.py:190} INFO - [2025-11-22T11:58:33.413+0000] {dagbag.py:387} ERROR - Failed to import: /opt/airflow/dags/dag_crawl_search_page.py
Traceback (most recent call last):
  File "/home/airflow/.local/lib/python3.12/site-packages/airflow/models/dagbag.py", line 383, in parse
    loader.exec_module(new_module)
  File "<frozen importlib._bootstrap_external>", line 999, in exec_module
  File "<frozen importlib._bootstrap>", line 488, in _call_with_frames_removed
  File "/opt/airflow/dags/dag_crawl_search_page.py", line 6, in <module>
    from job_crawler.beautifulsoup.crawl_search_page import crawl_multiple_keywords
  File "/opt/airflow/dags/job_crawler/beautifulsoup/crawl_search_page.py", line 160
    
    ^
IndentationError: expected an indented block after function definition on line 159
[2025-11-22T11:58:33.416+0000] {processor.py:927} WARNING - No viable dags retrieved from /opt/airflow/dags/dag_crawl_search_page.py
[2025-11-22T11:58:33.431+0000] {processor.py:208} INFO - Processing /opt/airflow/dags/dag_crawl_search_page.py took 0.070 seconds
[2025-11-22T11:59:03.775+0000] {processor.py:186} INFO - Started process (PID=2066) to work on /opt/airflow/dags/dag_crawl_search_page.py
[2025-11-22T11:59:03.776+0000] {processor.py:914} INFO - Processing file /opt/airflow/dags/dag_crawl_search_page.py for tasks to queue
[2025-11-22T11:59:03.778+0000] {logging_mixin.py:190} INFO - [2025-11-22T11:59:03.777+0000] {dagbag.py:588} INFO - Filling up the DagBag from /opt/airflow/dags/dag_crawl_search_page.py
[2025-11-22T11:59:03.816+0000] {logging_mixin.py:190} INFO - [2025-11-22T11:59:03.814+0000] {dagbag.py:387} ERROR - Failed to import: /opt/airflow/dags/dag_crawl_search_page.py
Traceback (most recent call last):
  File "/home/airflow/.local/lib/python3.12/site-packages/airflow/models/dagbag.py", line 383, in parse
    loader.exec_module(new_module)
  File "<frozen importlib._bootstrap_external>", line 999, in exec_module
  File "<frozen importlib._bootstrap>", line 488, in _call_with_frames_removed
  File "/opt/airflow/dags/dag_crawl_search_page.py", line 6, in <module>
    from job_crawler.beautifulsoup.crawl_search_page import crawl_multiple_keywords
  File "/opt/airflow/dags/job_crawler/beautifulsoup/crawl_search_page.py", line 160
    
    ^
IndentationError: expected an indented block after function definition on line 159
[2025-11-22T11:59:03.817+0000] {processor.py:927} WARNING - No viable dags retrieved from /opt/airflow/dags/dag_crawl_search_page.py
[2025-11-22T11:59:03.832+0000] {processor.py:208} INFO - Processing /opt/airflow/dags/dag_crawl_search_page.py took 0.064 seconds
[2025-11-22T11:59:34.252+0000] {processor.py:186} INFO - Started process (PID=2077) to work on /opt/airflow/dags/dag_crawl_search_page.py
[2025-11-22T11:59:34.253+0000] {processor.py:914} INFO - Processing file /opt/airflow/dags/dag_crawl_search_page.py for tasks to queue
[2025-11-22T11:59:34.254+0000] {logging_mixin.py:190} INFO - [2025-11-22T11:59:34.254+0000] {dagbag.py:588} INFO - Filling up the DagBag from /opt/airflow/dags/dag_crawl_search_page.py
[2025-11-22T11:59:34.293+0000] {logging_mixin.py:190} INFO - [2025-11-22T11:59:34.291+0000] {dagbag.py:387} ERROR - Failed to import: /opt/airflow/dags/dag_crawl_search_page.py
Traceback (most recent call last):
  File "/home/airflow/.local/lib/python3.12/site-packages/airflow/models/dagbag.py", line 383, in parse
    loader.exec_module(new_module)
  File "<frozen importlib._bootstrap_external>", line 999, in exec_module
  File "<frozen importlib._bootstrap>", line 488, in _call_with_frames_removed
  File "/opt/airflow/dags/dag_crawl_search_page.py", line 6, in <module>
    from job_crawler.beautifulsoup.crawl_search_page import crawl_multiple_keywords
  File "/opt/airflow/dags/job_crawler/beautifulsoup/crawl_search_page.py", line 160
    
    ^
IndentationError: expected an indented block after function definition on line 159
[2025-11-22T11:59:34.295+0000] {processor.py:927} WARNING - No viable dags retrieved from /opt/airflow/dags/dag_crawl_search_page.py
[2025-11-22T11:59:34.310+0000] {processor.py:208} INFO - Processing /opt/airflow/dags/dag_crawl_search_page.py took 0.063 seconds
[2025-11-22T12:00:04.941+0000] {processor.py:186} INFO - Started process (PID=2088) to work on /opt/airflow/dags/dag_crawl_search_page.py
[2025-11-22T12:00:04.942+0000] {processor.py:914} INFO - Processing file /opt/airflow/dags/dag_crawl_search_page.py for tasks to queue
[2025-11-22T12:00:04.944+0000] {logging_mixin.py:190} INFO - [2025-11-22T12:00:04.944+0000] {dagbag.py:588} INFO - Filling up the DagBag from /opt/airflow/dags/dag_crawl_search_page.py
[2025-11-22T12:00:05.021+0000] {logging_mixin.py:190} INFO - [2025-11-22T12:00:05.018+0000] {dagbag.py:387} ERROR - Failed to import: /opt/airflow/dags/dag_crawl_search_page.py
Traceback (most recent call last):
  File "/home/airflow/.local/lib/python3.12/site-packages/airflow/models/dagbag.py", line 383, in parse
    loader.exec_module(new_module)
  File "<frozen importlib._bootstrap_external>", line 999, in exec_module
  File "<frozen importlib._bootstrap>", line 488, in _call_with_frames_removed
  File "/opt/airflow/dags/dag_crawl_search_page.py", line 6, in <module>
    from job_crawler.beautifulsoup.crawl_search_page import crawl_multiple_keywords
  File "/opt/airflow/dags/job_crawler/beautifulsoup/crawl_search_page.py", line 160
    
    ^
IndentationError: expected an indented block after function definition on line 159
[2025-11-22T12:00:05.022+0000] {processor.py:927} WARNING - No viable dags retrieved from /opt/airflow/dags/dag_crawl_search_page.py
[2025-11-22T12:00:05.048+0000] {processor.py:208} INFO - Processing /opt/airflow/dags/dag_crawl_search_page.py took 0.117 seconds
[2025-11-22T12:00:35.384+0000] {processor.py:186} INFO - Started process (PID=2099) to work on /opt/airflow/dags/dag_crawl_search_page.py
[2025-11-22T12:00:35.386+0000] {processor.py:914} INFO - Processing file /opt/airflow/dags/dag_crawl_search_page.py for tasks to queue
[2025-11-22T12:00:35.387+0000] {logging_mixin.py:190} INFO - [2025-11-22T12:00:35.387+0000] {dagbag.py:588} INFO - Filling up the DagBag from /opt/airflow/dags/dag_crawl_search_page.py
[2025-11-22T12:00:35.437+0000] {logging_mixin.py:190} INFO - [2025-11-22T12:00:35.433+0000] {dagbag.py:387} ERROR - Failed to import: /opt/airflow/dags/dag_crawl_search_page.py
Traceback (most recent call last):
  File "/home/airflow/.local/lib/python3.12/site-packages/airflow/models/dagbag.py", line 383, in parse
    loader.exec_module(new_module)
  File "<frozen importlib._bootstrap_external>", line 999, in exec_module
  File "<frozen importlib._bootstrap>", line 488, in _call_with_frames_removed
  File "/opt/airflow/dags/dag_crawl_search_page.py", line 6, in <module>
    from job_crawler.beautifulsoup.crawl_search_page import crawl_multiple_keywords
  File "/opt/airflow/dags/job_crawler/beautifulsoup/crawl_search_page.py", line 160
    
    ^
IndentationError: expected an indented block after function definition on line 159
[2025-11-22T12:00:35.438+0000] {processor.py:927} WARNING - No viable dags retrieved from /opt/airflow/dags/dag_crawl_search_page.py
[2025-11-22T12:00:35.456+0000] {processor.py:208} INFO - Processing /opt/airflow/dags/dag_crawl_search_page.py took 0.078 seconds
[2025-11-22T12:01:05.832+0000] {processor.py:186} INFO - Started process (PID=2110) to work on /opt/airflow/dags/dag_crawl_search_page.py
[2025-11-22T12:01:05.833+0000] {processor.py:914} INFO - Processing file /opt/airflow/dags/dag_crawl_search_page.py for tasks to queue
[2025-11-22T12:01:05.834+0000] {logging_mixin.py:190} INFO - [2025-11-22T12:01:05.834+0000] {dagbag.py:588} INFO - Filling up the DagBag from /opt/airflow/dags/dag_crawl_search_page.py
[2025-11-22T12:01:05.884+0000] {logging_mixin.py:190} INFO - [2025-11-22T12:01:05.881+0000] {dagbag.py:387} ERROR - Failed to import: /opt/airflow/dags/dag_crawl_search_page.py
Traceback (most recent call last):
  File "/home/airflow/.local/lib/python3.12/site-packages/airflow/models/dagbag.py", line 383, in parse
    loader.exec_module(new_module)
  File "<frozen importlib._bootstrap_external>", line 999, in exec_module
  File "<frozen importlib._bootstrap>", line 488, in _call_with_frames_removed
  File "/opt/airflow/dags/dag_crawl_search_page.py", line 6, in <module>
    from job_crawler.beautifulsoup.crawl_search_page import crawl_multiple_keywords
  File "/opt/airflow/dags/job_crawler/beautifulsoup/crawl_search_page.py", line 160
    
    ^
IndentationError: expected an indented block after function definition on line 159
[2025-11-22T12:01:05.885+0000] {processor.py:927} WARNING - No viable dags retrieved from /opt/airflow/dags/dag_crawl_search_page.py
[2025-11-22T12:01:05.900+0000] {processor.py:208} INFO - Processing /opt/airflow/dags/dag_crawl_search_page.py took 0.073 seconds
[2025-11-22T12:01:36.246+0000] {processor.py:186} INFO - Started process (PID=2121) to work on /opt/airflow/dags/dag_crawl_search_page.py
[2025-11-22T12:01:36.247+0000] {processor.py:914} INFO - Processing file /opt/airflow/dags/dag_crawl_search_page.py for tasks to queue
[2025-11-22T12:01:36.248+0000] {logging_mixin.py:190} INFO - [2025-11-22T12:01:36.248+0000] {dagbag.py:588} INFO - Filling up the DagBag from /opt/airflow/dags/dag_crawl_search_page.py
[2025-11-22T12:01:36.284+0000] {logging_mixin.py:190} INFO - [2025-11-22T12:01:36.282+0000] {dagbag.py:387} ERROR - Failed to import: /opt/airflow/dags/dag_crawl_search_page.py
Traceback (most recent call last):
  File "/home/airflow/.local/lib/python3.12/site-packages/airflow/models/dagbag.py", line 383, in parse
    loader.exec_module(new_module)
  File "<frozen importlib._bootstrap_external>", line 999, in exec_module
  File "<frozen importlib._bootstrap>", line 488, in _call_with_frames_removed
  File "/opt/airflow/dags/dag_crawl_search_page.py", line 6, in <module>
    from job_crawler.beautifulsoup.crawl_search_page import crawl_multiple_keywords
  File "/opt/airflow/dags/job_crawler/beautifulsoup/crawl_search_page.py", line 160
    
    ^
IndentationError: expected an indented block after function definition on line 159
[2025-11-22T12:01:36.285+0000] {processor.py:927} WARNING - No viable dags retrieved from /opt/airflow/dags/dag_crawl_search_page.py
[2025-11-22T12:01:36.300+0000] {processor.py:208} INFO - Processing /opt/airflow/dags/dag_crawl_search_page.py took 0.059 seconds
[2025-11-22T12:02:06.721+0000] {processor.py:186} INFO - Started process (PID=2132) to work on /opt/airflow/dags/dag_crawl_search_page.py
[2025-11-22T12:02:06.722+0000] {processor.py:914} INFO - Processing file /opt/airflow/dags/dag_crawl_search_page.py for tasks to queue
[2025-11-22T12:02:06.723+0000] {logging_mixin.py:190} INFO - [2025-11-22T12:02:06.723+0000] {dagbag.py:588} INFO - Filling up the DagBag from /opt/airflow/dags/dag_crawl_search_page.py
[2025-11-22T12:02:06.763+0000] {logging_mixin.py:190} INFO - [2025-11-22T12:02:06.760+0000] {dagbag.py:387} ERROR - Failed to import: /opt/airflow/dags/dag_crawl_search_page.py
Traceback (most recent call last):
  File "/home/airflow/.local/lib/python3.12/site-packages/airflow/models/dagbag.py", line 383, in parse
    loader.exec_module(new_module)
  File "<frozen importlib._bootstrap_external>", line 999, in exec_module
  File "<frozen importlib._bootstrap>", line 488, in _call_with_frames_removed
  File "/opt/airflow/dags/dag_crawl_search_page.py", line 6, in <module>
    from job_crawler.beautifulsoup.crawl_search_page import crawl_multiple_keywords
  File "/opt/airflow/dags/job_crawler/beautifulsoup/crawl_search_page.py", line 160
    
    ^
IndentationError: expected an indented block after function definition on line 159
[2025-11-22T12:02:06.764+0000] {processor.py:927} WARNING - No viable dags retrieved from /opt/airflow/dags/dag_crawl_search_page.py
[2025-11-22T12:02:06.779+0000] {processor.py:208} INFO - Processing /opt/airflow/dags/dag_crawl_search_page.py took 0.063 seconds
[2025-11-22T12:02:37.150+0000] {processor.py:186} INFO - Started process (PID=2143) to work on /opt/airflow/dags/dag_crawl_search_page.py
[2025-11-22T12:02:37.152+0000] {processor.py:914} INFO - Processing file /opt/airflow/dags/dag_crawl_search_page.py for tasks to queue
[2025-11-22T12:02:37.153+0000] {logging_mixin.py:190} INFO - [2025-11-22T12:02:37.153+0000] {dagbag.py:588} INFO - Filling up the DagBag from /opt/airflow/dags/dag_crawl_search_page.py
[2025-11-22T12:02:37.217+0000] {logging_mixin.py:190} INFO - [2025-11-22T12:02:37.215+0000] {dagbag.py:387} ERROR - Failed to import: /opt/airflow/dags/dag_crawl_search_page.py
Traceback (most recent call last):
  File "/home/airflow/.local/lib/python3.12/site-packages/airflow/models/dagbag.py", line 383, in parse
    loader.exec_module(new_module)
  File "<frozen importlib._bootstrap_external>", line 999, in exec_module
  File "<frozen importlib._bootstrap>", line 488, in _call_with_frames_removed
  File "/opt/airflow/dags/dag_crawl_search_page.py", line 6, in <module>
    from job_crawler.beautifulsoup.crawl_search_page import crawl_multiple_keywords
  File "/opt/airflow/dags/job_crawler/beautifulsoup/crawl_search_page.py", line 160
    
    ^
IndentationError: expected an indented block after function definition on line 159
[2025-11-22T12:02:37.218+0000] {processor.py:927} WARNING - No viable dags retrieved from /opt/airflow/dags/dag_crawl_search_page.py
[2025-11-22T12:02:37.232+0000] {processor.py:208} INFO - Processing /opt/airflow/dags/dag_crawl_search_page.py took 0.088 seconds
[2025-11-22T12:03:07.587+0000] {processor.py:186} INFO - Started process (PID=2154) to work on /opt/airflow/dags/dag_crawl_search_page.py
[2025-11-22T12:03:07.588+0000] {processor.py:914} INFO - Processing file /opt/airflow/dags/dag_crawl_search_page.py for tasks to queue
[2025-11-22T12:03:07.590+0000] {logging_mixin.py:190} INFO - [2025-11-22T12:03:07.590+0000] {dagbag.py:588} INFO - Filling up the DagBag from /opt/airflow/dags/dag_crawl_search_page.py
[2025-11-22T12:03:07.627+0000] {logging_mixin.py:190} INFO - [2025-11-22T12:03:07.624+0000] {dagbag.py:387} ERROR - Failed to import: /opt/airflow/dags/dag_crawl_search_page.py
Traceback (most recent call last):
  File "/home/airflow/.local/lib/python3.12/site-packages/airflow/models/dagbag.py", line 383, in parse
    loader.exec_module(new_module)
  File "<frozen importlib._bootstrap_external>", line 999, in exec_module
  File "<frozen importlib._bootstrap>", line 488, in _call_with_frames_removed
  File "/opt/airflow/dags/dag_crawl_search_page.py", line 6, in <module>
    from job_crawler.beautifulsoup.crawl_search_page import crawl_multiple_keywords
  File "/opt/airflow/dags/job_crawler/beautifulsoup/crawl_search_page.py", line 160
    
    ^
IndentationError: expected an indented block after function definition on line 159
[2025-11-22T12:03:07.628+0000] {processor.py:927} WARNING - No viable dags retrieved from /opt/airflow/dags/dag_crawl_search_page.py
[2025-11-22T12:03:07.642+0000] {processor.py:208} INFO - Processing /opt/airflow/dags/dag_crawl_search_page.py took 0.061 seconds
[2025-11-22T12:03:38.148+0000] {processor.py:186} INFO - Started process (PID=2165) to work on /opt/airflow/dags/dag_crawl_search_page.py
[2025-11-22T12:03:38.149+0000] {processor.py:914} INFO - Processing file /opt/airflow/dags/dag_crawl_search_page.py for tasks to queue
[2025-11-22T12:03:38.150+0000] {logging_mixin.py:190} INFO - [2025-11-22T12:03:38.149+0000] {dagbag.py:588} INFO - Filling up the DagBag from /opt/airflow/dags/dag_crawl_search_page.py
[2025-11-22T12:03:38.195+0000] {logging_mixin.py:190} INFO - [2025-11-22T12:03:38.193+0000] {dagbag.py:387} ERROR - Failed to import: /opt/airflow/dags/dag_crawl_search_page.py
Traceback (most recent call last):
  File "/home/airflow/.local/lib/python3.12/site-packages/airflow/models/dagbag.py", line 383, in parse
    loader.exec_module(new_module)
  File "<frozen importlib._bootstrap_external>", line 999, in exec_module
  File "<frozen importlib._bootstrap>", line 488, in _call_with_frames_removed
  File "/opt/airflow/dags/dag_crawl_search_page.py", line 6, in <module>
    from job_crawler.beautifulsoup.crawl_search_page import crawl_multiple_keywords
  File "/opt/airflow/dags/job_crawler/beautifulsoup/crawl_search_page.py", line 160
    
    ^
IndentationError: expected an indented block after function definition on line 159
[2025-11-22T12:03:38.198+0000] {processor.py:927} WARNING - No viable dags retrieved from /opt/airflow/dags/dag_crawl_search_page.py
[2025-11-22T12:03:38.213+0000] {processor.py:208} INFO - Processing /opt/airflow/dags/dag_crawl_search_page.py took 0.071 seconds
[2025-11-22T12:04:08.545+0000] {processor.py:186} INFO - Started process (PID=2176) to work on /opt/airflow/dags/dag_crawl_search_page.py
[2025-11-22T12:04:08.546+0000] {processor.py:914} INFO - Processing file /opt/airflow/dags/dag_crawl_search_page.py for tasks to queue
[2025-11-22T12:04:08.548+0000] {logging_mixin.py:190} INFO - [2025-11-22T12:04:08.547+0000] {dagbag.py:588} INFO - Filling up the DagBag from /opt/airflow/dags/dag_crawl_search_page.py
[2025-11-22T12:04:08.586+0000] {logging_mixin.py:190} INFO - [2025-11-22T12:04:08.584+0000] {dagbag.py:387} ERROR - Failed to import: /opt/airflow/dags/dag_crawl_search_page.py
Traceback (most recent call last):
  File "/home/airflow/.local/lib/python3.12/site-packages/airflow/models/dagbag.py", line 383, in parse
    loader.exec_module(new_module)
  File "<frozen importlib._bootstrap_external>", line 999, in exec_module
  File "<frozen importlib._bootstrap>", line 488, in _call_with_frames_removed
  File "/opt/airflow/dags/dag_crawl_search_page.py", line 6, in <module>
    from job_crawler.beautifulsoup.crawl_search_page import crawl_multiple_keywords
  File "/opt/airflow/dags/job_crawler/beautifulsoup/crawl_search_page.py", line 160
    
    ^
IndentationError: expected an indented block after function definition on line 159
[2025-11-22T12:04:08.588+0000] {processor.py:927} WARNING - No viable dags retrieved from /opt/airflow/dags/dag_crawl_search_page.py
[2025-11-22T12:04:08.603+0000] {processor.py:208} INFO - Processing /opt/airflow/dags/dag_crawl_search_page.py took 0.064 seconds
[2025-11-22T12:04:38.944+0000] {processor.py:186} INFO - Started process (PID=2187) to work on /opt/airflow/dags/dag_crawl_search_page.py
[2025-11-22T12:04:38.945+0000] {processor.py:914} INFO - Processing file /opt/airflow/dags/dag_crawl_search_page.py for tasks to queue
[2025-11-22T12:04:38.946+0000] {logging_mixin.py:190} INFO - [2025-11-22T12:04:38.946+0000] {dagbag.py:588} INFO - Filling up the DagBag from /opt/airflow/dags/dag_crawl_search_page.py
[2025-11-22T12:04:38.985+0000] {logging_mixin.py:190} INFO - [2025-11-22T12:04:38.983+0000] {dagbag.py:387} ERROR - Failed to import: /opt/airflow/dags/dag_crawl_search_page.py
Traceback (most recent call last):
  File "/home/airflow/.local/lib/python3.12/site-packages/airflow/models/dagbag.py", line 383, in parse
    loader.exec_module(new_module)
  File "<frozen importlib._bootstrap_external>", line 999, in exec_module
  File "<frozen importlib._bootstrap>", line 488, in _call_with_frames_removed
  File "/opt/airflow/dags/dag_crawl_search_page.py", line 6, in <module>
    from job_crawler.beautifulsoup.crawl_search_page import crawl_multiple_keywords
  File "/opt/airflow/dags/job_crawler/beautifulsoup/crawl_search_page.py", line 160
    
    ^
IndentationError: expected an indented block after function definition on line 159
[2025-11-22T12:04:38.986+0000] {processor.py:927} WARNING - No viable dags retrieved from /opt/airflow/dags/dag_crawl_search_page.py
[2025-11-22T12:04:39.001+0000] {processor.py:208} INFO - Processing /opt/airflow/dags/dag_crawl_search_page.py took 0.063 seconds
[2025-11-22T12:05:09.625+0000] {processor.py:186} INFO - Started process (PID=2198) to work on /opt/airflow/dags/dag_crawl_search_page.py
[2025-11-22T12:05:09.626+0000] {processor.py:914} INFO - Processing file /opt/airflow/dags/dag_crawl_search_page.py for tasks to queue
[2025-11-22T12:05:09.627+0000] {logging_mixin.py:190} INFO - [2025-11-22T12:05:09.627+0000] {dagbag.py:588} INFO - Filling up the DagBag from /opt/airflow/dags/dag_crawl_search_page.py
[2025-11-22T12:05:09.673+0000] {logging_mixin.py:190} INFO - [2025-11-22T12:05:09.670+0000] {dagbag.py:387} ERROR - Failed to import: /opt/airflow/dags/dag_crawl_search_page.py
Traceback (most recent call last):
  File "/home/airflow/.local/lib/python3.12/site-packages/airflow/models/dagbag.py", line 383, in parse
    loader.exec_module(new_module)
  File "<frozen importlib._bootstrap_external>", line 999, in exec_module
  File "<frozen importlib._bootstrap>", line 488, in _call_with_frames_removed
  File "/opt/airflow/dags/dag_crawl_search_page.py", line 6, in <module>
    from job_crawler.beautifulsoup.crawl_search_page import crawl_multiple_keywords
  File "/opt/airflow/dags/job_crawler/beautifulsoup/crawl_search_page.py", line 160
    
    ^
IndentationError: expected an indented block after function definition on line 159
[2025-11-22T12:05:09.674+0000] {processor.py:927} WARNING - No viable dags retrieved from /opt/airflow/dags/dag_crawl_search_page.py
[2025-11-22T12:05:09.689+0000] {processor.py:208} INFO - Processing /opt/airflow/dags/dag_crawl_search_page.py took 0.069 seconds
[2025-11-22T12:05:40.046+0000] {processor.py:186} INFO - Started process (PID=2209) to work on /opt/airflow/dags/dag_crawl_search_page.py
[2025-11-22T12:05:40.047+0000] {processor.py:914} INFO - Processing file /opt/airflow/dags/dag_crawl_search_page.py for tasks to queue
[2025-11-22T12:05:40.049+0000] {logging_mixin.py:190} INFO - [2025-11-22T12:05:40.048+0000] {dagbag.py:588} INFO - Filling up the DagBag from /opt/airflow/dags/dag_crawl_search_page.py
[2025-11-22T12:05:40.084+0000] {logging_mixin.py:190} INFO - [2025-11-22T12:05:40.082+0000] {dagbag.py:387} ERROR - Failed to import: /opt/airflow/dags/dag_crawl_search_page.py
Traceback (most recent call last):
  File "/home/airflow/.local/lib/python3.12/site-packages/airflow/models/dagbag.py", line 383, in parse
    loader.exec_module(new_module)
  File "<frozen importlib._bootstrap_external>", line 999, in exec_module
  File "<frozen importlib._bootstrap>", line 488, in _call_with_frames_removed
  File "/opt/airflow/dags/dag_crawl_search_page.py", line 6, in <module>
    from job_crawler.beautifulsoup.crawl_search_page import crawl_multiple_keywords
  File "/opt/airflow/dags/job_crawler/beautifulsoup/crawl_search_page.py", line 160
    
    ^
IndentationError: expected an indented block after function definition on line 159
[2025-11-22T12:05:40.085+0000] {processor.py:927} WARNING - No viable dags retrieved from /opt/airflow/dags/dag_crawl_search_page.py
[2025-11-22T12:05:40.100+0000] {processor.py:208} INFO - Processing /opt/airflow/dags/dag_crawl_search_page.py took 0.060 seconds
[2025-11-22T12:06:10.467+0000] {processor.py:186} INFO - Started process (PID=2220) to work on /opt/airflow/dags/dag_crawl_search_page.py
[2025-11-22T12:06:10.468+0000] {processor.py:914} INFO - Processing file /opt/airflow/dags/dag_crawl_search_page.py for tasks to queue
[2025-11-22T12:06:10.469+0000] {logging_mixin.py:190} INFO - [2025-11-22T12:06:10.469+0000] {dagbag.py:588} INFO - Filling up the DagBag from /opt/airflow/dags/dag_crawl_search_page.py
[2025-11-22T12:06:10.516+0000] {logging_mixin.py:190} INFO - [2025-11-22T12:06:10.514+0000] {dagbag.py:387} ERROR - Failed to import: /opt/airflow/dags/dag_crawl_search_page.py
Traceback (most recent call last):
  File "/home/airflow/.local/lib/python3.12/site-packages/airflow/models/dagbag.py", line 383, in parse
    loader.exec_module(new_module)
  File "<frozen importlib._bootstrap_external>", line 999, in exec_module
  File "<frozen importlib._bootstrap>", line 488, in _call_with_frames_removed
  File "/opt/airflow/dags/dag_crawl_search_page.py", line 6, in <module>
    from job_crawler.beautifulsoup.crawl_search_page import crawl_multiple_keywords
  File "/opt/airflow/dags/job_crawler/beautifulsoup/crawl_search_page.py", line 160
    
    ^
IndentationError: expected an indented block after function definition on line 159
[2025-11-22T12:06:10.517+0000] {processor.py:927} WARNING - No viable dags retrieved from /opt/airflow/dags/dag_crawl_search_page.py
[2025-11-22T12:06:10.534+0000] {processor.py:208} INFO - Processing /opt/airflow/dags/dag_crawl_search_page.py took 0.072 seconds
[2025-11-22T12:06:41.025+0000] {processor.py:186} INFO - Started process (PID=2231) to work on /opt/airflow/dags/dag_crawl_search_page.py
[2025-11-22T12:06:41.026+0000] {processor.py:914} INFO - Processing file /opt/airflow/dags/dag_crawl_search_page.py for tasks to queue
[2025-11-22T12:06:41.027+0000] {logging_mixin.py:190} INFO - [2025-11-22T12:06:41.027+0000] {dagbag.py:588} INFO - Filling up the DagBag from /opt/airflow/dags/dag_crawl_search_page.py
[2025-11-22T12:06:41.064+0000] {logging_mixin.py:190} INFO - [2025-11-22T12:06:41.061+0000] {dagbag.py:387} ERROR - Failed to import: /opt/airflow/dags/dag_crawl_search_page.py
Traceback (most recent call last):
  File "/home/airflow/.local/lib/python3.12/site-packages/airflow/models/dagbag.py", line 383, in parse
    loader.exec_module(new_module)
  File "<frozen importlib._bootstrap_external>", line 999, in exec_module
  File "<frozen importlib._bootstrap>", line 488, in _call_with_frames_removed
  File "/opt/airflow/dags/dag_crawl_search_page.py", line 6, in <module>
    from job_crawler.beautifulsoup.crawl_search_page import crawl_multiple_keywords
  File "/opt/airflow/dags/job_crawler/beautifulsoup/crawl_search_page.py", line 160
    
    ^
IndentationError: expected an indented block after function definition on line 159
[2025-11-22T12:06:41.065+0000] {processor.py:927} WARNING - No viable dags retrieved from /opt/airflow/dags/dag_crawl_search_page.py
[2025-11-22T12:06:41.079+0000] {processor.py:208} INFO - Processing /opt/airflow/dags/dag_crawl_search_page.py took 0.060 seconds
[2025-11-22T12:07:11.410+0000] {processor.py:186} INFO - Started process (PID=2242) to work on /opt/airflow/dags/dag_crawl_search_page.py
[2025-11-22T12:07:11.411+0000] {processor.py:914} INFO - Processing file /opt/airflow/dags/dag_crawl_search_page.py for tasks to queue
[2025-11-22T12:07:11.412+0000] {logging_mixin.py:190} INFO - [2025-11-22T12:07:11.412+0000] {dagbag.py:588} INFO - Filling up the DagBag from /opt/airflow/dags/dag_crawl_search_page.py
[2025-11-22T12:07:11.452+0000] {logging_mixin.py:190} INFO - [2025-11-22T12:07:11.446+0000] {dagbag.py:387} ERROR - Failed to import: /opt/airflow/dags/dag_crawl_search_page.py
Traceback (most recent call last):
  File "/home/airflow/.local/lib/python3.12/site-packages/airflow/models/dagbag.py", line 383, in parse
    loader.exec_module(new_module)
  File "<frozen importlib._bootstrap_external>", line 999, in exec_module
  File "<frozen importlib._bootstrap>", line 488, in _call_with_frames_removed
  File "/opt/airflow/dags/dag_crawl_search_page.py", line 6, in <module>
    from job_crawler.beautifulsoup.crawl_search_page import crawl_multiple_keywords
  File "/opt/airflow/dags/job_crawler/beautifulsoup/crawl_search_page.py", line 160
    
    ^
IndentationError: expected an indented block after function definition on line 159
[2025-11-22T12:07:11.453+0000] {processor.py:927} WARNING - No viable dags retrieved from /opt/airflow/dags/dag_crawl_search_page.py
[2025-11-22T12:07:11.468+0000] {processor.py:208} INFO - Processing /opt/airflow/dags/dag_crawl_search_page.py took 0.064 seconds
[2025-11-22T12:07:41.914+0000] {processor.py:186} INFO - Started process (PID=2253) to work on /opt/airflow/dags/dag_crawl_search_page.py
[2025-11-22T12:07:41.915+0000] {processor.py:914} INFO - Processing file /opt/airflow/dags/dag_crawl_search_page.py for tasks to queue
[2025-11-22T12:07:41.916+0000] {logging_mixin.py:190} INFO - [2025-11-22T12:07:41.916+0000] {dagbag.py:588} INFO - Filling up the DagBag from /opt/airflow/dags/dag_crawl_search_page.py
[2025-11-22T12:07:41.952+0000] {logging_mixin.py:190} INFO - [2025-11-22T12:07:41.949+0000] {dagbag.py:387} ERROR - Failed to import: /opt/airflow/dags/dag_crawl_search_page.py
Traceback (most recent call last):
  File "/home/airflow/.local/lib/python3.12/site-packages/airflow/models/dagbag.py", line 383, in parse
    loader.exec_module(new_module)
  File "<frozen importlib._bootstrap_external>", line 999, in exec_module
  File "<frozen importlib._bootstrap>", line 488, in _call_with_frames_removed
  File "/opt/airflow/dags/dag_crawl_search_page.py", line 6, in <module>
    from job_crawler.beautifulsoup.crawl_search_page import crawl_multiple_keywords
  File "/opt/airflow/dags/job_crawler/beautifulsoup/crawl_search_page.py", line 160
    
    ^
IndentationError: expected an indented block after function definition on line 159
[2025-11-22T12:07:41.953+0000] {processor.py:927} WARNING - No viable dags retrieved from /opt/airflow/dags/dag_crawl_search_page.py
[2025-11-22T12:07:41.967+0000] {processor.py:208} INFO - Processing /opt/airflow/dags/dag_crawl_search_page.py took 0.059 seconds
[2025-11-22T12:08:12.343+0000] {processor.py:186} INFO - Started process (PID=2264) to work on /opt/airflow/dags/dag_crawl_search_page.py
[2025-11-22T12:08:12.344+0000] {processor.py:914} INFO - Processing file /opt/airflow/dags/dag_crawl_search_page.py for tasks to queue
[2025-11-22T12:08:12.345+0000] {logging_mixin.py:190} INFO - [2025-11-22T12:08:12.345+0000] {dagbag.py:588} INFO - Filling up the DagBag from /opt/airflow/dags/dag_crawl_search_page.py
[2025-11-22T12:08:12.381+0000] {logging_mixin.py:190} INFO - [2025-11-22T12:08:12.379+0000] {dagbag.py:387} ERROR - Failed to import: /opt/airflow/dags/dag_crawl_search_page.py
Traceback (most recent call last):
  File "/home/airflow/.local/lib/python3.12/site-packages/airflow/models/dagbag.py", line 383, in parse
    loader.exec_module(new_module)
  File "<frozen importlib._bootstrap_external>", line 999, in exec_module
  File "<frozen importlib._bootstrap>", line 488, in _call_with_frames_removed
  File "/opt/airflow/dags/dag_crawl_search_page.py", line 6, in <module>
    from job_crawler.beautifulsoup.crawl_search_page import crawl_multiple_keywords
  File "/opt/airflow/dags/job_crawler/beautifulsoup/crawl_search_page.py", line 160
    
    ^
IndentationError: expected an indented block after function definition on line 159
[2025-11-22T12:08:12.383+0000] {processor.py:927} WARNING - No viable dags retrieved from /opt/airflow/dags/dag_crawl_search_page.py
[2025-11-22T12:08:12.398+0000] {processor.py:208} INFO - Processing /opt/airflow/dags/dag_crawl_search_page.py took 0.060 seconds
[2025-11-22T12:08:42.793+0000] {processor.py:186} INFO - Started process (PID=2275) to work on /opt/airflow/dags/dag_crawl_search_page.py
[2025-11-22T12:08:42.794+0000] {processor.py:914} INFO - Processing file /opt/airflow/dags/dag_crawl_search_page.py for tasks to queue
[2025-11-22T12:08:42.796+0000] {logging_mixin.py:190} INFO - [2025-11-22T12:08:42.795+0000] {dagbag.py:588} INFO - Filling up the DagBag from /opt/airflow/dags/dag_crawl_search_page.py
[2025-11-22T12:08:42.834+0000] {logging_mixin.py:190} INFO - [2025-11-22T12:08:42.832+0000] {dagbag.py:387} ERROR - Failed to import: /opt/airflow/dags/dag_crawl_search_page.py
Traceback (most recent call last):
  File "/home/airflow/.local/lib/python3.12/site-packages/airflow/models/dagbag.py", line 383, in parse
    loader.exec_module(new_module)
  File "<frozen importlib._bootstrap_external>", line 999, in exec_module
  File "<frozen importlib._bootstrap>", line 488, in _call_with_frames_removed
  File "/opt/airflow/dags/dag_crawl_search_page.py", line 6, in <module>
    from job_crawler.beautifulsoup.crawl_search_page import crawl_multiple_keywords
  File "/opt/airflow/dags/job_crawler/beautifulsoup/crawl_search_page.py", line 160
    
    ^
IndentationError: expected an indented block after function definition on line 159
[2025-11-22T12:08:42.835+0000] {processor.py:927} WARNING - No viable dags retrieved from /opt/airflow/dags/dag_crawl_search_page.py
[2025-11-22T12:08:42.851+0000] {processor.py:208} INFO - Processing /opt/airflow/dags/dag_crawl_search_page.py took 0.063 seconds
[2025-11-22T12:09:13.223+0000] {processor.py:186} INFO - Started process (PID=2286) to work on /opt/airflow/dags/dag_crawl_search_page.py
[2025-11-22T12:09:13.224+0000] {processor.py:914} INFO - Processing file /opt/airflow/dags/dag_crawl_search_page.py for tasks to queue
[2025-11-22T12:09:13.225+0000] {logging_mixin.py:190} INFO - [2025-11-22T12:09:13.224+0000] {dagbag.py:588} INFO - Filling up the DagBag from /opt/airflow/dags/dag_crawl_search_page.py
[2025-11-22T12:09:13.261+0000] {logging_mixin.py:190} INFO - [2025-11-22T12:09:13.258+0000] {dagbag.py:387} ERROR - Failed to import: /opt/airflow/dags/dag_crawl_search_page.py
Traceback (most recent call last):
  File "/home/airflow/.local/lib/python3.12/site-packages/airflow/models/dagbag.py", line 383, in parse
    loader.exec_module(new_module)
  File "<frozen importlib._bootstrap_external>", line 999, in exec_module
  File "<frozen importlib._bootstrap>", line 488, in _call_with_frames_removed
  File "/opt/airflow/dags/dag_crawl_search_page.py", line 6, in <module>
    from job_crawler.beautifulsoup.crawl_search_page import crawl_multiple_keywords
  File "/opt/airflow/dags/job_crawler/beautifulsoup/crawl_search_page.py", line 160
    
    ^
IndentationError: expected an indented block after function definition on line 159
[2025-11-22T12:09:13.262+0000] {processor.py:927} WARNING - No viable dags retrieved from /opt/airflow/dags/dag_crawl_search_page.py
[2025-11-22T12:09:13.277+0000] {processor.py:208} INFO - Processing /opt/airflow/dags/dag_crawl_search_page.py took 0.060 seconds
[2025-11-22T12:09:43.663+0000] {processor.py:186} INFO - Started process (PID=2297) to work on /opt/airflow/dags/dag_crawl_search_page.py
[2025-11-22T12:09:43.664+0000] {processor.py:914} INFO - Processing file /opt/airflow/dags/dag_crawl_search_page.py for tasks to queue
[2025-11-22T12:09:43.665+0000] {logging_mixin.py:190} INFO - [2025-11-22T12:09:43.665+0000] {dagbag.py:588} INFO - Filling up the DagBag from /opt/airflow/dags/dag_crawl_search_page.py
[2025-11-22T12:09:43.713+0000] {logging_mixin.py:190} INFO - [2025-11-22T12:09:43.710+0000] {dagbag.py:387} ERROR - Failed to import: /opt/airflow/dags/dag_crawl_search_page.py
Traceback (most recent call last):
  File "/home/airflow/.local/lib/python3.12/site-packages/airflow/models/dagbag.py", line 383, in parse
    loader.exec_module(new_module)
  File "<frozen importlib._bootstrap_external>", line 999, in exec_module
  File "<frozen importlib._bootstrap>", line 488, in _call_with_frames_removed
  File "/opt/airflow/dags/dag_crawl_search_page.py", line 6, in <module>
    from job_crawler.beautifulsoup.crawl_search_page import crawl_multiple_keywords
  File "/opt/airflow/dags/job_crawler/beautifulsoup/crawl_search_page.py", line 160
    
    ^
IndentationError: expected an indented block after function definition on line 159
[2025-11-22T12:09:43.714+0000] {processor.py:927} WARNING - No viable dags retrieved from /opt/airflow/dags/dag_crawl_search_page.py
[2025-11-22T12:09:43.729+0000] {processor.py:208} INFO - Processing /opt/airflow/dags/dag_crawl_search_page.py took 0.072 seconds
[2025-11-22T12:10:14.338+0000] {processor.py:186} INFO - Started process (PID=2308) to work on /opt/airflow/dags/dag_crawl_search_page.py
[2025-11-22T12:10:14.339+0000] {processor.py:914} INFO - Processing file /opt/airflow/dags/dag_crawl_search_page.py for tasks to queue
[2025-11-22T12:10:14.340+0000] {logging_mixin.py:190} INFO - [2025-11-22T12:10:14.340+0000] {dagbag.py:588} INFO - Filling up the DagBag from /opt/airflow/dags/dag_crawl_search_page.py
[2025-11-22T12:10:14.386+0000] {logging_mixin.py:190} INFO - [2025-11-22T12:10:14.383+0000] {dagbag.py:387} ERROR - Failed to import: /opt/airflow/dags/dag_crawl_search_page.py
Traceback (most recent call last):
  File "/home/airflow/.local/lib/python3.12/site-packages/airflow/models/dagbag.py", line 383, in parse
    loader.exec_module(new_module)
  File "<frozen importlib._bootstrap_external>", line 999, in exec_module
  File "<frozen importlib._bootstrap>", line 488, in _call_with_frames_removed
  File "/opt/airflow/dags/dag_crawl_search_page.py", line 6, in <module>
    from job_crawler.beautifulsoup.crawl_search_page import crawl_multiple_keywords
  File "/opt/airflow/dags/job_crawler/beautifulsoup/crawl_search_page.py", line 160
    
    ^
IndentationError: expected an indented block after function definition on line 159
[2025-11-22T12:10:14.387+0000] {processor.py:927} WARNING - No viable dags retrieved from /opt/airflow/dags/dag_crawl_search_page.py
[2025-11-22T12:10:14.402+0000] {processor.py:208} INFO - Processing /opt/airflow/dags/dag_crawl_search_page.py took 0.069 seconds
[2025-11-22T12:10:44.775+0000] {processor.py:186} INFO - Started process (PID=2319) to work on /opt/airflow/dags/dag_crawl_search_page.py
[2025-11-22T12:10:44.776+0000] {processor.py:914} INFO - Processing file /opt/airflow/dags/dag_crawl_search_page.py for tasks to queue
[2025-11-22T12:10:44.777+0000] {logging_mixin.py:190} INFO - [2025-11-22T12:10:44.777+0000] {dagbag.py:588} INFO - Filling up the DagBag from /opt/airflow/dags/dag_crawl_search_page.py
[2025-11-22T12:10:44.831+0000] {logging_mixin.py:190} INFO - [2025-11-22T12:10:44.829+0000] {dagbag.py:387} ERROR - Failed to import: /opt/airflow/dags/dag_crawl_search_page.py
Traceback (most recent call last):
  File "/home/airflow/.local/lib/python3.12/site-packages/airflow/models/dagbag.py", line 383, in parse
    loader.exec_module(new_module)
  File "<frozen importlib._bootstrap_external>", line 999, in exec_module
  File "<frozen importlib._bootstrap>", line 488, in _call_with_frames_removed
  File "/opt/airflow/dags/dag_crawl_search_page.py", line 6, in <module>
    from job_crawler.beautifulsoup.crawl_search_page import crawl_multiple_keywords
  File "/opt/airflow/dags/job_crawler/beautifulsoup/crawl_search_page.py", line 160
    
    ^
IndentationError: expected an indented block after function definition on line 159
[2025-11-22T12:10:44.832+0000] {processor.py:927} WARNING - No viable dags retrieved from /opt/airflow/dags/dag_crawl_search_page.py
[2025-11-22T12:10:44.847+0000] {processor.py:208} INFO - Processing /opt/airflow/dags/dag_crawl_search_page.py took 0.078 seconds
[2025-11-22T12:11:15.241+0000] {processor.py:186} INFO - Started process (PID=2330) to work on /opt/airflow/dags/dag_crawl_search_page.py
[2025-11-22T12:11:15.242+0000] {processor.py:914} INFO - Processing file /opt/airflow/dags/dag_crawl_search_page.py for tasks to queue
[2025-11-22T12:11:15.244+0000] {logging_mixin.py:190} INFO - [2025-11-22T12:11:15.243+0000] {dagbag.py:588} INFO - Filling up the DagBag from /opt/airflow/dags/dag_crawl_search_page.py
[2025-11-22T12:11:15.282+0000] {logging_mixin.py:190} INFO - [2025-11-22T12:11:15.280+0000] {dagbag.py:387} ERROR - Failed to import: /opt/airflow/dags/dag_crawl_search_page.py
Traceback (most recent call last):
  File "/home/airflow/.local/lib/python3.12/site-packages/airflow/models/dagbag.py", line 383, in parse
    loader.exec_module(new_module)
  File "<frozen importlib._bootstrap_external>", line 999, in exec_module
  File "<frozen importlib._bootstrap>", line 488, in _call_with_frames_removed
  File "/opt/airflow/dags/dag_crawl_search_page.py", line 6, in <module>
    from job_crawler.beautifulsoup.crawl_search_page import crawl_multiple_keywords
  File "/opt/airflow/dags/job_crawler/beautifulsoup/crawl_search_page.py", line 160
    
    ^
IndentationError: expected an indented block after function definition on line 159
[2025-11-22T12:11:15.283+0000] {processor.py:927} WARNING - No viable dags retrieved from /opt/airflow/dags/dag_crawl_search_page.py
[2025-11-22T12:11:15.298+0000] {processor.py:208} INFO - Processing /opt/airflow/dags/dag_crawl_search_page.py took 0.063 seconds
[2025-11-22T12:11:45.658+0000] {processor.py:186} INFO - Started process (PID=2341) to work on /opt/airflow/dags/dag_crawl_search_page.py
[2025-11-22T12:11:45.659+0000] {processor.py:914} INFO - Processing file /opt/airflow/dags/dag_crawl_search_page.py for tasks to queue
[2025-11-22T12:11:45.660+0000] {logging_mixin.py:190} INFO - [2025-11-22T12:11:45.660+0000] {dagbag.py:588} INFO - Filling up the DagBag from /opt/airflow/dags/dag_crawl_search_page.py
[2025-11-22T12:11:45.702+0000] {logging_mixin.py:190} INFO - [2025-11-22T12:11:45.699+0000] {dagbag.py:387} ERROR - Failed to import: /opt/airflow/dags/dag_crawl_search_page.py
Traceback (most recent call last):
  File "/home/airflow/.local/lib/python3.12/site-packages/airflow/models/dagbag.py", line 383, in parse
    loader.exec_module(new_module)
  File "<frozen importlib._bootstrap_external>", line 999, in exec_module
  File "<frozen importlib._bootstrap>", line 488, in _call_with_frames_removed
  File "/opt/airflow/dags/dag_crawl_search_page.py", line 6, in <module>
    from job_crawler.beautifulsoup.crawl_search_page import crawl_multiple_keywords
  File "/opt/airflow/dags/job_crawler/beautifulsoup/crawl_search_page.py", line 160
    
    ^
IndentationError: expected an indented block after function definition on line 159
[2025-11-22T12:11:45.703+0000] {processor.py:927} WARNING - No viable dags retrieved from /opt/airflow/dags/dag_crawl_search_page.py
[2025-11-22T12:11:45.721+0000] {processor.py:208} INFO - Processing /opt/airflow/dags/dag_crawl_search_page.py took 0.068 seconds
[2025-11-22T12:12:16.085+0000] {processor.py:186} INFO - Started process (PID=2352) to work on /opt/airflow/dags/dag_crawl_search_page.py
[2025-11-22T12:12:16.086+0000] {processor.py:914} INFO - Processing file /opt/airflow/dags/dag_crawl_search_page.py for tasks to queue
[2025-11-22T12:12:16.087+0000] {logging_mixin.py:190} INFO - [2025-11-22T12:12:16.087+0000] {dagbag.py:588} INFO - Filling up the DagBag from /opt/airflow/dags/dag_crawl_search_page.py
[2025-11-22T12:12:16.124+0000] {logging_mixin.py:190} INFO - [2025-11-22T12:12:16.122+0000] {dagbag.py:387} ERROR - Failed to import: /opt/airflow/dags/dag_crawl_search_page.py
Traceback (most recent call last):
  File "/home/airflow/.local/lib/python3.12/site-packages/airflow/models/dagbag.py", line 383, in parse
    loader.exec_module(new_module)
  File "<frozen importlib._bootstrap_external>", line 999, in exec_module
  File "<frozen importlib._bootstrap>", line 488, in _call_with_frames_removed
  File "/opt/airflow/dags/dag_crawl_search_page.py", line 6, in <module>
    from job_crawler.beautifulsoup.crawl_search_page import crawl_multiple_keywords
  File "/opt/airflow/dags/job_crawler/beautifulsoup/crawl_search_page.py", line 160
    
    ^
IndentationError: expected an indented block after function definition on line 159
[2025-11-22T12:12:16.125+0000] {processor.py:927} WARNING - No viable dags retrieved from /opt/airflow/dags/dag_crawl_search_page.py
[2025-11-22T12:12:16.140+0000] {processor.py:208} INFO - Processing /opt/airflow/dags/dag_crawl_search_page.py took 0.061 seconds
[2025-11-22T12:12:46.520+0000] {processor.py:186} INFO - Started process (PID=2363) to work on /opt/airflow/dags/dag_crawl_search_page.py
[2025-11-22T12:12:46.521+0000] {processor.py:914} INFO - Processing file /opt/airflow/dags/dag_crawl_search_page.py for tasks to queue
[2025-11-22T12:12:46.523+0000] {logging_mixin.py:190} INFO - [2025-11-22T12:12:46.522+0000] {dagbag.py:588} INFO - Filling up the DagBag from /opt/airflow/dags/dag_crawl_search_page.py
[2025-11-22T12:12:46.564+0000] {logging_mixin.py:190} INFO - [2025-11-22T12:12:46.561+0000] {dagbag.py:387} ERROR - Failed to import: /opt/airflow/dags/dag_crawl_search_page.py
Traceback (most recent call last):
  File "/home/airflow/.local/lib/python3.12/site-packages/airflow/models/dagbag.py", line 383, in parse
    loader.exec_module(new_module)
  File "<frozen importlib._bootstrap_external>", line 999, in exec_module
  File "<frozen importlib._bootstrap>", line 488, in _call_with_frames_removed
  File "/opt/airflow/dags/dag_crawl_search_page.py", line 6, in <module>
    from job_crawler.beautifulsoup.crawl_search_page import crawl_multiple_keywords
  File "/opt/airflow/dags/job_crawler/beautifulsoup/crawl_search_page.py", line 160
    
    ^
IndentationError: expected an indented block after function definition on line 159
[2025-11-22T12:12:46.565+0000] {processor.py:927} WARNING - No viable dags retrieved from /opt/airflow/dags/dag_crawl_search_page.py
[2025-11-22T12:12:46.580+0000] {processor.py:208} INFO - Processing /opt/airflow/dags/dag_crawl_search_page.py took 0.065 seconds
[2025-11-22T12:13:16.934+0000] {processor.py:186} INFO - Started process (PID=2374) to work on /opt/airflow/dags/dag_crawl_search_page.py
[2025-11-22T12:13:16.935+0000] {processor.py:914} INFO - Processing file /opt/airflow/dags/dag_crawl_search_page.py for tasks to queue
[2025-11-22T12:13:16.937+0000] {logging_mixin.py:190} INFO - [2025-11-22T12:13:16.936+0000] {dagbag.py:588} INFO - Filling up the DagBag from /opt/airflow/dags/dag_crawl_search_page.py
[2025-11-22T12:13:16.984+0000] {logging_mixin.py:190} INFO - [2025-11-22T12:13:16.982+0000] {dagbag.py:387} ERROR - Failed to import: /opt/airflow/dags/dag_crawl_search_page.py
Traceback (most recent call last):
  File "/home/airflow/.local/lib/python3.12/site-packages/airflow/models/dagbag.py", line 383, in parse
    loader.exec_module(new_module)
  File "<frozen importlib._bootstrap_external>", line 999, in exec_module
  File "<frozen importlib._bootstrap>", line 488, in _call_with_frames_removed
  File "/opt/airflow/dags/dag_crawl_search_page.py", line 6, in <module>
    from job_crawler.beautifulsoup.crawl_search_page import crawl_multiple_keywords
  File "/opt/airflow/dags/job_crawler/beautifulsoup/crawl_search_page.py", line 160
    
    ^
IndentationError: expected an indented block after function definition on line 159
[2025-11-22T12:13:16.985+0000] {processor.py:927} WARNING - No viable dags retrieved from /opt/airflow/dags/dag_crawl_search_page.py
[2025-11-22T12:13:17.000+0000] {processor.py:208} INFO - Processing /opt/airflow/dags/dag_crawl_search_page.py took 0.072 seconds
[2025-11-22T12:13:47.381+0000] {processor.py:186} INFO - Started process (PID=2385) to work on /opt/airflow/dags/dag_crawl_search_page.py
[2025-11-22T12:13:47.382+0000] {processor.py:914} INFO - Processing file /opt/airflow/dags/dag_crawl_search_page.py for tasks to queue
[2025-11-22T12:13:47.384+0000] {logging_mixin.py:190} INFO - [2025-11-22T12:13:47.383+0000] {dagbag.py:588} INFO - Filling up the DagBag from /opt/airflow/dags/dag_crawl_search_page.py
[2025-11-22T12:13:47.425+0000] {logging_mixin.py:190} INFO - [2025-11-22T12:13:47.422+0000] {dagbag.py:387} ERROR - Failed to import: /opt/airflow/dags/dag_crawl_search_page.py
Traceback (most recent call last):
  File "/home/airflow/.local/lib/python3.12/site-packages/airflow/models/dagbag.py", line 383, in parse
    loader.exec_module(new_module)
  File "<frozen importlib._bootstrap_external>", line 999, in exec_module
  File "<frozen importlib._bootstrap>", line 488, in _call_with_frames_removed
  File "/opt/airflow/dags/dag_crawl_search_page.py", line 6, in <module>
    from job_crawler.beautifulsoup.crawl_search_page import crawl_multiple_keywords
  File "/opt/airflow/dags/job_crawler/beautifulsoup/crawl_search_page.py", line 160
    
    ^
IndentationError: expected an indented block after function definition on line 159
[2025-11-22T12:13:47.426+0000] {processor.py:927} WARNING - No viable dags retrieved from /opt/airflow/dags/dag_crawl_search_page.py
[2025-11-22T12:13:47.440+0000] {processor.py:208} INFO - Processing /opt/airflow/dags/dag_crawl_search_page.py took 0.064 seconds
[2025-11-22T12:14:17.817+0000] {processor.py:186} INFO - Started process (PID=2396) to work on /opt/airflow/dags/dag_crawl_search_page.py
[2025-11-22T12:14:17.818+0000] {processor.py:914} INFO - Processing file /opt/airflow/dags/dag_crawl_search_page.py for tasks to queue
[2025-11-22T12:14:17.820+0000] {logging_mixin.py:190} INFO - [2025-11-22T12:14:17.819+0000] {dagbag.py:588} INFO - Filling up the DagBag from /opt/airflow/dags/dag_crawl_search_page.py
[2025-11-22T12:14:17.865+0000] {logging_mixin.py:190} INFO - [2025-11-22T12:14:17.862+0000] {dagbag.py:387} ERROR - Failed to import: /opt/airflow/dags/dag_crawl_search_page.py
Traceback (most recent call last):
  File "/home/airflow/.local/lib/python3.12/site-packages/airflow/models/dagbag.py", line 383, in parse
    loader.exec_module(new_module)
  File "<frozen importlib._bootstrap_external>", line 999, in exec_module
  File "<frozen importlib._bootstrap>", line 488, in _call_with_frames_removed
  File "/opt/airflow/dags/dag_crawl_search_page.py", line 6, in <module>
    from job_crawler.beautifulsoup.crawl_search_page import crawl_multiple_keywords
  File "/opt/airflow/dags/job_crawler/beautifulsoup/crawl_search_page.py", line 160
    
    ^
IndentationError: expected an indented block after function definition on line 159
[2025-11-22T12:14:17.866+0000] {processor.py:927} WARNING - No viable dags retrieved from /opt/airflow/dags/dag_crawl_search_page.py
[2025-11-22T12:14:17.881+0000] {processor.py:208} INFO - Processing /opt/airflow/dags/dag_crawl_search_page.py took 0.069 seconds
[2025-11-22T12:14:48.545+0000] {processor.py:186} INFO - Started process (PID=2407) to work on /opt/airflow/dags/dag_crawl_search_page.py
[2025-11-22T12:14:48.549+0000] {processor.py:914} INFO - Processing file /opt/airflow/dags/dag_crawl_search_page.py for tasks to queue
[2025-11-22T12:14:48.556+0000] {logging_mixin.py:190} INFO - [2025-11-22T12:14:48.554+0000] {dagbag.py:588} INFO - Filling up the DagBag from /opt/airflow/dags/dag_crawl_search_page.py
[2025-11-22T12:14:48.634+0000] {logging_mixin.py:190} INFO - [2025-11-22T12:14:48.631+0000] {dagbag.py:387} ERROR - Failed to import: /opt/airflow/dags/dag_crawl_search_page.py
Traceback (most recent call last):
  File "/home/airflow/.local/lib/python3.12/site-packages/airflow/models/dagbag.py", line 383, in parse
    loader.exec_module(new_module)
  File "<frozen importlib._bootstrap_external>", line 999, in exec_module
  File "<frozen importlib._bootstrap>", line 488, in _call_with_frames_removed
  File "/opt/airflow/dags/dag_crawl_search_page.py", line 6, in <module>
    from job_crawler.beautifulsoup.crawl_search_page import crawl_multiple_keywords
  File "/opt/airflow/dags/job_crawler/beautifulsoup/crawl_search_page.py", line 160
    
    ^
IndentationError: expected an indented block after function definition on line 159
[2025-11-22T12:14:48.635+0000] {processor.py:927} WARNING - No viable dags retrieved from /opt/airflow/dags/dag_crawl_search_page.py
[2025-11-22T12:14:48.663+0000] {processor.py:208} INFO - Processing /opt/airflow/dags/dag_crawl_search_page.py took 0.134 seconds
[2025-11-22T12:15:18.887+0000] {processor.py:186} INFO - Started process (PID=2418) to work on /opt/airflow/dags/dag_crawl_search_page.py
[2025-11-22T12:15:18.888+0000] {processor.py:914} INFO - Processing file /opt/airflow/dags/dag_crawl_search_page.py for tasks to queue
[2025-11-22T12:15:18.889+0000] {logging_mixin.py:190} INFO - [2025-11-22T12:15:18.889+0000] {dagbag.py:588} INFO - Filling up the DagBag from /opt/airflow/dags/dag_crawl_search_page.py
[2025-11-22T12:15:18.926+0000] {logging_mixin.py:190} INFO - [2025-11-22T12:15:18.924+0000] {dagbag.py:387} ERROR - Failed to import: /opt/airflow/dags/dag_crawl_search_page.py
Traceback (most recent call last):
  File "/home/airflow/.local/lib/python3.12/site-packages/airflow/models/dagbag.py", line 383, in parse
    loader.exec_module(new_module)
  File "<frozen importlib._bootstrap_external>", line 999, in exec_module
  File "<frozen importlib._bootstrap>", line 488, in _call_with_frames_removed
  File "/opt/airflow/dags/dag_crawl_search_page.py", line 6, in <module>
    from job_crawler.beautifulsoup.crawl_search_page import crawl_multiple_keywords
  File "/opt/airflow/dags/job_crawler/beautifulsoup/crawl_search_page.py", line 160
    
    ^
IndentationError: expected an indented block after function definition on line 159
[2025-11-22T12:15:18.927+0000] {processor.py:927} WARNING - No viable dags retrieved from /opt/airflow/dags/dag_crawl_search_page.py
[2025-11-22T12:15:18.943+0000] {processor.py:208} INFO - Processing /opt/airflow/dags/dag_crawl_search_page.py took 0.062 seconds
[2025-11-22T12:15:49.317+0000] {processor.py:186} INFO - Started process (PID=2429) to work on /opt/airflow/dags/dag_crawl_search_page.py
[2025-11-22T12:15:49.318+0000] {processor.py:914} INFO - Processing file /opt/airflow/dags/dag_crawl_search_page.py for tasks to queue
[2025-11-22T12:15:49.319+0000] {logging_mixin.py:190} INFO - [2025-11-22T12:15:49.319+0000] {dagbag.py:588} INFO - Filling up the DagBag from /opt/airflow/dags/dag_crawl_search_page.py
[2025-11-22T12:15:49.359+0000] {logging_mixin.py:190} INFO - [2025-11-22T12:15:49.356+0000] {dagbag.py:387} ERROR - Failed to import: /opt/airflow/dags/dag_crawl_search_page.py
Traceback (most recent call last):
  File "/home/airflow/.local/lib/python3.12/site-packages/airflow/models/dagbag.py", line 383, in parse
    loader.exec_module(new_module)
  File "<frozen importlib._bootstrap_external>", line 999, in exec_module
  File "<frozen importlib._bootstrap>", line 488, in _call_with_frames_removed
  File "/opt/airflow/dags/dag_crawl_search_page.py", line 6, in <module>
    from job_crawler.beautifulsoup.crawl_search_page import crawl_multiple_keywords
  File "/opt/airflow/dags/job_crawler/beautifulsoup/crawl_search_page.py", line 160
    
    ^
IndentationError: expected an indented block after function definition on line 159
[2025-11-22T12:15:49.361+0000] {processor.py:927} WARNING - No viable dags retrieved from /opt/airflow/dags/dag_crawl_search_page.py
[2025-11-22T12:15:49.376+0000] {processor.py:208} INFO - Processing /opt/airflow/dags/dag_crawl_search_page.py took 0.064 seconds
[2025-11-22T12:16:19.755+0000] {processor.py:186} INFO - Started process (PID=2440) to work on /opt/airflow/dags/dag_crawl_search_page.py
[2025-11-22T12:16:19.756+0000] {processor.py:914} INFO - Processing file /opt/airflow/dags/dag_crawl_search_page.py for tasks to queue
[2025-11-22T12:16:19.757+0000] {logging_mixin.py:190} INFO - [2025-11-22T12:16:19.757+0000] {dagbag.py:588} INFO - Filling up the DagBag from /opt/airflow/dags/dag_crawl_search_page.py
[2025-11-22T12:16:19.796+0000] {logging_mixin.py:190} INFO - [2025-11-22T12:16:19.794+0000] {dagbag.py:387} ERROR - Failed to import: /opt/airflow/dags/dag_crawl_search_page.py
Traceback (most recent call last):
  File "/home/airflow/.local/lib/python3.12/site-packages/airflow/models/dagbag.py", line 383, in parse
    loader.exec_module(new_module)
  File "<frozen importlib._bootstrap_external>", line 999, in exec_module
  File "<frozen importlib._bootstrap>", line 488, in _call_with_frames_removed
  File "/opt/airflow/dags/dag_crawl_search_page.py", line 6, in <module>
    from job_crawler.beautifulsoup.crawl_search_page import crawl_multiple_keywords
  File "/opt/airflow/dags/job_crawler/beautifulsoup/crawl_search_page.py", line 160
    
    ^
IndentationError: expected an indented block after function definition on line 159
[2025-11-22T12:16:19.797+0000] {processor.py:927} WARNING - No viable dags retrieved from /opt/airflow/dags/dag_crawl_search_page.py
[2025-11-22T12:16:19.812+0000] {processor.py:208} INFO - Processing /opt/airflow/dags/dag_crawl_search_page.py took 0.062 seconds
[2025-11-22T12:16:50.174+0000] {processor.py:186} INFO - Started process (PID=2451) to work on /opt/airflow/dags/dag_crawl_search_page.py
[2025-11-22T12:16:50.175+0000] {processor.py:914} INFO - Processing file /opt/airflow/dags/dag_crawl_search_page.py for tasks to queue
[2025-11-22T12:16:50.176+0000] {logging_mixin.py:190} INFO - [2025-11-22T12:16:50.176+0000] {dagbag.py:588} INFO - Filling up the DagBag from /opt/airflow/dags/dag_crawl_search_page.py
[2025-11-22T12:16:50.222+0000] {logging_mixin.py:190} INFO - [2025-11-22T12:16:50.219+0000] {dagbag.py:387} ERROR - Failed to import: /opt/airflow/dags/dag_crawl_search_page.py
Traceback (most recent call last):
  File "/home/airflow/.local/lib/python3.12/site-packages/airflow/models/dagbag.py", line 383, in parse
    loader.exec_module(new_module)
  File "<frozen importlib._bootstrap_external>", line 999, in exec_module
  File "<frozen importlib._bootstrap>", line 488, in _call_with_frames_removed
  File "/opt/airflow/dags/dag_crawl_search_page.py", line 6, in <module>
    from job_crawler.beautifulsoup.crawl_search_page import crawl_multiple_keywords
  File "/opt/airflow/dags/job_crawler/beautifulsoup/crawl_search_page.py", line 160
    
    ^
IndentationError: expected an indented block after function definition on line 159
[2025-11-22T12:16:50.223+0000] {processor.py:927} WARNING - No viable dags retrieved from /opt/airflow/dags/dag_crawl_search_page.py
[2025-11-22T12:16:50.238+0000] {processor.py:208} INFO - Processing /opt/airflow/dags/dag_crawl_search_page.py took 0.069 seconds
[2025-11-22T12:17:20.650+0000] {processor.py:186} INFO - Started process (PID=2462) to work on /opt/airflow/dags/dag_crawl_search_page.py
[2025-11-22T12:17:20.651+0000] {processor.py:914} INFO - Processing file /opt/airflow/dags/dag_crawl_search_page.py for tasks to queue
[2025-11-22T12:17:20.652+0000] {logging_mixin.py:190} INFO - [2025-11-22T12:17:20.652+0000] {dagbag.py:588} INFO - Filling up the DagBag from /opt/airflow/dags/dag_crawl_search_page.py
[2025-11-22T12:17:20.699+0000] {logging_mixin.py:190} INFO - [2025-11-22T12:17:20.697+0000] {dagbag.py:387} ERROR - Failed to import: /opt/airflow/dags/dag_crawl_search_page.py
Traceback (most recent call last):
  File "/home/airflow/.local/lib/python3.12/site-packages/airflow/models/dagbag.py", line 383, in parse
    loader.exec_module(new_module)
  File "<frozen importlib._bootstrap_external>", line 999, in exec_module
  File "<frozen importlib._bootstrap>", line 488, in _call_with_frames_removed
  File "/opt/airflow/dags/dag_crawl_search_page.py", line 6, in <module>
    from job_crawler.beautifulsoup.crawl_search_page import crawl_multiple_keywords
  File "/opt/airflow/dags/job_crawler/beautifulsoup/crawl_search_page.py", line 160
    
    ^
IndentationError: expected an indented block after function definition on line 159
[2025-11-22T12:17:20.700+0000] {processor.py:927} WARNING - No viable dags retrieved from /opt/airflow/dags/dag_crawl_search_page.py
[2025-11-22T12:17:20.715+0000] {processor.py:208} INFO - Processing /opt/airflow/dags/dag_crawl_search_page.py took 0.071 seconds
[2025-11-22T12:17:51.067+0000] {processor.py:186} INFO - Started process (PID=2473) to work on /opt/airflow/dags/dag_crawl_search_page.py
[2025-11-22T12:17:51.068+0000] {processor.py:914} INFO - Processing file /opt/airflow/dags/dag_crawl_search_page.py for tasks to queue
[2025-11-22T12:17:51.069+0000] {logging_mixin.py:190} INFO - [2025-11-22T12:17:51.069+0000] {dagbag.py:588} INFO - Filling up the DagBag from /opt/airflow/dags/dag_crawl_search_page.py
[2025-11-22T12:17:51.119+0000] {logging_mixin.py:190} INFO - [2025-11-22T12:17:51.116+0000] {dagbag.py:387} ERROR - Failed to import: /opt/airflow/dags/dag_crawl_search_page.py
Traceback (most recent call last):
  File "/home/airflow/.local/lib/python3.12/site-packages/airflow/models/dagbag.py", line 383, in parse
    loader.exec_module(new_module)
  File "<frozen importlib._bootstrap_external>", line 999, in exec_module
  File "<frozen importlib._bootstrap>", line 488, in _call_with_frames_removed
  File "/opt/airflow/dags/dag_crawl_search_page.py", line 6, in <module>
    from job_crawler.beautifulsoup.crawl_search_page import crawl_multiple_keywords
  File "/opt/airflow/dags/job_crawler/beautifulsoup/crawl_search_page.py", line 160
    
    ^
IndentationError: expected an indented block after function definition on line 159
[2025-11-22T12:17:51.120+0000] {processor.py:927} WARNING - No viable dags retrieved from /opt/airflow/dags/dag_crawl_search_page.py
[2025-11-22T12:17:51.135+0000] {processor.py:208} INFO - Processing /opt/airflow/dags/dag_crawl_search_page.py took 0.073 seconds
[2025-11-22T12:18:21.515+0000] {processor.py:186} INFO - Started process (PID=2484) to work on /opt/airflow/dags/dag_crawl_search_page.py
[2025-11-22T12:18:21.516+0000] {processor.py:914} INFO - Processing file /opt/airflow/dags/dag_crawl_search_page.py for tasks to queue
[2025-11-22T12:18:21.518+0000] {logging_mixin.py:190} INFO - [2025-11-22T12:18:21.517+0000] {dagbag.py:588} INFO - Filling up the DagBag from /opt/airflow/dags/dag_crawl_search_page.py
[2025-11-22T12:18:21.551+0000] {logging_mixin.py:190} INFO - [2025-11-22T12:18:21.548+0000] {dagbag.py:387} ERROR - Failed to import: /opt/airflow/dags/dag_crawl_search_page.py
Traceback (most recent call last):
  File "/home/airflow/.local/lib/python3.12/site-packages/airflow/models/dagbag.py", line 383, in parse
    loader.exec_module(new_module)
  File "<frozen importlib._bootstrap_external>", line 999, in exec_module
  File "<frozen importlib._bootstrap>", line 488, in _call_with_frames_removed
  File "/opt/airflow/dags/dag_crawl_search_page.py", line 6, in <module>
    from job_crawler.beautifulsoup.crawl_search_page import crawl_multiple_keywords
  File "/opt/airflow/dags/job_crawler/beautifulsoup/crawl_search_page.py", line 160
    
    ^
IndentationError: expected an indented block after function definition on line 159
[2025-11-22T12:18:21.552+0000] {processor.py:927} WARNING - No viable dags retrieved from /opt/airflow/dags/dag_crawl_search_page.py
[2025-11-22T12:18:21.567+0000] {processor.py:208} INFO - Processing /opt/airflow/dags/dag_crawl_search_page.py took 0.057 seconds
[2025-11-22T12:18:51.952+0000] {processor.py:186} INFO - Started process (PID=2495) to work on /opt/airflow/dags/dag_crawl_search_page.py
[2025-11-22T12:18:51.953+0000] {processor.py:914} INFO - Processing file /opt/airflow/dags/dag_crawl_search_page.py for tasks to queue
[2025-11-22T12:18:51.954+0000] {logging_mixin.py:190} INFO - [2025-11-22T12:18:51.954+0000] {dagbag.py:588} INFO - Filling up the DagBag from /opt/airflow/dags/dag_crawl_search_page.py
[2025-11-22T12:18:51.996+0000] {logging_mixin.py:190} INFO - [2025-11-22T12:18:51.994+0000] {dagbag.py:387} ERROR - Failed to import: /opt/airflow/dags/dag_crawl_search_page.py
Traceback (most recent call last):
  File "/home/airflow/.local/lib/python3.12/site-packages/airflow/models/dagbag.py", line 383, in parse
    loader.exec_module(new_module)
  File "<frozen importlib._bootstrap_external>", line 999, in exec_module
  File "<frozen importlib._bootstrap>", line 488, in _call_with_frames_removed
  File "/opt/airflow/dags/dag_crawl_search_page.py", line 6, in <module>
    from job_crawler.beautifulsoup.crawl_search_page import crawl_multiple_keywords
  File "/opt/airflow/dags/job_crawler/beautifulsoup/crawl_search_page.py", line 160
    
    ^
IndentationError: expected an indented block after function definition on line 159
[2025-11-22T12:18:51.997+0000] {processor.py:927} WARNING - No viable dags retrieved from /opt/airflow/dags/dag_crawl_search_page.py
[2025-11-22T12:18:52.012+0000] {processor.py:208} INFO - Processing /opt/airflow/dags/dag_crawl_search_page.py took 0.065 seconds
[2025-11-22T12:19:22.361+0000] {processor.py:186} INFO - Started process (PID=2506) to work on /opt/airflow/dags/dag_crawl_search_page.py
[2025-11-22T12:19:22.363+0000] {processor.py:914} INFO - Processing file /opt/airflow/dags/dag_crawl_search_page.py for tasks to queue
[2025-11-22T12:19:22.364+0000] {logging_mixin.py:190} INFO - [2025-11-22T12:19:22.364+0000] {dagbag.py:588} INFO - Filling up the DagBag from /opt/airflow/dags/dag_crawl_search_page.py
[2025-11-22T12:19:22.403+0000] {logging_mixin.py:190} INFO - [2025-11-22T12:19:22.401+0000] {dagbag.py:387} ERROR - Failed to import: /opt/airflow/dags/dag_crawl_search_page.py
Traceback (most recent call last):
  File "/home/airflow/.local/lib/python3.12/site-packages/airflow/models/dagbag.py", line 383, in parse
    loader.exec_module(new_module)
  File "<frozen importlib._bootstrap_external>", line 999, in exec_module
  File "<frozen importlib._bootstrap>", line 488, in _call_with_frames_removed
  File "/opt/airflow/dags/dag_crawl_search_page.py", line 6, in <module>
    from job_crawler.beautifulsoup.crawl_search_page import crawl_multiple_keywords
  File "/opt/airflow/dags/job_crawler/beautifulsoup/crawl_search_page.py", line 160
    
    ^
IndentationError: expected an indented block after function definition on line 159
[2025-11-22T12:19:22.404+0000] {processor.py:927} WARNING - No viable dags retrieved from /opt/airflow/dags/dag_crawl_search_page.py
[2025-11-22T12:19:22.419+0000] {processor.py:208} INFO - Processing /opt/airflow/dags/dag_crawl_search_page.py took 0.063 seconds
[2025-11-22T12:19:53.317+0000] {processor.py:186} INFO - Started process (PID=2523) to work on /opt/airflow/dags/dag_crawl_search_page.py
[2025-11-22T12:19:53.318+0000] {processor.py:914} INFO - Processing file /opt/airflow/dags/dag_crawl_search_page.py for tasks to queue
[2025-11-22T12:19:53.319+0000] {logging_mixin.py:190} INFO - [2025-11-22T12:19:53.319+0000] {dagbag.py:588} INFO - Filling up the DagBag from /opt/airflow/dags/dag_crawl_search_page.py
[2025-11-22T12:19:53.363+0000] {logging_mixin.py:190} INFO - [2025-11-22T12:19:53.360+0000] {dagbag.py:387} ERROR - Failed to import: /opt/airflow/dags/dag_crawl_search_page.py
Traceback (most recent call last):
  File "/home/airflow/.local/lib/python3.12/site-packages/airflow/models/dagbag.py", line 383, in parse
    loader.exec_module(new_module)
  File "<frozen importlib._bootstrap_external>", line 999, in exec_module
  File "<frozen importlib._bootstrap>", line 488, in _call_with_frames_removed
  File "/opt/airflow/dags/dag_crawl_search_page.py", line 6, in <module>
    from job_crawler.beautifulsoup.crawl_search_page import crawl_multiple_keywords
  File "/opt/airflow/dags/job_crawler/beautifulsoup/crawl_search_page.py", line 160
    
    ^
IndentationError: expected an indented block after function definition on line 159
[2025-11-22T12:19:53.364+0000] {processor.py:927} WARNING - No viable dags retrieved from /opt/airflow/dags/dag_crawl_search_page.py
[2025-11-22T12:19:53.380+0000] {processor.py:208} INFO - Processing /opt/airflow/dags/dag_crawl_search_page.py took 0.068 seconds
[2025-11-22T12:20:23.745+0000] {processor.py:186} INFO - Started process (PID=2534) to work on /opt/airflow/dags/dag_crawl_search_page.py
[2025-11-22T12:20:23.748+0000] {processor.py:914} INFO - Processing file /opt/airflow/dags/dag_crawl_search_page.py for tasks to queue
[2025-11-22T12:20:23.749+0000] {logging_mixin.py:190} INFO - [2025-11-22T12:20:23.749+0000] {dagbag.py:588} INFO - Filling up the DagBag from /opt/airflow/dags/dag_crawl_search_page.py
[2025-11-22T12:20:23.786+0000] {logging_mixin.py:190} INFO - [2025-11-22T12:20:23.784+0000] {dagbag.py:387} ERROR - Failed to import: /opt/airflow/dags/dag_crawl_search_page.py
Traceback (most recent call last):
  File "/home/airflow/.local/lib/python3.12/site-packages/airflow/models/dagbag.py", line 383, in parse
    loader.exec_module(new_module)
  File "<frozen importlib._bootstrap_external>", line 999, in exec_module
  File "<frozen importlib._bootstrap>", line 488, in _call_with_frames_removed
  File "/opt/airflow/dags/dag_crawl_search_page.py", line 6, in <module>
    from job_crawler.beautifulsoup.crawl_search_page import crawl_multiple_keywords
  File "/opt/airflow/dags/job_crawler/beautifulsoup/crawl_search_page.py", line 160
    
    ^
IndentationError: expected an indented block after function definition on line 159
[2025-11-22T12:20:23.787+0000] {processor.py:927} WARNING - No viable dags retrieved from /opt/airflow/dags/dag_crawl_search_page.py
[2025-11-22T12:20:23.802+0000] {processor.py:208} INFO - Processing /opt/airflow/dags/dag_crawl_search_page.py took 0.062 seconds
[2025-11-22T12:20:54.152+0000] {processor.py:186} INFO - Started process (PID=2545) to work on /opt/airflow/dags/dag_crawl_search_page.py
[2025-11-22T12:20:54.153+0000] {processor.py:914} INFO - Processing file /opt/airflow/dags/dag_crawl_search_page.py for tasks to queue
[2025-11-22T12:20:54.155+0000] {logging_mixin.py:190} INFO - [2025-11-22T12:20:54.154+0000] {dagbag.py:588} INFO - Filling up the DagBag from /opt/airflow/dags/dag_crawl_search_page.py
[2025-11-22T12:20:54.192+0000] {logging_mixin.py:190} INFO - [2025-11-22T12:20:54.189+0000] {dagbag.py:387} ERROR - Failed to import: /opt/airflow/dags/dag_crawl_search_page.py
Traceback (most recent call last):
  File "/home/airflow/.local/lib/python3.12/site-packages/airflow/models/dagbag.py", line 383, in parse
    loader.exec_module(new_module)
  File "<frozen importlib._bootstrap_external>", line 999, in exec_module
  File "<frozen importlib._bootstrap>", line 488, in _call_with_frames_removed
  File "/opt/airflow/dags/dag_crawl_search_page.py", line 6, in <module>
    from job_crawler.beautifulsoup.crawl_search_page import crawl_multiple_keywords
  File "/opt/airflow/dags/job_crawler/beautifulsoup/crawl_search_page.py", line 160
    
    ^
IndentationError: expected an indented block after function definition on line 159
[2025-11-22T12:20:54.193+0000] {processor.py:927} WARNING - No viable dags retrieved from /opt/airflow/dags/dag_crawl_search_page.py
[2025-11-22T12:20:54.209+0000] {processor.py:208} INFO - Processing /opt/airflow/dags/dag_crawl_search_page.py took 0.063 seconds
[2025-11-22T12:21:24.570+0000] {processor.py:186} INFO - Started process (PID=2556) to work on /opt/airflow/dags/dag_crawl_search_page.py
[2025-11-22T12:21:24.571+0000] {processor.py:914} INFO - Processing file /opt/airflow/dags/dag_crawl_search_page.py for tasks to queue
[2025-11-22T12:21:24.572+0000] {logging_mixin.py:190} INFO - [2025-11-22T12:21:24.572+0000] {dagbag.py:588} INFO - Filling up the DagBag from /opt/airflow/dags/dag_crawl_search_page.py
[2025-11-22T12:21:24.611+0000] {logging_mixin.py:190} INFO - [2025-11-22T12:21:24.608+0000] {dagbag.py:387} ERROR - Failed to import: /opt/airflow/dags/dag_crawl_search_page.py
Traceback (most recent call last):
  File "/home/airflow/.local/lib/python3.12/site-packages/airflow/models/dagbag.py", line 383, in parse
    loader.exec_module(new_module)
  File "<frozen importlib._bootstrap_external>", line 999, in exec_module
  File "<frozen importlib._bootstrap>", line 488, in _call_with_frames_removed
  File "/opt/airflow/dags/dag_crawl_search_page.py", line 6, in <module>
    from job_crawler.beautifulsoup.crawl_search_page import crawl_multiple_keywords
  File "/opt/airflow/dags/job_crawler/beautifulsoup/crawl_search_page.py", line 160
    
    ^
IndentationError: expected an indented block after function definition on line 159
[2025-11-22T12:21:24.612+0000] {processor.py:927} WARNING - No viable dags retrieved from /opt/airflow/dags/dag_crawl_search_page.py
[2025-11-22T12:21:24.627+0000] {processor.py:208} INFO - Processing /opt/airflow/dags/dag_crawl_search_page.py took 0.063 seconds
[2025-11-22T12:21:55.020+0000] {processor.py:186} INFO - Started process (PID=2567) to work on /opt/airflow/dags/dag_crawl_search_page.py
[2025-11-22T12:21:55.021+0000] {processor.py:914} INFO - Processing file /opt/airflow/dags/dag_crawl_search_page.py for tasks to queue
[2025-11-22T12:21:55.022+0000] {logging_mixin.py:190} INFO - [2025-11-22T12:21:55.022+0000] {dagbag.py:588} INFO - Filling up the DagBag from /opt/airflow/dags/dag_crawl_search_page.py
[2025-11-22T12:21:55.067+0000] {logging_mixin.py:190} INFO - [2025-11-22T12:21:55.065+0000] {dagbag.py:387} ERROR - Failed to import: /opt/airflow/dags/dag_crawl_search_page.py
Traceback (most recent call last):
  File "/home/airflow/.local/lib/python3.12/site-packages/airflow/models/dagbag.py", line 383, in parse
    loader.exec_module(new_module)
  File "<frozen importlib._bootstrap_external>", line 999, in exec_module
  File "<frozen importlib._bootstrap>", line 488, in _call_with_frames_removed
  File "/opt/airflow/dags/dag_crawl_search_page.py", line 6, in <module>
    from job_crawler.beautifulsoup.crawl_search_page import crawl_multiple_keywords
  File "/opt/airflow/dags/job_crawler/beautifulsoup/crawl_search_page.py", line 160
    
    ^
IndentationError: expected an indented block after function definition on line 159
[2025-11-22T12:21:55.068+0000] {processor.py:927} WARNING - No viable dags retrieved from /opt/airflow/dags/dag_crawl_search_page.py
[2025-11-22T12:21:55.084+0000] {processor.py:208} INFO - Processing /opt/airflow/dags/dag_crawl_search_page.py took 0.069 seconds
[2025-11-22T12:22:25.444+0000] {processor.py:186} INFO - Started process (PID=2578) to work on /opt/airflow/dags/dag_crawl_search_page.py
[2025-11-22T12:22:25.445+0000] {processor.py:914} INFO - Processing file /opt/airflow/dags/dag_crawl_search_page.py for tasks to queue
[2025-11-22T12:22:25.446+0000] {logging_mixin.py:190} INFO - [2025-11-22T12:22:25.446+0000] {dagbag.py:588} INFO - Filling up the DagBag from /opt/airflow/dags/dag_crawl_search_page.py
[2025-11-22T12:22:25.482+0000] {logging_mixin.py:190} INFO - [2025-11-22T12:22:25.480+0000] {dagbag.py:387} ERROR - Failed to import: /opt/airflow/dags/dag_crawl_search_page.py
Traceback (most recent call last):
  File "/home/airflow/.local/lib/python3.12/site-packages/airflow/models/dagbag.py", line 383, in parse
    loader.exec_module(new_module)
  File "<frozen importlib._bootstrap_external>", line 999, in exec_module
  File "<frozen importlib._bootstrap>", line 488, in _call_with_frames_removed
  File "/opt/airflow/dags/dag_crawl_search_page.py", line 6, in <module>
    from job_crawler.beautifulsoup.crawl_search_page import crawl_multiple_keywords
  File "/opt/airflow/dags/job_crawler/beautifulsoup/crawl_search_page.py", line 160
    
    ^
IndentationError: expected an indented block after function definition on line 159
[2025-11-22T12:22:25.483+0000] {processor.py:927} WARNING - No viable dags retrieved from /opt/airflow/dags/dag_crawl_search_page.py
[2025-11-22T12:22:25.498+0000] {processor.py:208} INFO - Processing /opt/airflow/dags/dag_crawl_search_page.py took 0.059 seconds
[2025-11-22T12:22:55.902+0000] {processor.py:186} INFO - Started process (PID=2590) to work on /opt/airflow/dags/dag_crawl_search_page.py
[2025-11-22T12:22:55.903+0000] {processor.py:914} INFO - Processing file /opt/airflow/dags/dag_crawl_search_page.py for tasks to queue
[2025-11-22T12:22:55.905+0000] {logging_mixin.py:190} INFO - [2025-11-22T12:22:55.904+0000] {dagbag.py:588} INFO - Filling up the DagBag from /opt/airflow/dags/dag_crawl_search_page.py
[2025-11-22T12:22:55.958+0000] {logging_mixin.py:190} INFO - [2025-11-22T12:22:55.955+0000] {dagbag.py:387} ERROR - Failed to import: /opt/airflow/dags/dag_crawl_search_page.py
Traceback (most recent call last):
  File "/home/airflow/.local/lib/python3.12/site-packages/airflow/models/dagbag.py", line 383, in parse
    loader.exec_module(new_module)
  File "<frozen importlib._bootstrap_external>", line 999, in exec_module
  File "<frozen importlib._bootstrap>", line 488, in _call_with_frames_removed
  File "/opt/airflow/dags/dag_crawl_search_page.py", line 6, in <module>
    from job_crawler.beautifulsoup.crawl_search_page import crawl_multiple_keywords
  File "/opt/airflow/dags/job_crawler/beautifulsoup/crawl_search_page.py", line 160
    
    ^
IndentationError: expected an indented block after function definition on line 159
[2025-11-22T12:22:55.959+0000] {processor.py:927} WARNING - No viable dags retrieved from /opt/airflow/dags/dag_crawl_search_page.py
[2025-11-22T12:22:55.973+0000] {processor.py:208} INFO - Processing /opt/airflow/dags/dag_crawl_search_page.py took 0.077 seconds
[2025-11-22T12:23:26.368+0000] {processor.py:186} INFO - Started process (PID=2601) to work on /opt/airflow/dags/dag_crawl_search_page.py
[2025-11-22T12:23:26.369+0000] {processor.py:914} INFO - Processing file /opt/airflow/dags/dag_crawl_search_page.py for tasks to queue
[2025-11-22T12:23:26.371+0000] {logging_mixin.py:190} INFO - [2025-11-22T12:23:26.370+0000] {dagbag.py:588} INFO - Filling up the DagBag from /opt/airflow/dags/dag_crawl_search_page.py
[2025-11-22T12:23:26.415+0000] {logging_mixin.py:190} INFO - [2025-11-22T12:23:26.413+0000] {dagbag.py:387} ERROR - Failed to import: /opt/airflow/dags/dag_crawl_search_page.py
Traceback (most recent call last):
  File "/home/airflow/.local/lib/python3.12/site-packages/airflow/models/dagbag.py", line 383, in parse
    loader.exec_module(new_module)
  File "<frozen importlib._bootstrap_external>", line 999, in exec_module
  File "<frozen importlib._bootstrap>", line 488, in _call_with_frames_removed
  File "/opt/airflow/dags/dag_crawl_search_page.py", line 6, in <module>
    from job_crawler.beautifulsoup.crawl_search_page import crawl_multiple_keywords
  File "/opt/airflow/dags/job_crawler/beautifulsoup/crawl_search_page.py", line 160
    
    ^
IndentationError: expected an indented block after function definition on line 159
[2025-11-22T12:23:26.416+0000] {processor.py:927} WARNING - No viable dags retrieved from /opt/airflow/dags/dag_crawl_search_page.py
[2025-11-22T12:23:26.432+0000] {processor.py:208} INFO - Processing /opt/airflow/dags/dag_crawl_search_page.py took 0.069 seconds
[2025-11-22T12:23:56.793+0000] {processor.py:186} INFO - Started process (PID=2612) to work on /opt/airflow/dags/dag_crawl_search_page.py
[2025-11-22T12:23:56.794+0000] {processor.py:914} INFO - Processing file /opt/airflow/dags/dag_crawl_search_page.py for tasks to queue
[2025-11-22T12:23:56.796+0000] {logging_mixin.py:190} INFO - [2025-11-22T12:23:56.795+0000] {dagbag.py:588} INFO - Filling up the DagBag from /opt/airflow/dags/dag_crawl_search_page.py
[2025-11-22T12:23:56.838+0000] {logging_mixin.py:190} INFO - [2025-11-22T12:23:56.835+0000] {dagbag.py:387} ERROR - Failed to import: /opt/airflow/dags/dag_crawl_search_page.py
Traceback (most recent call last):
  File "/home/airflow/.local/lib/python3.12/site-packages/airflow/models/dagbag.py", line 383, in parse
    loader.exec_module(new_module)
  File "<frozen importlib._bootstrap_external>", line 999, in exec_module
  File "<frozen importlib._bootstrap>", line 488, in _call_with_frames_removed
  File "/opt/airflow/dags/dag_crawl_search_page.py", line 6, in <module>
    from job_crawler.beautifulsoup.crawl_search_page import crawl_multiple_keywords
  File "/opt/airflow/dags/job_crawler/beautifulsoup/crawl_search_page.py", line 160
    
    ^
IndentationError: expected an indented block after function definition on line 159
[2025-11-22T12:23:56.839+0000] {processor.py:927} WARNING - No viable dags retrieved from /opt/airflow/dags/dag_crawl_search_page.py
[2025-11-22T12:23:56.855+0000] {processor.py:208} INFO - Processing /opt/airflow/dags/dag_crawl_search_page.py took 0.068 seconds
[2025-11-22T12:24:27.147+0000] {processor.py:186} INFO - Started process (PID=2623) to work on /opt/airflow/dags/dag_crawl_search_page.py
[2025-11-22T12:24:27.148+0000] {processor.py:914} INFO - Processing file /opt/airflow/dags/dag_crawl_search_page.py for tasks to queue
[2025-11-22T12:24:27.149+0000] {logging_mixin.py:190} INFO - [2025-11-22T12:24:27.149+0000] {dagbag.py:588} INFO - Filling up the DagBag from /opt/airflow/dags/dag_crawl_search_page.py
[2025-11-22T12:24:27.186+0000] {logging_mixin.py:190} INFO - [2025-11-22T12:24:27.183+0000] {dagbag.py:387} ERROR - Failed to import: /opt/airflow/dags/dag_crawl_search_page.py
Traceback (most recent call last):
  File "/home/airflow/.local/lib/python3.12/site-packages/airflow/models/dagbag.py", line 383, in parse
    loader.exec_module(new_module)
  File "<frozen importlib._bootstrap_external>", line 999, in exec_module
  File "<frozen importlib._bootstrap>", line 488, in _call_with_frames_removed
  File "/opt/airflow/dags/dag_crawl_search_page.py", line 6, in <module>
    from job_crawler.beautifulsoup.crawl_search_page import crawl_multiple_keywords
  File "/opt/airflow/dags/job_crawler/beautifulsoup/crawl_search_page.py", line 160
    
    ^
IndentationError: expected an indented block after function definition on line 159
[2025-11-22T12:24:27.187+0000] {processor.py:927} WARNING - No viable dags retrieved from /opt/airflow/dags/dag_crawl_search_page.py
[2025-11-22T12:24:27.203+0000] {processor.py:208} INFO - Processing /opt/airflow/dags/dag_crawl_search_page.py took 0.062 seconds
[2025-11-22T12:24:57.829+0000] {processor.py:186} INFO - Started process (PID=2634) to work on /opt/airflow/dags/dag_crawl_search_page.py
[2025-11-22T12:24:57.830+0000] {processor.py:914} INFO - Processing file /opt/airflow/dags/dag_crawl_search_page.py for tasks to queue
[2025-11-22T12:24:57.831+0000] {logging_mixin.py:190} INFO - [2025-11-22T12:24:57.831+0000] {dagbag.py:588} INFO - Filling up the DagBag from /opt/airflow/dags/dag_crawl_search_page.py
[2025-11-22T12:24:57.876+0000] {logging_mixin.py:190} INFO - [2025-11-22T12:24:57.874+0000] {dagbag.py:387} ERROR - Failed to import: /opt/airflow/dags/dag_crawl_search_page.py
Traceback (most recent call last):
  File "/home/airflow/.local/lib/python3.12/site-packages/airflow/models/dagbag.py", line 383, in parse
    loader.exec_module(new_module)
  File "<frozen importlib._bootstrap_external>", line 999, in exec_module
  File "<frozen importlib._bootstrap>", line 488, in _call_with_frames_removed
  File "/opt/airflow/dags/dag_crawl_search_page.py", line 6, in <module>
    from job_crawler.beautifulsoup.crawl_search_page import crawl_multiple_keywords
  File "/opt/airflow/dags/job_crawler/beautifulsoup/crawl_search_page.py", line 160
    
    ^
IndentationError: expected an indented block after function definition on line 159
[2025-11-22T12:24:57.877+0000] {processor.py:927} WARNING - No viable dags retrieved from /opt/airflow/dags/dag_crawl_search_page.py
[2025-11-22T12:24:57.894+0000] {processor.py:208} INFO - Processing /opt/airflow/dags/dag_crawl_search_page.py took 0.070 seconds
[2025-11-22T12:25:28.263+0000] {processor.py:186} INFO - Started process (PID=2645) to work on /opt/airflow/dags/dag_crawl_search_page.py
[2025-11-22T12:25:28.264+0000] {processor.py:914} INFO - Processing file /opt/airflow/dags/dag_crawl_search_page.py for tasks to queue
[2025-11-22T12:25:28.265+0000] {logging_mixin.py:190} INFO - [2025-11-22T12:25:28.265+0000] {dagbag.py:588} INFO - Filling up the DagBag from /opt/airflow/dags/dag_crawl_search_page.py
[2025-11-22T12:25:28.312+0000] {logging_mixin.py:190} INFO - [2025-11-22T12:25:28.309+0000] {dagbag.py:387} ERROR - Failed to import: /opt/airflow/dags/dag_crawl_search_page.py
Traceback (most recent call last):
  File "/home/airflow/.local/lib/python3.12/site-packages/airflow/models/dagbag.py", line 383, in parse
    loader.exec_module(new_module)
  File "<frozen importlib._bootstrap_external>", line 999, in exec_module
  File "<frozen importlib._bootstrap>", line 488, in _call_with_frames_removed
  File "/opt/airflow/dags/dag_crawl_search_page.py", line 6, in <module>
    from job_crawler.beautifulsoup.crawl_search_page import crawl_multiple_keywords
  File "/opt/airflow/dags/job_crawler/beautifulsoup/crawl_search_page.py", line 160
    
    ^
IndentationError: expected an indented block after function definition on line 159
[2025-11-22T12:25:28.313+0000] {processor.py:927} WARNING - No viable dags retrieved from /opt/airflow/dags/dag_crawl_search_page.py
[2025-11-22T12:25:28.328+0000] {processor.py:208} INFO - Processing /opt/airflow/dags/dag_crawl_search_page.py took 0.071 seconds
[2025-11-22T12:25:58.695+0000] {processor.py:186} INFO - Started process (PID=2656) to work on /opt/airflow/dags/dag_crawl_search_page.py
[2025-11-22T12:25:58.696+0000] {processor.py:914} INFO - Processing file /opt/airflow/dags/dag_crawl_search_page.py for tasks to queue
[2025-11-22T12:25:58.697+0000] {logging_mixin.py:190} INFO - [2025-11-22T12:25:58.697+0000] {dagbag.py:588} INFO - Filling up the DagBag from /opt/airflow/dags/dag_crawl_search_page.py
[2025-11-22T12:25:58.734+0000] {logging_mixin.py:190} INFO - [2025-11-22T12:25:58.732+0000] {dagbag.py:387} ERROR - Failed to import: /opt/airflow/dags/dag_crawl_search_page.py
Traceback (most recent call last):
  File "/home/airflow/.local/lib/python3.12/site-packages/airflow/models/dagbag.py", line 383, in parse
    loader.exec_module(new_module)
  File "<frozen importlib._bootstrap_external>", line 999, in exec_module
  File "<frozen importlib._bootstrap>", line 488, in _call_with_frames_removed
  File "/opt/airflow/dags/dag_crawl_search_page.py", line 6, in <module>
    from job_crawler.beautifulsoup.crawl_search_page import crawl_multiple_keywords
  File "/opt/airflow/dags/job_crawler/beautifulsoup/crawl_search_page.py", line 160
    
    ^
IndentationError: expected an indented block after function definition on line 159
[2025-11-22T12:25:58.735+0000] {processor.py:927} WARNING - No viable dags retrieved from /opt/airflow/dags/dag_crawl_search_page.py
[2025-11-22T12:25:58.750+0000] {processor.py:208} INFO - Processing /opt/airflow/dags/dag_crawl_search_page.py took 0.060 seconds
[2025-11-22T12:26:29.138+0000] {processor.py:186} INFO - Started process (PID=2667) to work on /opt/airflow/dags/dag_crawl_search_page.py
[2025-11-22T12:26:29.140+0000] {processor.py:914} INFO - Processing file /opt/airflow/dags/dag_crawl_search_page.py for tasks to queue
[2025-11-22T12:26:29.142+0000] {logging_mixin.py:190} INFO - [2025-11-22T12:26:29.142+0000] {dagbag.py:588} INFO - Filling up the DagBag from /opt/airflow/dags/dag_crawl_search_page.py
[2025-11-22T12:26:29.202+0000] {logging_mixin.py:190} INFO - [2025-11-22T12:26:29.199+0000] {dagbag.py:387} ERROR - Failed to import: /opt/airflow/dags/dag_crawl_search_page.py
Traceback (most recent call last):
  File "/home/airflow/.local/lib/python3.12/site-packages/airflow/models/dagbag.py", line 383, in parse
    loader.exec_module(new_module)
  File "<frozen importlib._bootstrap_external>", line 999, in exec_module
  File "<frozen importlib._bootstrap>", line 488, in _call_with_frames_removed
  File "/opt/airflow/dags/dag_crawl_search_page.py", line 6, in <module>
    from job_crawler.beautifulsoup.crawl_search_page import crawl_multiple_keywords
  File "/opt/airflow/dags/job_crawler/beautifulsoup/crawl_search_page.py", line 160
    
    ^
IndentationError: expected an indented block after function definition on line 159
[2025-11-22T12:26:29.203+0000] {processor.py:927} WARNING - No viable dags retrieved from /opt/airflow/dags/dag_crawl_search_page.py
[2025-11-22T12:26:29.218+0000] {processor.py:208} INFO - Processing /opt/airflow/dags/dag_crawl_search_page.py took 0.086 seconds
[2025-11-22T12:26:59.541+0000] {processor.py:186} INFO - Started process (PID=2678) to work on /opt/airflow/dags/dag_crawl_search_page.py
[2025-11-22T12:26:59.542+0000] {processor.py:914} INFO - Processing file /opt/airflow/dags/dag_crawl_search_page.py for tasks to queue
[2025-11-22T12:26:59.544+0000] {logging_mixin.py:190} INFO - [2025-11-22T12:26:59.543+0000] {dagbag.py:588} INFO - Filling up the DagBag from /opt/airflow/dags/dag_crawl_search_page.py
[2025-11-22T12:26:59.589+0000] {logging_mixin.py:190} INFO - [2025-11-22T12:26:59.587+0000] {dagbag.py:387} ERROR - Failed to import: /opt/airflow/dags/dag_crawl_search_page.py
Traceback (most recent call last):
  File "/home/airflow/.local/lib/python3.12/site-packages/airflow/models/dagbag.py", line 383, in parse
    loader.exec_module(new_module)
  File "<frozen importlib._bootstrap_external>", line 999, in exec_module
  File "<frozen importlib._bootstrap>", line 488, in _call_with_frames_removed
  File "/opt/airflow/dags/dag_crawl_search_page.py", line 6, in <module>
    from job_crawler.beautifulsoup.crawl_search_page import crawl_multiple_keywords
  File "/opt/airflow/dags/job_crawler/beautifulsoup/crawl_search_page.py", line 160
    
    ^
IndentationError: expected an indented block after function definition on line 159
[2025-11-22T12:26:59.590+0000] {processor.py:927} WARNING - No viable dags retrieved from /opt/airflow/dags/dag_crawl_search_page.py
[2025-11-22T12:26:59.604+0000] {processor.py:208} INFO - Processing /opt/airflow/dags/dag_crawl_search_page.py took 0.069 seconds
[2025-11-22T12:27:30.017+0000] {processor.py:186} INFO - Started process (PID=2689) to work on /opt/airflow/dags/dag_crawl_search_page.py
[2025-11-22T12:27:30.018+0000] {processor.py:914} INFO - Processing file /opt/airflow/dags/dag_crawl_search_page.py for tasks to queue
[2025-11-22T12:27:30.019+0000] {logging_mixin.py:190} INFO - [2025-11-22T12:27:30.019+0000] {dagbag.py:588} INFO - Filling up the DagBag from /opt/airflow/dags/dag_crawl_search_page.py
[2025-11-22T12:27:30.057+0000] {logging_mixin.py:190} INFO - [2025-11-22T12:27:30.055+0000] {dagbag.py:387} ERROR - Failed to import: /opt/airflow/dags/dag_crawl_search_page.py
Traceback (most recent call last):
  File "/home/airflow/.local/lib/python3.12/site-packages/airflow/models/dagbag.py", line 383, in parse
    loader.exec_module(new_module)
  File "<frozen importlib._bootstrap_external>", line 999, in exec_module
  File "<frozen importlib._bootstrap>", line 488, in _call_with_frames_removed
  File "/opt/airflow/dags/dag_crawl_search_page.py", line 6, in <module>
    from job_crawler.beautifulsoup.crawl_search_page import crawl_multiple_keywords
  File "/opt/airflow/dags/job_crawler/beautifulsoup/crawl_search_page.py", line 160
    
    ^
IndentationError: expected an indented block after function definition on line 159
[2025-11-22T12:27:30.058+0000] {processor.py:927} WARNING - No viable dags retrieved from /opt/airflow/dags/dag_crawl_search_page.py
[2025-11-22T12:27:30.073+0000] {processor.py:208} INFO - Processing /opt/airflow/dags/dag_crawl_search_page.py took 0.062 seconds
[2025-11-22T12:28:00.410+0000] {processor.py:186} INFO - Started process (PID=2700) to work on /opt/airflow/dags/dag_crawl_search_page.py
[2025-11-22T12:28:00.411+0000] {processor.py:914} INFO - Processing file /opt/airflow/dags/dag_crawl_search_page.py for tasks to queue
[2025-11-22T12:28:00.412+0000] {logging_mixin.py:190} INFO - [2025-11-22T12:28:00.412+0000] {dagbag.py:588} INFO - Filling up the DagBag from /opt/airflow/dags/dag_crawl_search_page.py
[2025-11-22T12:28:00.452+0000] {logging_mixin.py:190} INFO - [2025-11-22T12:28:00.449+0000] {dagbag.py:387} ERROR - Failed to import: /opt/airflow/dags/dag_crawl_search_page.py
Traceback (most recent call last):
  File "/home/airflow/.local/lib/python3.12/site-packages/airflow/models/dagbag.py", line 383, in parse
    loader.exec_module(new_module)
  File "<frozen importlib._bootstrap_external>", line 999, in exec_module
  File "<frozen importlib._bootstrap>", line 488, in _call_with_frames_removed
  File "/opt/airflow/dags/dag_crawl_search_page.py", line 6, in <module>
    from job_crawler.beautifulsoup.crawl_search_page import crawl_multiple_keywords
  File "/opt/airflow/dags/job_crawler/beautifulsoup/crawl_search_page.py", line 160
    
    ^
IndentationError: expected an indented block after function definition on line 159
[2025-11-22T12:28:00.454+0000] {processor.py:927} WARNING - No viable dags retrieved from /opt/airflow/dags/dag_crawl_search_page.py
[2025-11-22T12:28:00.469+0000] {processor.py:208} INFO - Processing /opt/airflow/dags/dag_crawl_search_page.py took 0.065 seconds
[2025-11-22T12:28:30.875+0000] {processor.py:186} INFO - Started process (PID=2711) to work on /opt/airflow/dags/dag_crawl_search_page.py
[2025-11-22T12:28:30.876+0000] {processor.py:914} INFO - Processing file /opt/airflow/dags/dag_crawl_search_page.py for tasks to queue
[2025-11-22T12:28:30.877+0000] {logging_mixin.py:190} INFO - [2025-11-22T12:28:30.877+0000] {dagbag.py:588} INFO - Filling up the DagBag from /opt/airflow/dags/dag_crawl_search_page.py
[2025-11-22T12:28:30.912+0000] {logging_mixin.py:190} INFO - [2025-11-22T12:28:30.910+0000] {dagbag.py:387} ERROR - Failed to import: /opt/airflow/dags/dag_crawl_search_page.py
Traceback (most recent call last):
  File "/home/airflow/.local/lib/python3.12/site-packages/airflow/models/dagbag.py", line 383, in parse
    loader.exec_module(new_module)
  File "<frozen importlib._bootstrap_external>", line 999, in exec_module
  File "<frozen importlib._bootstrap>", line 488, in _call_with_frames_removed
  File "/opt/airflow/dags/dag_crawl_search_page.py", line 6, in <module>
    from job_crawler.beautifulsoup.crawl_search_page import crawl_multiple_keywords
  File "/opt/airflow/dags/job_crawler/beautifulsoup/crawl_search_page.py", line 160
    
    ^
IndentationError: expected an indented block after function definition on line 159
[2025-11-22T12:28:30.913+0000] {processor.py:927} WARNING - No viable dags retrieved from /opt/airflow/dags/dag_crawl_search_page.py
[2025-11-22T12:28:30.928+0000] {processor.py:208} INFO - Processing /opt/airflow/dags/dag_crawl_search_page.py took 0.058 seconds
[2025-11-22T12:29:01.302+0000] {processor.py:186} INFO - Started process (PID=2722) to work on /opt/airflow/dags/dag_crawl_search_page.py
[2025-11-22T12:29:01.304+0000] {processor.py:914} INFO - Processing file /opt/airflow/dags/dag_crawl_search_page.py for tasks to queue
[2025-11-22T12:29:01.305+0000] {logging_mixin.py:190} INFO - [2025-11-22T12:29:01.305+0000] {dagbag.py:588} INFO - Filling up the DagBag from /opt/airflow/dags/dag_crawl_search_page.py
[2025-11-22T12:29:01.348+0000] {logging_mixin.py:190} INFO - [2025-11-22T12:29:01.345+0000] {dagbag.py:387} ERROR - Failed to import: /opt/airflow/dags/dag_crawl_search_page.py
Traceback (most recent call last):
  File "/home/airflow/.local/lib/python3.12/site-packages/airflow/models/dagbag.py", line 383, in parse
    loader.exec_module(new_module)
  File "<frozen importlib._bootstrap_external>", line 999, in exec_module
  File "<frozen importlib._bootstrap>", line 488, in _call_with_frames_removed
  File "/opt/airflow/dags/dag_crawl_search_page.py", line 6, in <module>
    from job_crawler.beautifulsoup.crawl_search_page import crawl_multiple_keywords
  File "/opt/airflow/dags/job_crawler/beautifulsoup/crawl_search_page.py", line 160
    
    ^
IndentationError: expected an indented block after function definition on line 159
[2025-11-22T12:29:01.349+0000] {processor.py:927} WARNING - No viable dags retrieved from /opt/airflow/dags/dag_crawl_search_page.py
[2025-11-22T12:29:01.364+0000] {processor.py:208} INFO - Processing /opt/airflow/dags/dag_crawl_search_page.py took 0.068 seconds
[2025-11-22T12:29:31.769+0000] {processor.py:186} INFO - Started process (PID=2733) to work on /opt/airflow/dags/dag_crawl_search_page.py
[2025-11-22T12:29:31.769+0000] {processor.py:914} INFO - Processing file /opt/airflow/dags/dag_crawl_search_page.py for tasks to queue
[2025-11-22T12:29:31.771+0000] {logging_mixin.py:190} INFO - [2025-11-22T12:29:31.770+0000] {dagbag.py:588} INFO - Filling up the DagBag from /opt/airflow/dags/dag_crawl_search_page.py
[2025-11-22T12:29:31.803+0000] {logging_mixin.py:190} INFO - [2025-11-22T12:29:31.801+0000] {dagbag.py:387} ERROR - Failed to import: /opt/airflow/dags/dag_crawl_search_page.py
Traceback (most recent call last):
  File "/home/airflow/.local/lib/python3.12/site-packages/airflow/models/dagbag.py", line 383, in parse
    loader.exec_module(new_module)
  File "<frozen importlib._bootstrap_external>", line 999, in exec_module
  File "<frozen importlib._bootstrap>", line 488, in _call_with_frames_removed
  File "/opt/airflow/dags/dag_crawl_search_page.py", line 6, in <module>
    from job_crawler.beautifulsoup.crawl_search_page import crawl_multiple_keywords
  File "/opt/airflow/dags/job_crawler/beautifulsoup/crawl_search_page.py", line 160
    
    ^
IndentationError: expected an indented block after function definition on line 159
[2025-11-22T12:29:31.804+0000] {processor.py:927} WARNING - No viable dags retrieved from /opt/airflow/dags/dag_crawl_search_page.py
[2025-11-22T12:29:31.819+0000] {processor.py:208} INFO - Processing /opt/airflow/dags/dag_crawl_search_page.py took 0.056 seconds
[2025-11-22T12:30:02.647+0000] {processor.py:186} INFO - Started process (PID=2744) to work on /opt/airflow/dags/dag_crawl_search_page.py
[2025-11-22T12:30:02.648+0000] {processor.py:914} INFO - Processing file /opt/airflow/dags/dag_crawl_search_page.py for tasks to queue
[2025-11-22T12:30:02.650+0000] {logging_mixin.py:190} INFO - [2025-11-22T12:30:02.649+0000] {dagbag.py:588} INFO - Filling up the DagBag from /opt/airflow/dags/dag_crawl_search_page.py
[2025-11-22T12:30:02.687+0000] {logging_mixin.py:190} INFO - [2025-11-22T12:30:02.684+0000] {dagbag.py:387} ERROR - Failed to import: /opt/airflow/dags/dag_crawl_search_page.py
Traceback (most recent call last):
  File "/home/airflow/.local/lib/python3.12/site-packages/airflow/models/dagbag.py", line 383, in parse
    loader.exec_module(new_module)
  File "<frozen importlib._bootstrap_external>", line 999, in exec_module
  File "<frozen importlib._bootstrap>", line 488, in _call_with_frames_removed
  File "/opt/airflow/dags/dag_crawl_search_page.py", line 6, in <module>
    from job_crawler.beautifulsoup.crawl_search_page import crawl_multiple_keywords
  File "/opt/airflow/dags/job_crawler/beautifulsoup/crawl_search_page.py", line 160
    
    ^
IndentationError: expected an indented block after function definition on line 159
[2025-11-22T12:30:02.688+0000] {processor.py:927} WARNING - No viable dags retrieved from /opt/airflow/dags/dag_crawl_search_page.py
[2025-11-22T12:30:02.711+0000] {processor.py:208} INFO - Processing /opt/airflow/dags/dag_crawl_search_page.py took 0.069 seconds
[2025-11-22T12:30:33.122+0000] {processor.py:186} INFO - Started process (PID=2755) to work on /opt/airflow/dags/dag_crawl_search_page.py
[2025-11-22T12:30:33.123+0000] {processor.py:914} INFO - Processing file /opt/airflow/dags/dag_crawl_search_page.py for tasks to queue
[2025-11-22T12:30:33.125+0000] {logging_mixin.py:190} INFO - [2025-11-22T12:30:33.125+0000] {dagbag.py:588} INFO - Filling up the DagBag from /opt/airflow/dags/dag_crawl_search_page.py
[2025-11-22T12:30:33.164+0000] {logging_mixin.py:190} INFO - [2025-11-22T12:30:33.161+0000] {dagbag.py:387} ERROR - Failed to import: /opt/airflow/dags/dag_crawl_search_page.py
Traceback (most recent call last):
  File "/home/airflow/.local/lib/python3.12/site-packages/airflow/models/dagbag.py", line 383, in parse
    loader.exec_module(new_module)
  File "<frozen importlib._bootstrap_external>", line 999, in exec_module
  File "<frozen importlib._bootstrap>", line 488, in _call_with_frames_removed
  File "/opt/airflow/dags/dag_crawl_search_page.py", line 6, in <module>
    from job_crawler.beautifulsoup.crawl_search_page import crawl_multiple_keywords
  File "/opt/airflow/dags/job_crawler/beautifulsoup/crawl_search_page.py", line 160
    
    ^
IndentationError: expected an indented block after function definition on line 159
[2025-11-22T12:30:33.165+0000] {processor.py:927} WARNING - No viable dags retrieved from /opt/airflow/dags/dag_crawl_search_page.py
[2025-11-22T12:30:33.182+0000] {processor.py:208} INFO - Processing /opt/airflow/dags/dag_crawl_search_page.py took 0.065 seconds
[2025-11-22T12:31:03.524+0000] {processor.py:186} INFO - Started process (PID=2766) to work on /opt/airflow/dags/dag_crawl_search_page.py
[2025-11-22T12:31:03.525+0000] {processor.py:914} INFO - Processing file /opt/airflow/dags/dag_crawl_search_page.py for tasks to queue
[2025-11-22T12:31:03.526+0000] {logging_mixin.py:190} INFO - [2025-11-22T12:31:03.526+0000] {dagbag.py:588} INFO - Filling up the DagBag from /opt/airflow/dags/dag_crawl_search_page.py
[2025-11-22T12:31:03.566+0000] {logging_mixin.py:190} INFO - [2025-11-22T12:31:03.563+0000] {dagbag.py:387} ERROR - Failed to import: /opt/airflow/dags/dag_crawl_search_page.py
Traceback (most recent call last):
  File "/home/airflow/.local/lib/python3.12/site-packages/airflow/models/dagbag.py", line 383, in parse
    loader.exec_module(new_module)
  File "<frozen importlib._bootstrap_external>", line 999, in exec_module
  File "<frozen importlib._bootstrap>", line 488, in _call_with_frames_removed
  File "/opt/airflow/dags/dag_crawl_search_page.py", line 6, in <module>
    from job_crawler.beautifulsoup.crawl_search_page import crawl_multiple_keywords
  File "/opt/airflow/dags/job_crawler/beautifulsoup/crawl_search_page.py", line 160
    
    ^
IndentationError: expected an indented block after function definition on line 159
[2025-11-22T12:31:03.567+0000] {processor.py:927} WARNING - No viable dags retrieved from /opt/airflow/dags/dag_crawl_search_page.py
[2025-11-22T12:31:03.581+0000] {processor.py:208} INFO - Processing /opt/airflow/dags/dag_crawl_search_page.py took 0.063 seconds
[2025-11-22T12:31:33.962+0000] {processor.py:186} INFO - Started process (PID=2777) to work on /opt/airflow/dags/dag_crawl_search_page.py
[2025-11-22T12:31:33.963+0000] {processor.py:914} INFO - Processing file /opt/airflow/dags/dag_crawl_search_page.py for tasks to queue
[2025-11-22T12:31:33.964+0000] {logging_mixin.py:190} INFO - [2025-11-22T12:31:33.964+0000] {dagbag.py:588} INFO - Filling up the DagBag from /opt/airflow/dags/dag_crawl_search_page.py
[2025-11-22T12:31:34.002+0000] {logging_mixin.py:190} INFO - [2025-11-22T12:31:33.999+0000] {dagbag.py:387} ERROR - Failed to import: /opt/airflow/dags/dag_crawl_search_page.py
Traceback (most recent call last):
  File "/home/airflow/.local/lib/python3.12/site-packages/airflow/models/dagbag.py", line 383, in parse
    loader.exec_module(new_module)
  File "<frozen importlib._bootstrap_external>", line 999, in exec_module
  File "<frozen importlib._bootstrap>", line 488, in _call_with_frames_removed
  File "/opt/airflow/dags/dag_crawl_search_page.py", line 6, in <module>
    from job_crawler.beautifulsoup.crawl_search_page import crawl_multiple_keywords
  File "/opt/airflow/dags/job_crawler/beautifulsoup/crawl_search_page.py", line 160
    
    ^
IndentationError: expected an indented block after function definition on line 159
[2025-11-22T12:31:34.003+0000] {processor.py:927} WARNING - No viable dags retrieved from /opt/airflow/dags/dag_crawl_search_page.py
[2025-11-22T12:31:34.019+0000] {processor.py:208} INFO - Processing /opt/airflow/dags/dag_crawl_search_page.py took 0.061 seconds
[2025-11-22T12:32:04.398+0000] {processor.py:186} INFO - Started process (PID=2788) to work on /opt/airflow/dags/dag_crawl_search_page.py
[2025-11-22T12:32:04.399+0000] {processor.py:914} INFO - Processing file /opt/airflow/dags/dag_crawl_search_page.py for tasks to queue
[2025-11-22T12:32:04.400+0000] {logging_mixin.py:190} INFO - [2025-11-22T12:32:04.400+0000] {dagbag.py:588} INFO - Filling up the DagBag from /opt/airflow/dags/dag_crawl_search_page.py
[2025-11-22T12:32:04.443+0000] {logging_mixin.py:190} INFO - [2025-11-22T12:32:04.440+0000] {dagbag.py:387} ERROR - Failed to import: /opt/airflow/dags/dag_crawl_search_page.py
Traceback (most recent call last):
  File "/home/airflow/.local/lib/python3.12/site-packages/airflow/models/dagbag.py", line 383, in parse
    loader.exec_module(new_module)
  File "<frozen importlib._bootstrap_external>", line 999, in exec_module
  File "<frozen importlib._bootstrap>", line 488, in _call_with_frames_removed
  File "/opt/airflow/dags/dag_crawl_search_page.py", line 6, in <module>
    from job_crawler.beautifulsoup.crawl_search_page import crawl_multiple_keywords
  File "/opt/airflow/dags/job_crawler/beautifulsoup/crawl_search_page.py", line 160
    
    ^
IndentationError: expected an indented block after function definition on line 159
[2025-11-22T12:32:04.444+0000] {processor.py:927} WARNING - No viable dags retrieved from /opt/airflow/dags/dag_crawl_search_page.py
[2025-11-22T12:32:04.459+0000] {processor.py:208} INFO - Processing /opt/airflow/dags/dag_crawl_search_page.py took 0.066 seconds
[2025-11-22T12:32:34.748+0000] {processor.py:186} INFO - Started process (PID=2799) to work on /opt/airflow/dags/dag_crawl_search_page.py
[2025-11-22T12:32:34.751+0000] {processor.py:914} INFO - Processing file /opt/airflow/dags/dag_crawl_search_page.py for tasks to queue
[2025-11-22T12:32:34.753+0000] {logging_mixin.py:190} INFO - [2025-11-22T12:32:34.752+0000] {dagbag.py:588} INFO - Filling up the DagBag from /opt/airflow/dags/dag_crawl_search_page.py
[2025-11-22T12:32:34.852+0000] {logging_mixin.py:190} INFO - [2025-11-22T12:32:34.841+0000] {dagbag.py:387} ERROR - Failed to import: /opt/airflow/dags/dag_crawl_search_page.py
Traceback (most recent call last):
  File "/home/airflow/.local/lib/python3.12/site-packages/airflow/models/dagbag.py", line 383, in parse
    loader.exec_module(new_module)
  File "<frozen importlib._bootstrap_external>", line 999, in exec_module
  File "<frozen importlib._bootstrap>", line 488, in _call_with_frames_removed
  File "/opt/airflow/dags/dag_crawl_search_page.py", line 6, in <module>
    from job_crawler.beautifulsoup.crawl_search_page import crawl_multiple_keywords
  File "/opt/airflow/dags/job_crawler/beautifulsoup/crawl_search_page.py", line 160
    
    ^
IndentationError: expected an indented block after function definition on line 159
[2025-11-22T12:32:34.855+0000] {processor.py:927} WARNING - No viable dags retrieved from /opt/airflow/dags/dag_crawl_search_page.py
[2025-11-22T12:32:34.946+0000] {processor.py:208} INFO - Processing /opt/airflow/dags/dag_crawl_search_page.py took 0.210 seconds
[2025-11-22T12:33:05.276+0000] {processor.py:186} INFO - Started process (PID=2810) to work on /opt/airflow/dags/dag_crawl_search_page.py
[2025-11-22T12:33:05.277+0000] {processor.py:914} INFO - Processing file /opt/airflow/dags/dag_crawl_search_page.py for tasks to queue
[2025-11-22T12:33:05.278+0000] {logging_mixin.py:190} INFO - [2025-11-22T12:33:05.278+0000] {dagbag.py:588} INFO - Filling up the DagBag from /opt/airflow/dags/dag_crawl_search_page.py
[2025-11-22T12:33:05.330+0000] {logging_mixin.py:190} INFO - [2025-11-22T12:33:05.327+0000] {dagbag.py:387} ERROR - Failed to import: /opt/airflow/dags/dag_crawl_search_page.py
Traceback (most recent call last):
  File "/home/airflow/.local/lib/python3.12/site-packages/airflow/models/dagbag.py", line 383, in parse
    loader.exec_module(new_module)
  File "<frozen importlib._bootstrap_external>", line 999, in exec_module
  File "<frozen importlib._bootstrap>", line 488, in _call_with_frames_removed
  File "/opt/airflow/dags/dag_crawl_search_page.py", line 6, in <module>
    from job_crawler.beautifulsoup.crawl_search_page import crawl_multiple_keywords
  File "/opt/airflow/dags/job_crawler/beautifulsoup/crawl_search_page.py", line 160
    
    ^
IndentationError: expected an indented block after function definition on line 159
[2025-11-22T12:33:05.333+0000] {processor.py:927} WARNING - No viable dags retrieved from /opt/airflow/dags/dag_crawl_search_page.py
[2025-11-22T12:33:05.354+0000] {processor.py:208} INFO - Processing /opt/airflow/dags/dag_crawl_search_page.py took 0.084 seconds
[2025-11-22T12:33:35.595+0000] {processor.py:186} INFO - Started process (PID=2821) to work on /opt/airflow/dags/dag_crawl_search_page.py
[2025-11-22T12:33:35.597+0000] {processor.py:914} INFO - Processing file /opt/airflow/dags/dag_crawl_search_page.py for tasks to queue
[2025-11-22T12:33:35.598+0000] {logging_mixin.py:190} INFO - [2025-11-22T12:33:35.598+0000] {dagbag.py:588} INFO - Filling up the DagBag from /opt/airflow/dags/dag_crawl_search_page.py
[2025-11-22T12:33:35.652+0000] {logging_mixin.py:190} INFO - [2025-11-22T12:33:35.649+0000] {dagbag.py:387} ERROR - Failed to import: /opt/airflow/dags/dag_crawl_search_page.py
Traceback (most recent call last):
  File "/home/airflow/.local/lib/python3.12/site-packages/airflow/models/dagbag.py", line 383, in parse
    loader.exec_module(new_module)
  File "<frozen importlib._bootstrap_external>", line 999, in exec_module
  File "<frozen importlib._bootstrap>", line 488, in _call_with_frames_removed
  File "/opt/airflow/dags/dag_crawl_search_page.py", line 6, in <module>
    from job_crawler.beautifulsoup.crawl_search_page import crawl_multiple_keywords
  File "/opt/airflow/dags/job_crawler/beautifulsoup/crawl_search_page.py", line 160
    
    ^
IndentationError: expected an indented block after function definition on line 159
[2025-11-22T12:33:35.653+0000] {processor.py:927} WARNING - No viable dags retrieved from /opt/airflow/dags/dag_crawl_search_page.py
[2025-11-22T12:33:35.678+0000] {processor.py:208} INFO - Processing /opt/airflow/dags/dag_crawl_search_page.py took 0.090 seconds
[2025-11-22T12:34:06.036+0000] {processor.py:186} INFO - Started process (PID=2832) to work on /opt/airflow/dags/dag_crawl_search_page.py
[2025-11-22T12:34:06.037+0000] {processor.py:914} INFO - Processing file /opt/airflow/dags/dag_crawl_search_page.py for tasks to queue
[2025-11-22T12:34:06.039+0000] {logging_mixin.py:190} INFO - [2025-11-22T12:34:06.039+0000] {dagbag.py:588} INFO - Filling up the DagBag from /opt/airflow/dags/dag_crawl_search_page.py
[2025-11-22T12:34:06.091+0000] {logging_mixin.py:190} INFO - [2025-11-22T12:34:06.088+0000] {dagbag.py:387} ERROR - Failed to import: /opt/airflow/dags/dag_crawl_search_page.py
Traceback (most recent call last):
  File "/home/airflow/.local/lib/python3.12/site-packages/airflow/models/dagbag.py", line 383, in parse
    loader.exec_module(new_module)
  File "<frozen importlib._bootstrap_external>", line 999, in exec_module
  File "<frozen importlib._bootstrap>", line 488, in _call_with_frames_removed
  File "/opt/airflow/dags/dag_crawl_search_page.py", line 6, in <module>
    from job_crawler.beautifulsoup.crawl_search_page import crawl_multiple_keywords
  File "/opt/airflow/dags/job_crawler/beautifulsoup/crawl_search_page.py", line 160
    
    ^
IndentationError: expected an indented block after function definition on line 159
[2025-11-22T12:34:06.092+0000] {processor.py:927} WARNING - No viable dags retrieved from /opt/airflow/dags/dag_crawl_search_page.py
[2025-11-22T12:34:06.148+0000] {processor.py:208} INFO - Processing /opt/airflow/dags/dag_crawl_search_page.py took 0.120 seconds
[2025-11-22T12:34:36.352+0000] {processor.py:186} INFO - Started process (PID=2843) to work on /opt/airflow/dags/dag_crawl_search_page.py
[2025-11-22T12:34:36.353+0000] {processor.py:914} INFO - Processing file /opt/airflow/dags/dag_crawl_search_page.py for tasks to queue
[2025-11-22T12:34:36.354+0000] {logging_mixin.py:190} INFO - [2025-11-22T12:34:36.354+0000] {dagbag.py:588} INFO - Filling up the DagBag from /opt/airflow/dags/dag_crawl_search_page.py
[2025-11-22T12:34:36.447+0000] {logging_mixin.py:190} INFO - [2025-11-22T12:34:36.444+0000] {dagbag.py:387} ERROR - Failed to import: /opt/airflow/dags/dag_crawl_search_page.py
Traceback (most recent call last):
  File "/home/airflow/.local/lib/python3.12/site-packages/airflow/models/dagbag.py", line 383, in parse
    loader.exec_module(new_module)
  File "<frozen importlib._bootstrap_external>", line 999, in exec_module
  File "<frozen importlib._bootstrap>", line 488, in _call_with_frames_removed
  File "/opt/airflow/dags/dag_crawl_search_page.py", line 6, in <module>
    from job_crawler.beautifulsoup.crawl_search_page import crawl_multiple_keywords
  File "/opt/airflow/dags/job_crawler/beautifulsoup/crawl_search_page.py", line 160
    
    ^
IndentationError: expected an indented block after function definition on line 159
[2025-11-22T12:34:36.448+0000] {processor.py:927} WARNING - No viable dags retrieved from /opt/airflow/dags/dag_crawl_search_page.py
[2025-11-22T12:34:36.471+0000] {processor.py:208} INFO - Processing /opt/airflow/dags/dag_crawl_search_page.py took 0.128 seconds
[2025-11-22T12:35:07.228+0000] {processor.py:186} INFO - Started process (PID=2854) to work on /opt/airflow/dags/dag_crawl_search_page.py
[2025-11-22T12:35:07.229+0000] {processor.py:914} INFO - Processing file /opt/airflow/dags/dag_crawl_search_page.py for tasks to queue
[2025-11-22T12:35:07.230+0000] {logging_mixin.py:190} INFO - [2025-11-22T12:35:07.230+0000] {dagbag.py:588} INFO - Filling up the DagBag from /opt/airflow/dags/dag_crawl_search_page.py
[2025-11-22T12:35:07.359+0000] {logging_mixin.py:190} INFO - [2025-11-22T12:35:07.355+0000] {dagbag.py:387} ERROR - Failed to import: /opt/airflow/dags/dag_crawl_search_page.py
Traceback (most recent call last):
  File "/home/airflow/.local/lib/python3.12/site-packages/airflow/models/dagbag.py", line 383, in parse
    loader.exec_module(new_module)
  File "<frozen importlib._bootstrap_external>", line 999, in exec_module
  File "<frozen importlib._bootstrap>", line 488, in _call_with_frames_removed
  File "/opt/airflow/dags/dag_crawl_search_page.py", line 6, in <module>
    from job_crawler.beautifulsoup.crawl_search_page import crawl_multiple_keywords
  File "/opt/airflow/dags/job_crawler/beautifulsoup/crawl_search_page.py", line 160
    
    ^
IndentationError: expected an indented block after function definition on line 159
[2025-11-22T12:35:07.361+0000] {processor.py:927} WARNING - No viable dags retrieved from /opt/airflow/dags/dag_crawl_search_page.py
[2025-11-22T12:35:07.419+0000] {processor.py:208} INFO - Processing /opt/airflow/dags/dag_crawl_search_page.py took 0.198 seconds
[2025-11-22T12:35:37.575+0000] {processor.py:186} INFO - Started process (PID=2865) to work on /opt/airflow/dags/dag_crawl_search_page.py
[2025-11-22T12:35:37.576+0000] {processor.py:914} INFO - Processing file /opt/airflow/dags/dag_crawl_search_page.py for tasks to queue
[2025-11-22T12:35:37.578+0000] {logging_mixin.py:190} INFO - [2025-11-22T12:35:37.577+0000] {dagbag.py:588} INFO - Filling up the DagBag from /opt/airflow/dags/dag_crawl_search_page.py
[2025-11-22T12:35:37.620+0000] {logging_mixin.py:190} INFO - [2025-11-22T12:35:37.618+0000] {dagbag.py:387} ERROR - Failed to import: /opt/airflow/dags/dag_crawl_search_page.py
Traceback (most recent call last):
  File "/home/airflow/.local/lib/python3.12/site-packages/airflow/models/dagbag.py", line 383, in parse
    loader.exec_module(new_module)
  File "<frozen importlib._bootstrap_external>", line 999, in exec_module
  File "<frozen importlib._bootstrap>", line 488, in _call_with_frames_removed
  File "/opt/airflow/dags/dag_crawl_search_page.py", line 6, in <module>
    from job_crawler.beautifulsoup.crawl_search_page import crawl_multiple_keywords
  File "/opt/airflow/dags/job_crawler/beautifulsoup/crawl_search_page.py", line 160
    
    ^
IndentationError: expected an indented block after function definition on line 159
[2025-11-22T12:35:37.621+0000] {processor.py:927} WARNING - No viable dags retrieved from /opt/airflow/dags/dag_crawl_search_page.py
[2025-11-22T12:35:37.639+0000] {processor.py:208} INFO - Processing /opt/airflow/dags/dag_crawl_search_page.py took 0.070 seconds
[2025-11-22T12:36:07.983+0000] {processor.py:186} INFO - Started process (PID=2876) to work on /opt/airflow/dags/dag_crawl_search_page.py
[2025-11-22T12:36:07.984+0000] {processor.py:914} INFO - Processing file /opt/airflow/dags/dag_crawl_search_page.py for tasks to queue
[2025-11-22T12:36:07.985+0000] {logging_mixin.py:190} INFO - [2025-11-22T12:36:07.985+0000] {dagbag.py:588} INFO - Filling up the DagBag from /opt/airflow/dags/dag_crawl_search_page.py
[2025-11-22T12:36:08.027+0000] {logging_mixin.py:190} INFO - [2025-11-22T12:36:08.024+0000] {dagbag.py:387} ERROR - Failed to import: /opt/airflow/dags/dag_crawl_search_page.py
Traceback (most recent call last):
  File "/home/airflow/.local/lib/python3.12/site-packages/airflow/models/dagbag.py", line 383, in parse
    loader.exec_module(new_module)
  File "<frozen importlib._bootstrap_external>", line 999, in exec_module
  File "<frozen importlib._bootstrap>", line 488, in _call_with_frames_removed
  File "/opt/airflow/dags/dag_crawl_search_page.py", line 6, in <module>
    from job_crawler.beautifulsoup.crawl_search_page import crawl_multiple_keywords
  File "/opt/airflow/dags/job_crawler/beautifulsoup/crawl_search_page.py", line 160
    
    ^
IndentationError: expected an indented block after function definition on line 159
[2025-11-22T12:36:08.028+0000] {processor.py:927} WARNING - No viable dags retrieved from /opt/airflow/dags/dag_crawl_search_page.py
[2025-11-22T12:36:08.053+0000] {processor.py:208} INFO - Processing /opt/airflow/dags/dag_crawl_search_page.py took 0.075 seconds
[2025-11-22T12:36:38.366+0000] {processor.py:186} INFO - Started process (PID=2887) to work on /opt/airflow/dags/dag_crawl_search_page.py
[2025-11-22T12:36:38.367+0000] {processor.py:914} INFO - Processing file /opt/airflow/dags/dag_crawl_search_page.py for tasks to queue
[2025-11-22T12:36:38.368+0000] {logging_mixin.py:190} INFO - [2025-11-22T12:36:38.368+0000] {dagbag.py:588} INFO - Filling up the DagBag from /opt/airflow/dags/dag_crawl_search_page.py
[2025-11-22T12:36:38.418+0000] {logging_mixin.py:190} INFO - [2025-11-22T12:36:38.415+0000] {dagbag.py:387} ERROR - Failed to import: /opt/airflow/dags/dag_crawl_search_page.py
Traceback (most recent call last):
  File "/home/airflow/.local/lib/python3.12/site-packages/airflow/models/dagbag.py", line 383, in parse
    loader.exec_module(new_module)
  File "<frozen importlib._bootstrap_external>", line 999, in exec_module
  File "<frozen importlib._bootstrap>", line 488, in _call_with_frames_removed
  File "/opt/airflow/dags/dag_crawl_search_page.py", line 6, in <module>
    from job_crawler.beautifulsoup.crawl_search_page import crawl_multiple_keywords
  File "/opt/airflow/dags/job_crawler/beautifulsoup/crawl_search_page.py", line 160
    
    ^
IndentationError: expected an indented block after function definition on line 159
[2025-11-22T12:36:38.419+0000] {processor.py:927} WARNING - No viable dags retrieved from /opt/airflow/dags/dag_crawl_search_page.py
[2025-11-22T12:36:38.437+0000] {processor.py:208} INFO - Processing /opt/airflow/dags/dag_crawl_search_page.py took 0.077 seconds
[2025-11-22T12:37:08.678+0000] {processor.py:186} INFO - Started process (PID=2898) to work on /opt/airflow/dags/dag_crawl_search_page.py
[2025-11-22T12:37:08.679+0000] {processor.py:914} INFO - Processing file /opt/airflow/dags/dag_crawl_search_page.py for tasks to queue
[2025-11-22T12:37:08.680+0000] {logging_mixin.py:190} INFO - [2025-11-22T12:37:08.680+0000] {dagbag.py:588} INFO - Filling up the DagBag from /opt/airflow/dags/dag_crawl_search_page.py
[2025-11-22T12:37:08.723+0000] {logging_mixin.py:190} INFO - [2025-11-22T12:37:08.720+0000] {dagbag.py:387} ERROR - Failed to import: /opt/airflow/dags/dag_crawl_search_page.py
Traceback (most recent call last):
  File "/home/airflow/.local/lib/python3.12/site-packages/airflow/models/dagbag.py", line 383, in parse
    loader.exec_module(new_module)
  File "<frozen importlib._bootstrap_external>", line 999, in exec_module
  File "<frozen importlib._bootstrap>", line 488, in _call_with_frames_removed
  File "/opt/airflow/dags/dag_crawl_search_page.py", line 6, in <module>
    from job_crawler.beautifulsoup.crawl_search_page import crawl_multiple_keywords
  File "/opt/airflow/dags/job_crawler/beautifulsoup/crawl_search_page.py", line 160
    
    ^
IndentationError: expected an indented block after function definition on line 159
[2025-11-22T12:37:08.725+0000] {processor.py:927} WARNING - No viable dags retrieved from /opt/airflow/dags/dag_crawl_search_page.py
[2025-11-22T12:37:08.742+0000] {processor.py:208} INFO - Processing /opt/airflow/dags/dag_crawl_search_page.py took 0.070 seconds
[2025-11-22T12:37:39.025+0000] {processor.py:186} INFO - Started process (PID=2909) to work on /opt/airflow/dags/dag_crawl_search_page.py
[2025-11-22T12:37:39.026+0000] {processor.py:914} INFO - Processing file /opt/airflow/dags/dag_crawl_search_page.py for tasks to queue
[2025-11-22T12:37:39.027+0000] {logging_mixin.py:190} INFO - [2025-11-22T12:37:39.027+0000] {dagbag.py:588} INFO - Filling up the DagBag from /opt/airflow/dags/dag_crawl_search_page.py
[2025-11-22T12:37:39.072+0000] {logging_mixin.py:190} INFO - [2025-11-22T12:37:39.069+0000] {dagbag.py:387} ERROR - Failed to import: /opt/airflow/dags/dag_crawl_search_page.py
Traceback (most recent call last):
  File "/home/airflow/.local/lib/python3.12/site-packages/airflow/models/dagbag.py", line 383, in parse
    loader.exec_module(new_module)
  File "<frozen importlib._bootstrap_external>", line 999, in exec_module
  File "<frozen importlib._bootstrap>", line 488, in _call_with_frames_removed
  File "/opt/airflow/dags/dag_crawl_search_page.py", line 6, in <module>
    from job_crawler.beautifulsoup.crawl_search_page import crawl_multiple_keywords
  File "/opt/airflow/dags/job_crawler/beautifulsoup/crawl_search_page.py", line 160
    
    ^
IndentationError: expected an indented block after function definition on line 159
[2025-11-22T12:37:39.073+0000] {processor.py:927} WARNING - No viable dags retrieved from /opt/airflow/dags/dag_crawl_search_page.py
[2025-11-22T12:37:39.091+0000] {processor.py:208} INFO - Processing /opt/airflow/dags/dag_crawl_search_page.py took 0.073 seconds
[2025-11-22T12:38:09.426+0000] {processor.py:186} INFO - Started process (PID=2921) to work on /opt/airflow/dags/dag_crawl_search_page.py
[2025-11-22T12:38:09.427+0000] {processor.py:914} INFO - Processing file /opt/airflow/dags/dag_crawl_search_page.py for tasks to queue
[2025-11-22T12:38:09.428+0000] {logging_mixin.py:190} INFO - [2025-11-22T12:38:09.428+0000] {dagbag.py:588} INFO - Filling up the DagBag from /opt/airflow/dags/dag_crawl_search_page.py
[2025-11-22T12:38:09.469+0000] {logging_mixin.py:190} INFO - [2025-11-22T12:38:09.466+0000] {dagbag.py:387} ERROR - Failed to import: /opt/airflow/dags/dag_crawl_search_page.py
Traceback (most recent call last):
  File "/home/airflow/.local/lib/python3.12/site-packages/airflow/models/dagbag.py", line 383, in parse
    loader.exec_module(new_module)
  File "<frozen importlib._bootstrap_external>", line 999, in exec_module
  File "<frozen importlib._bootstrap>", line 488, in _call_with_frames_removed
  File "/opt/airflow/dags/dag_crawl_search_page.py", line 6, in <module>
    from job_crawler.beautifulsoup.crawl_search_page import crawl_multiple_keywords
  File "/opt/airflow/dags/job_crawler/beautifulsoup/crawl_search_page.py", line 160
    
    ^
IndentationError: expected an indented block after function definition on line 159
[2025-11-22T12:38:09.470+0000] {processor.py:927} WARNING - No viable dags retrieved from /opt/airflow/dags/dag_crawl_search_page.py
[2025-11-22T12:38:09.485+0000] {processor.py:208} INFO - Processing /opt/airflow/dags/dag_crawl_search_page.py took 0.065 seconds
[2025-11-22T12:38:39.732+0000] {processor.py:186} INFO - Started process (PID=2932) to work on /opt/airflow/dags/dag_crawl_search_page.py
[2025-11-22T12:38:39.734+0000] {processor.py:914} INFO - Processing file /opt/airflow/dags/dag_crawl_search_page.py for tasks to queue
[2025-11-22T12:38:39.736+0000] {logging_mixin.py:190} INFO - [2025-11-22T12:38:39.736+0000] {dagbag.py:588} INFO - Filling up the DagBag from /opt/airflow/dags/dag_crawl_search_page.py
[2025-11-22T12:38:39.803+0000] {logging_mixin.py:190} INFO - [2025-11-22T12:38:39.800+0000] {dagbag.py:387} ERROR - Failed to import: /opt/airflow/dags/dag_crawl_search_page.py
Traceback (most recent call last):
  File "/home/airflow/.local/lib/python3.12/site-packages/airflow/models/dagbag.py", line 383, in parse
    loader.exec_module(new_module)
  File "<frozen importlib._bootstrap_external>", line 999, in exec_module
  File "<frozen importlib._bootstrap>", line 488, in _call_with_frames_removed
  File "/opt/airflow/dags/dag_crawl_search_page.py", line 6, in <module>
    from job_crawler.beautifulsoup.crawl_search_page import crawl_multiple_keywords
  File "/opt/airflow/dags/job_crawler/beautifulsoup/crawl_search_page.py", line 160
    
    ^
IndentationError: expected an indented block after function definition on line 159
[2025-11-22T12:38:39.804+0000] {processor.py:927} WARNING - No viable dags retrieved from /opt/airflow/dags/dag_crawl_search_page.py
[2025-11-22T12:38:39.820+0000] {processor.py:208} INFO - Processing /opt/airflow/dags/dag_crawl_search_page.py took 0.095 seconds
[2025-11-22T12:39:10.117+0000] {processor.py:186} INFO - Started process (PID=2943) to work on /opt/airflow/dags/dag_crawl_search_page.py
[2025-11-22T12:39:10.118+0000] {processor.py:914} INFO - Processing file /opt/airflow/dags/dag_crawl_search_page.py for tasks to queue
[2025-11-22T12:39:10.119+0000] {logging_mixin.py:190} INFO - [2025-11-22T12:39:10.119+0000] {dagbag.py:588} INFO - Filling up the DagBag from /opt/airflow/dags/dag_crawl_search_page.py
[2025-11-22T12:39:10.160+0000] {logging_mixin.py:190} INFO - [2025-11-22T12:39:10.158+0000] {dagbag.py:387} ERROR - Failed to import: /opt/airflow/dags/dag_crawl_search_page.py
Traceback (most recent call last):
  File "/home/airflow/.local/lib/python3.12/site-packages/airflow/models/dagbag.py", line 383, in parse
    loader.exec_module(new_module)
  File "<frozen importlib._bootstrap_external>", line 999, in exec_module
  File "<frozen importlib._bootstrap>", line 488, in _call_with_frames_removed
  File "/opt/airflow/dags/dag_crawl_search_page.py", line 6, in <module>
    from job_crawler.beautifulsoup.crawl_search_page import crawl_multiple_keywords
  File "/opt/airflow/dags/job_crawler/beautifulsoup/crawl_search_page.py", line 160
    
    ^
IndentationError: expected an indented block after function definition on line 159
[2025-11-22T12:39:10.161+0000] {processor.py:927} WARNING - No viable dags retrieved from /opt/airflow/dags/dag_crawl_search_page.py
[2025-11-22T12:39:10.177+0000] {processor.py:208} INFO - Processing /opt/airflow/dags/dag_crawl_search_page.py took 0.066 seconds
[2025-11-22T12:39:40.533+0000] {processor.py:186} INFO - Started process (PID=2954) to work on /opt/airflow/dags/dag_crawl_search_page.py
[2025-11-22T12:39:40.534+0000] {processor.py:914} INFO - Processing file /opt/airflow/dags/dag_crawl_search_page.py for tasks to queue
[2025-11-22T12:39:40.536+0000] {logging_mixin.py:190} INFO - [2025-11-22T12:39:40.535+0000] {dagbag.py:588} INFO - Filling up the DagBag from /opt/airflow/dags/dag_crawl_search_page.py
[2025-11-22T12:39:40.576+0000] {logging_mixin.py:190} INFO - [2025-11-22T12:39:40.574+0000] {dagbag.py:387} ERROR - Failed to import: /opt/airflow/dags/dag_crawl_search_page.py
Traceback (most recent call last):
  File "/home/airflow/.local/lib/python3.12/site-packages/airflow/models/dagbag.py", line 383, in parse
    loader.exec_module(new_module)
  File "<frozen importlib._bootstrap_external>", line 999, in exec_module
  File "<frozen importlib._bootstrap>", line 488, in _call_with_frames_removed
  File "/opt/airflow/dags/dag_crawl_search_page.py", line 6, in <module>
    from job_crawler.beautifulsoup.crawl_search_page import crawl_multiple_keywords
  File "/opt/airflow/dags/job_crawler/beautifulsoup/crawl_search_page.py", line 160
    
    ^
IndentationError: expected an indented block after function definition on line 159
[2025-11-22T12:39:40.577+0000] {processor.py:927} WARNING - No viable dags retrieved from /opt/airflow/dags/dag_crawl_search_page.py
[2025-11-22T12:39:40.592+0000] {processor.py:208} INFO - Processing /opt/airflow/dags/dag_crawl_search_page.py took 0.064 seconds
[2025-11-22T12:40:11.290+0000] {processor.py:186} INFO - Started process (PID=2965) to work on /opt/airflow/dags/dag_crawl_search_page.py
[2025-11-22T12:40:11.291+0000] {processor.py:914} INFO - Processing file /opt/airflow/dags/dag_crawl_search_page.py for tasks to queue
[2025-11-22T12:40:11.292+0000] {logging_mixin.py:190} INFO - [2025-11-22T12:40:11.292+0000] {dagbag.py:588} INFO - Filling up the DagBag from /opt/airflow/dags/dag_crawl_search_page.py
[2025-11-22T12:40:11.329+0000] {logging_mixin.py:190} INFO - [2025-11-22T12:40:11.327+0000] {dagbag.py:387} ERROR - Failed to import: /opt/airflow/dags/dag_crawl_search_page.py
Traceback (most recent call last):
  File "/home/airflow/.local/lib/python3.12/site-packages/airflow/models/dagbag.py", line 383, in parse
    loader.exec_module(new_module)
  File "<frozen importlib._bootstrap_external>", line 999, in exec_module
  File "<frozen importlib._bootstrap>", line 488, in _call_with_frames_removed
  File "/opt/airflow/dags/dag_crawl_search_page.py", line 6, in <module>
    from job_crawler.beautifulsoup.crawl_search_page import crawl_multiple_keywords
  File "/opt/airflow/dags/job_crawler/beautifulsoup/crawl_search_page.py", line 160
    
    ^
IndentationError: expected an indented block after function definition on line 159
[2025-11-22T12:40:11.330+0000] {processor.py:927} WARNING - No viable dags retrieved from /opt/airflow/dags/dag_crawl_search_page.py
[2025-11-22T12:40:11.346+0000] {processor.py:208} INFO - Processing /opt/airflow/dags/dag_crawl_search_page.py took 0.061 seconds
[2025-11-22T12:40:41.641+0000] {processor.py:186} INFO - Started process (PID=2976) to work on /opt/airflow/dags/dag_crawl_search_page.py
[2025-11-22T12:40:41.642+0000] {processor.py:914} INFO - Processing file /opt/airflow/dags/dag_crawl_search_page.py for tasks to queue
[2025-11-22T12:40:41.643+0000] {logging_mixin.py:190} INFO - [2025-11-22T12:40:41.643+0000] {dagbag.py:588} INFO - Filling up the DagBag from /opt/airflow/dags/dag_crawl_search_page.py
[2025-11-22T12:40:41.684+0000] {logging_mixin.py:190} INFO - [2025-11-22T12:40:41.681+0000] {dagbag.py:387} ERROR - Failed to import: /opt/airflow/dags/dag_crawl_search_page.py
Traceback (most recent call last):
  File "/home/airflow/.local/lib/python3.12/site-packages/airflow/models/dagbag.py", line 383, in parse
    loader.exec_module(new_module)
  File "<frozen importlib._bootstrap_external>", line 999, in exec_module
  File "<frozen importlib._bootstrap>", line 488, in _call_with_frames_removed
  File "/opt/airflow/dags/dag_crawl_search_page.py", line 6, in <module>
    from job_crawler.beautifulsoup.crawl_search_page import crawl_multiple_keywords
  File "/opt/airflow/dags/job_crawler/beautifulsoup/crawl_search_page.py", line 160
    
    ^
IndentationError: expected an indented block after function definition on line 159
[2025-11-22T12:40:41.685+0000] {processor.py:927} WARNING - No viable dags retrieved from /opt/airflow/dags/dag_crawl_search_page.py
[2025-11-22T12:40:41.701+0000] {processor.py:208} INFO - Processing /opt/airflow/dags/dag_crawl_search_page.py took 0.065 seconds
[2025-11-22T12:41:12.031+0000] {processor.py:186} INFO - Started process (PID=2988) to work on /opt/airflow/dags/dag_crawl_search_page.py
[2025-11-22T12:41:12.032+0000] {processor.py:914} INFO - Processing file /opt/airflow/dags/dag_crawl_search_page.py for tasks to queue
[2025-11-22T12:41:12.034+0000] {logging_mixin.py:190} INFO - [2025-11-22T12:41:12.033+0000] {dagbag.py:588} INFO - Filling up the DagBag from /opt/airflow/dags/dag_crawl_search_page.py
[2025-11-22T12:41:12.075+0000] {logging_mixin.py:190} INFO - [2025-11-22T12:41:12.072+0000] {dagbag.py:387} ERROR - Failed to import: /opt/airflow/dags/dag_crawl_search_page.py
Traceback (most recent call last):
  File "/home/airflow/.local/lib/python3.12/site-packages/airflow/models/dagbag.py", line 383, in parse
    loader.exec_module(new_module)
  File "<frozen importlib._bootstrap_external>", line 999, in exec_module
  File "<frozen importlib._bootstrap>", line 488, in _call_with_frames_removed
  File "/opt/airflow/dags/dag_crawl_search_page.py", line 6, in <module>
    from job_crawler.beautifulsoup.crawl_search_page import crawl_multiple_keywords
  File "/opt/airflow/dags/job_crawler/beautifulsoup/crawl_search_page.py", line 160
    
    ^
IndentationError: expected an indented block after function definition on line 159
[2025-11-22T12:41:12.076+0000] {processor.py:927} WARNING - No viable dags retrieved from /opt/airflow/dags/dag_crawl_search_page.py
[2025-11-22T12:41:12.092+0000] {processor.py:208} INFO - Processing /opt/airflow/dags/dag_crawl_search_page.py took 0.066 seconds
[2025-11-22T12:41:42.433+0000] {processor.py:186} INFO - Started process (PID=2999) to work on /opt/airflow/dags/dag_crawl_search_page.py
[2025-11-22T12:41:42.435+0000] {processor.py:914} INFO - Processing file /opt/airflow/dags/dag_crawl_search_page.py for tasks to queue
[2025-11-22T12:41:42.436+0000] {logging_mixin.py:190} INFO - [2025-11-22T12:41:42.436+0000] {dagbag.py:588} INFO - Filling up the DagBag from /opt/airflow/dags/dag_crawl_search_page.py
[2025-11-22T12:41:42.477+0000] {logging_mixin.py:190} INFO - [2025-11-22T12:41:42.475+0000] {dagbag.py:387} ERROR - Failed to import: /opt/airflow/dags/dag_crawl_search_page.py
Traceback (most recent call last):
  File "/home/airflow/.local/lib/python3.12/site-packages/airflow/models/dagbag.py", line 383, in parse
    loader.exec_module(new_module)
  File "<frozen importlib._bootstrap_external>", line 999, in exec_module
  File "<frozen importlib._bootstrap>", line 488, in _call_with_frames_removed
  File "/opt/airflow/dags/dag_crawl_search_page.py", line 6, in <module>
    from job_crawler.beautifulsoup.crawl_search_page import crawl_multiple_keywords
  File "/opt/airflow/dags/job_crawler/beautifulsoup/crawl_search_page.py", line 160
    
    ^
IndentationError: expected an indented block after function definition on line 159
[2025-11-22T12:41:42.478+0000] {processor.py:927} WARNING - No viable dags retrieved from /opt/airflow/dags/dag_crawl_search_page.py
[2025-11-22T12:41:42.494+0000] {processor.py:208} INFO - Processing /opt/airflow/dags/dag_crawl_search_page.py took 0.066 seconds
[2025-11-22T12:42:12.840+0000] {processor.py:186} INFO - Started process (PID=3010) to work on /opt/airflow/dags/dag_crawl_search_page.py
[2025-11-22T12:42:12.841+0000] {processor.py:914} INFO - Processing file /opt/airflow/dags/dag_crawl_search_page.py for tasks to queue
[2025-11-22T12:42:12.842+0000] {logging_mixin.py:190} INFO - [2025-11-22T12:42:12.842+0000] {dagbag.py:588} INFO - Filling up the DagBag from /opt/airflow/dags/dag_crawl_search_page.py
[2025-11-22T12:42:12.883+0000] {logging_mixin.py:190} INFO - [2025-11-22T12:42:12.880+0000] {dagbag.py:387} ERROR - Failed to import: /opt/airflow/dags/dag_crawl_search_page.py
Traceback (most recent call last):
  File "/home/airflow/.local/lib/python3.12/site-packages/airflow/models/dagbag.py", line 383, in parse
    loader.exec_module(new_module)
  File "<frozen importlib._bootstrap_external>", line 999, in exec_module
  File "<frozen importlib._bootstrap>", line 488, in _call_with_frames_removed
  File "/opt/airflow/dags/dag_crawl_search_page.py", line 6, in <module>
    from job_crawler.beautifulsoup.crawl_search_page import crawl_multiple_keywords
  File "/opt/airflow/dags/job_crawler/beautifulsoup/crawl_search_page.py", line 160
    
    ^
IndentationError: expected an indented block after function definition on line 159
[2025-11-22T12:42:12.884+0000] {processor.py:927} WARNING - No viable dags retrieved from /opt/airflow/dags/dag_crawl_search_page.py
[2025-11-22T12:42:12.906+0000] {processor.py:208} INFO - Processing /opt/airflow/dags/dag_crawl_search_page.py took 0.072 seconds
[2025-11-22T12:42:43.224+0000] {processor.py:186} INFO - Started process (PID=3021) to work on /opt/airflow/dags/dag_crawl_search_page.py
[2025-11-22T12:42:43.225+0000] {processor.py:914} INFO - Processing file /opt/airflow/dags/dag_crawl_search_page.py for tasks to queue
[2025-11-22T12:42:43.226+0000] {logging_mixin.py:190} INFO - [2025-11-22T12:42:43.226+0000] {dagbag.py:588} INFO - Filling up the DagBag from /opt/airflow/dags/dag_crawl_search_page.py
[2025-11-22T12:42:43.267+0000] {logging_mixin.py:190} INFO - [2025-11-22T12:42:43.265+0000] {dagbag.py:387} ERROR - Failed to import: /opt/airflow/dags/dag_crawl_search_page.py
Traceback (most recent call last):
  File "/home/airflow/.local/lib/python3.12/site-packages/airflow/models/dagbag.py", line 383, in parse
    loader.exec_module(new_module)
  File "<frozen importlib._bootstrap_external>", line 999, in exec_module
  File "<frozen importlib._bootstrap>", line 488, in _call_with_frames_removed
  File "/opt/airflow/dags/dag_crawl_search_page.py", line 6, in <module>
    from job_crawler.beautifulsoup.crawl_search_page import crawl_multiple_keywords
  File "/opt/airflow/dags/job_crawler/beautifulsoup/crawl_search_page.py", line 160
    
    ^
IndentationError: expected an indented block after function definition on line 159
[2025-11-22T12:42:43.269+0000] {processor.py:927} WARNING - No viable dags retrieved from /opt/airflow/dags/dag_crawl_search_page.py
[2025-11-22T12:42:43.285+0000] {processor.py:208} INFO - Processing /opt/airflow/dags/dag_crawl_search_page.py took 0.067 seconds
[2025-11-22T12:43:13.671+0000] {processor.py:186} INFO - Started process (PID=3032) to work on /opt/airflow/dags/dag_crawl_search_page.py
[2025-11-22T12:43:13.672+0000] {processor.py:914} INFO - Processing file /opt/airflow/dags/dag_crawl_search_page.py for tasks to queue
[2025-11-22T12:43:13.674+0000] {logging_mixin.py:190} INFO - [2025-11-22T12:43:13.673+0000] {dagbag.py:588} INFO - Filling up the DagBag from /opt/airflow/dags/dag_crawl_search_page.py
[2025-11-22T12:43:13.717+0000] {logging_mixin.py:190} INFO - [2025-11-22T12:43:13.714+0000] {dagbag.py:387} ERROR - Failed to import: /opt/airflow/dags/dag_crawl_search_page.py
Traceback (most recent call last):
  File "/home/airflow/.local/lib/python3.12/site-packages/airflow/models/dagbag.py", line 383, in parse
    loader.exec_module(new_module)
  File "<frozen importlib._bootstrap_external>", line 999, in exec_module
  File "<frozen importlib._bootstrap>", line 488, in _call_with_frames_removed
  File "/opt/airflow/dags/dag_crawl_search_page.py", line 6, in <module>
    from job_crawler.beautifulsoup.crawl_search_page import crawl_multiple_keywords
  File "/opt/airflow/dags/job_crawler/beautifulsoup/crawl_search_page.py", line 160
    
    ^
IndentationError: expected an indented block after function definition on line 159
[2025-11-22T12:43:13.718+0000] {processor.py:927} WARNING - No viable dags retrieved from /opt/airflow/dags/dag_crawl_search_page.py
[2025-11-22T12:43:13.733+0000] {processor.py:208} INFO - Processing /opt/airflow/dags/dag_crawl_search_page.py took 0.066 seconds
[2025-11-22T12:43:44.063+0000] {processor.py:186} INFO - Started process (PID=3043) to work on /opt/airflow/dags/dag_crawl_search_page.py
[2025-11-22T12:43:44.064+0000] {processor.py:914} INFO - Processing file /opt/airflow/dags/dag_crawl_search_page.py for tasks to queue
[2025-11-22T12:43:44.066+0000] {logging_mixin.py:190} INFO - [2025-11-22T12:43:44.066+0000] {dagbag.py:588} INFO - Filling up the DagBag from /opt/airflow/dags/dag_crawl_search_page.py
[2025-11-22T12:43:44.123+0000] {logging_mixin.py:190} INFO - [2025-11-22T12:43:44.120+0000] {dagbag.py:387} ERROR - Failed to import: /opt/airflow/dags/dag_crawl_search_page.py
Traceback (most recent call last):
  File "/home/airflow/.local/lib/python3.12/site-packages/airflow/models/dagbag.py", line 383, in parse
    loader.exec_module(new_module)
  File "<frozen importlib._bootstrap_external>", line 999, in exec_module
  File "<frozen importlib._bootstrap>", line 488, in _call_with_frames_removed
  File "/opt/airflow/dags/dag_crawl_search_page.py", line 6, in <module>
    from job_crawler.beautifulsoup.crawl_search_page import crawl_multiple_keywords
  File "/opt/airflow/dags/job_crawler/beautifulsoup/crawl_search_page.py", line 160
    
    ^
IndentationError: expected an indented block after function definition on line 159
[2025-11-22T12:43:44.124+0000] {processor.py:927} WARNING - No viable dags retrieved from /opt/airflow/dags/dag_crawl_search_page.py
[2025-11-22T12:43:44.140+0000] {processor.py:208} INFO - Processing /opt/airflow/dags/dag_crawl_search_page.py took 0.084 seconds
[2025-11-22T12:44:14.514+0000] {processor.py:186} INFO - Started process (PID=3054) to work on /opt/airflow/dags/dag_crawl_search_page.py
[2025-11-22T12:44:14.515+0000] {processor.py:914} INFO - Processing file /opt/airflow/dags/dag_crawl_search_page.py for tasks to queue
[2025-11-22T12:44:14.516+0000] {logging_mixin.py:190} INFO - [2025-11-22T12:44:14.516+0000] {dagbag.py:588} INFO - Filling up the DagBag from /opt/airflow/dags/dag_crawl_search_page.py
[2025-11-22T12:44:14.556+0000] {logging_mixin.py:190} INFO - [2025-11-22T12:44:14.553+0000] {dagbag.py:387} ERROR - Failed to import: /opt/airflow/dags/dag_crawl_search_page.py
Traceback (most recent call last):
  File "/home/airflow/.local/lib/python3.12/site-packages/airflow/models/dagbag.py", line 383, in parse
    loader.exec_module(new_module)
  File "<frozen importlib._bootstrap_external>", line 999, in exec_module
  File "<frozen importlib._bootstrap>", line 488, in _call_with_frames_removed
  File "/opt/airflow/dags/dag_crawl_search_page.py", line 6, in <module>
    from job_crawler.beautifulsoup.crawl_search_page import crawl_multiple_keywords
  File "/opt/airflow/dags/job_crawler/beautifulsoup/crawl_search_page.py", line 160
    
    ^
IndentationError: expected an indented block after function definition on line 159
[2025-11-22T12:44:14.558+0000] {processor.py:927} WARNING - No viable dags retrieved from /opt/airflow/dags/dag_crawl_search_page.py
[2025-11-22T12:44:14.573+0000] {processor.py:208} INFO - Processing /opt/airflow/dags/dag_crawl_search_page.py took 0.065 seconds
[2025-11-22T12:44:44.855+0000] {processor.py:186} INFO - Started process (PID=3065) to work on /opt/airflow/dags/dag_crawl_search_page.py
[2025-11-22T12:44:44.856+0000] {processor.py:914} INFO - Processing file /opt/airflow/dags/dag_crawl_search_page.py for tasks to queue
[2025-11-22T12:44:44.857+0000] {logging_mixin.py:190} INFO - [2025-11-22T12:44:44.857+0000] {dagbag.py:588} INFO - Filling up the DagBag from /opt/airflow/dags/dag_crawl_search_page.py
[2025-11-22T12:44:44.900+0000] {logging_mixin.py:190} INFO - [2025-11-22T12:44:44.897+0000] {dagbag.py:387} ERROR - Failed to import: /opt/airflow/dags/dag_crawl_search_page.py
Traceback (most recent call last):
  File "/home/airflow/.local/lib/python3.12/site-packages/airflow/models/dagbag.py", line 383, in parse
    loader.exec_module(new_module)
  File "<frozen importlib._bootstrap_external>", line 999, in exec_module
  File "<frozen importlib._bootstrap>", line 488, in _call_with_frames_removed
  File "/opt/airflow/dags/dag_crawl_search_page.py", line 6, in <module>
    from job_crawler.beautifulsoup.crawl_search_page import crawl_multiple_keywords
  File "/opt/airflow/dags/job_crawler/beautifulsoup/crawl_search_page.py", line 160
    
    ^
IndentationError: expected an indented block after function definition on line 159
[2025-11-22T12:44:44.901+0000] {processor.py:927} WARNING - No viable dags retrieved from /opt/airflow/dags/dag_crawl_search_page.py
[2025-11-22T12:44:44.916+0000] {processor.py:208} INFO - Processing /opt/airflow/dags/dag_crawl_search_page.py took 0.067 seconds
[2025-11-22T12:45:15.514+0000] {processor.py:186} INFO - Started process (PID=3076) to work on /opt/airflow/dags/dag_crawl_search_page.py
[2025-11-22T12:45:15.515+0000] {processor.py:914} INFO - Processing file /opt/airflow/dags/dag_crawl_search_page.py for tasks to queue
[2025-11-22T12:45:15.516+0000] {logging_mixin.py:190} INFO - [2025-11-22T12:45:15.516+0000] {dagbag.py:588} INFO - Filling up the DagBag from /opt/airflow/dags/dag_crawl_search_page.py
[2025-11-22T12:45:15.553+0000] {logging_mixin.py:190} INFO - [2025-11-22T12:45:15.551+0000] {dagbag.py:387} ERROR - Failed to import: /opt/airflow/dags/dag_crawl_search_page.py
Traceback (most recent call last):
  File "/home/airflow/.local/lib/python3.12/site-packages/airflow/models/dagbag.py", line 383, in parse
    loader.exec_module(new_module)
  File "<frozen importlib._bootstrap_external>", line 999, in exec_module
  File "<frozen importlib._bootstrap>", line 488, in _call_with_frames_removed
  File "/opt/airflow/dags/dag_crawl_search_page.py", line 6, in <module>
    from job_crawler.beautifulsoup.crawl_search_page import crawl_multiple_keywords
  File "/opt/airflow/dags/job_crawler/beautifulsoup/crawl_search_page.py", line 160
    
    ^
IndentationError: expected an indented block after function definition on line 159
[2025-11-22T12:45:15.554+0000] {processor.py:927} WARNING - No viable dags retrieved from /opt/airflow/dags/dag_crawl_search_page.py
[2025-11-22T12:45:15.569+0000] {processor.py:208} INFO - Processing /opt/airflow/dags/dag_crawl_search_page.py took 0.061 seconds
[2025-11-22T12:45:45.881+0000] {processor.py:186} INFO - Started process (PID=3087) to work on /opt/airflow/dags/dag_crawl_search_page.py
[2025-11-22T12:45:45.882+0000] {processor.py:914} INFO - Processing file /opt/airflow/dags/dag_crawl_search_page.py for tasks to queue
[2025-11-22T12:45:45.884+0000] {logging_mixin.py:190} INFO - [2025-11-22T12:45:45.883+0000] {dagbag.py:588} INFO - Filling up the DagBag from /opt/airflow/dags/dag_crawl_search_page.py
[2025-11-22T12:45:45.932+0000] {logging_mixin.py:190} INFO - [2025-11-22T12:45:45.929+0000] {dagbag.py:387} ERROR - Failed to import: /opt/airflow/dags/dag_crawl_search_page.py
Traceback (most recent call last):
  File "/home/airflow/.local/lib/python3.12/site-packages/airflow/models/dagbag.py", line 383, in parse
    loader.exec_module(new_module)
  File "<frozen importlib._bootstrap_external>", line 999, in exec_module
  File "<frozen importlib._bootstrap>", line 488, in _call_with_frames_removed
  File "/opt/airflow/dags/dag_crawl_search_page.py", line 6, in <module>
    from job_crawler.beautifulsoup.crawl_search_page import crawl_multiple_keywords
  File "/opt/airflow/dags/job_crawler/beautifulsoup/crawl_search_page.py", line 160
    
    ^
IndentationError: expected an indented block after function definition on line 159
[2025-11-22T12:45:45.933+0000] {processor.py:927} WARNING - No viable dags retrieved from /opt/airflow/dags/dag_crawl_search_page.py
[2025-11-22T12:45:45.948+0000] {processor.py:208} INFO - Processing /opt/airflow/dags/dag_crawl_search_page.py took 0.073 seconds
[2025-11-22T12:46:16.362+0000] {processor.py:186} INFO - Started process (PID=3098) to work on /opt/airflow/dags/dag_crawl_search_page.py
[2025-11-22T12:46:16.363+0000] {processor.py:914} INFO - Processing file /opt/airflow/dags/dag_crawl_search_page.py for tasks to queue
[2025-11-22T12:46:16.364+0000] {logging_mixin.py:190} INFO - [2025-11-22T12:46:16.364+0000] {dagbag.py:588} INFO - Filling up the DagBag from /opt/airflow/dags/dag_crawl_search_page.py
[2025-11-22T12:46:16.410+0000] {logging_mixin.py:190} INFO - [2025-11-22T12:46:16.407+0000] {dagbag.py:387} ERROR - Failed to import: /opt/airflow/dags/dag_crawl_search_page.py
Traceback (most recent call last):
  File "/home/airflow/.local/lib/python3.12/site-packages/airflow/models/dagbag.py", line 383, in parse
    loader.exec_module(new_module)
  File "<frozen importlib._bootstrap_external>", line 999, in exec_module
  File "<frozen importlib._bootstrap>", line 488, in _call_with_frames_removed
  File "/opt/airflow/dags/dag_crawl_search_page.py", line 6, in <module>
    from job_crawler.beautifulsoup.crawl_search_page import crawl_multiple_keywords
  File "/opt/airflow/dags/job_crawler/beautifulsoup/crawl_search_page.py", line 160
    
    ^
IndentationError: expected an indented block after function definition on line 159
[2025-11-22T12:46:16.411+0000] {processor.py:927} WARNING - No viable dags retrieved from /opt/airflow/dags/dag_crawl_search_page.py
[2025-11-22T12:46:16.426+0000] {processor.py:208} INFO - Processing /opt/airflow/dags/dag_crawl_search_page.py took 0.070 seconds
[2025-11-22T12:46:46.787+0000] {processor.py:186} INFO - Started process (PID=3109) to work on /opt/airflow/dags/dag_crawl_search_page.py
[2025-11-22T12:46:46.788+0000] {processor.py:914} INFO - Processing file /opt/airflow/dags/dag_crawl_search_page.py for tasks to queue
[2025-11-22T12:46:46.790+0000] {logging_mixin.py:190} INFO - [2025-11-22T12:46:46.789+0000] {dagbag.py:588} INFO - Filling up the DagBag from /opt/airflow/dags/dag_crawl_search_page.py
[2025-11-22T12:46:46.834+0000] {logging_mixin.py:190} INFO - [2025-11-22T12:46:46.831+0000] {dagbag.py:387} ERROR - Failed to import: /opt/airflow/dags/dag_crawl_search_page.py
Traceback (most recent call last):
  File "/home/airflow/.local/lib/python3.12/site-packages/airflow/models/dagbag.py", line 383, in parse
    loader.exec_module(new_module)
  File "<frozen importlib._bootstrap_external>", line 999, in exec_module
  File "<frozen importlib._bootstrap>", line 488, in _call_with_frames_removed
  File "/opt/airflow/dags/dag_crawl_search_page.py", line 6, in <module>
    from job_crawler.beautifulsoup.crawl_search_page import crawl_multiple_keywords
  File "/opt/airflow/dags/job_crawler/beautifulsoup/crawl_search_page.py", line 160
    
    ^
IndentationError: expected an indented block after function definition on line 159
[2025-11-22T12:46:46.835+0000] {processor.py:927} WARNING - No viable dags retrieved from /opt/airflow/dags/dag_crawl_search_page.py
[2025-11-22T12:46:46.849+0000] {processor.py:208} INFO - Processing /opt/airflow/dags/dag_crawl_search_page.py took 0.068 seconds
[2025-11-22T12:47:17.202+0000] {processor.py:186} INFO - Started process (PID=3120) to work on /opt/airflow/dags/dag_crawl_search_page.py
[2025-11-22T12:47:17.203+0000] {processor.py:914} INFO - Processing file /opt/airflow/dags/dag_crawl_search_page.py for tasks to queue
[2025-11-22T12:47:17.205+0000] {logging_mixin.py:190} INFO - [2025-11-22T12:47:17.205+0000] {dagbag.py:588} INFO - Filling up the DagBag from /opt/airflow/dags/dag_crawl_search_page.py
[2025-11-22T12:47:17.246+0000] {logging_mixin.py:190} INFO - [2025-11-22T12:47:17.243+0000] {dagbag.py:387} ERROR - Failed to import: /opt/airflow/dags/dag_crawl_search_page.py
Traceback (most recent call last):
  File "/home/airflow/.local/lib/python3.12/site-packages/airflow/models/dagbag.py", line 383, in parse
    loader.exec_module(new_module)
  File "<frozen importlib._bootstrap_external>", line 999, in exec_module
  File "<frozen importlib._bootstrap>", line 488, in _call_with_frames_removed
  File "/opt/airflow/dags/dag_crawl_search_page.py", line 6, in <module>
    from job_crawler.beautifulsoup.crawl_search_page import crawl_multiple_keywords
  File "/opt/airflow/dags/job_crawler/beautifulsoup/crawl_search_page.py", line 160
    
    ^
IndentationError: expected an indented block after function definition on line 159
[2025-11-22T12:47:17.247+0000] {processor.py:927} WARNING - No viable dags retrieved from /opt/airflow/dags/dag_crawl_search_page.py
[2025-11-22T12:47:17.276+0000] {processor.py:208} INFO - Processing /opt/airflow/dags/dag_crawl_search_page.py took 0.080 seconds
[2025-11-22T12:47:47.602+0000] {processor.py:186} INFO - Started process (PID=3131) to work on /opt/airflow/dags/dag_crawl_search_page.py
[2025-11-22T12:47:47.604+0000] {processor.py:914} INFO - Processing file /opt/airflow/dags/dag_crawl_search_page.py for tasks to queue
[2025-11-22T12:47:47.605+0000] {logging_mixin.py:190} INFO - [2025-11-22T12:47:47.605+0000] {dagbag.py:588} INFO - Filling up the DagBag from /opt/airflow/dags/dag_crawl_search_page.py
[2025-11-22T12:47:47.649+0000] {logging_mixin.py:190} INFO - [2025-11-22T12:47:47.645+0000] {dagbag.py:387} ERROR - Failed to import: /opt/airflow/dags/dag_crawl_search_page.py
Traceback (most recent call last):
  File "/home/airflow/.local/lib/python3.12/site-packages/airflow/models/dagbag.py", line 383, in parse
    loader.exec_module(new_module)
  File "<frozen importlib._bootstrap_external>", line 999, in exec_module
  File "<frozen importlib._bootstrap>", line 488, in _call_with_frames_removed
  File "/opt/airflow/dags/dag_crawl_search_page.py", line 6, in <module>
    from job_crawler.beautifulsoup.crawl_search_page import crawl_multiple_keywords
  File "/opt/airflow/dags/job_crawler/beautifulsoup/crawl_search_page.py", line 160
    
    ^
IndentationError: expected an indented block after function definition on line 159
[2025-11-22T12:47:47.650+0000] {processor.py:927} WARNING - No viable dags retrieved from /opt/airflow/dags/dag_crawl_search_page.py
[2025-11-22T12:47:47.665+0000] {processor.py:208} INFO - Processing /opt/airflow/dags/dag_crawl_search_page.py took 0.069 seconds
[2025-11-22T12:48:18.071+0000] {processor.py:186} INFO - Started process (PID=3142) to work on /opt/airflow/dags/dag_crawl_search_page.py
[2025-11-22T12:48:18.072+0000] {processor.py:914} INFO - Processing file /opt/airflow/dags/dag_crawl_search_page.py for tasks to queue
[2025-11-22T12:48:18.073+0000] {logging_mixin.py:190} INFO - [2025-11-22T12:48:18.072+0000] {dagbag.py:588} INFO - Filling up the DagBag from /opt/airflow/dags/dag_crawl_search_page.py
[2025-11-22T12:48:18.111+0000] {logging_mixin.py:190} INFO - [2025-11-22T12:48:18.108+0000] {dagbag.py:387} ERROR - Failed to import: /opt/airflow/dags/dag_crawl_search_page.py
Traceback (most recent call last):
  File "/home/airflow/.local/lib/python3.12/site-packages/airflow/models/dagbag.py", line 383, in parse
    loader.exec_module(new_module)
  File "<frozen importlib._bootstrap_external>", line 999, in exec_module
  File "<frozen importlib._bootstrap>", line 488, in _call_with_frames_removed
  File "/opt/airflow/dags/dag_crawl_search_page.py", line 6, in <module>
    from job_crawler.beautifulsoup.crawl_search_page import crawl_multiple_keywords
  File "/opt/airflow/dags/job_crawler/beautifulsoup/crawl_search_page.py", line 160
    
    ^
IndentationError: expected an indented block after function definition on line 159
[2025-11-22T12:48:18.112+0000] {processor.py:927} WARNING - No viable dags retrieved from /opt/airflow/dags/dag_crawl_search_page.py
[2025-11-22T12:48:18.127+0000] {processor.py:208} INFO - Processing /opt/airflow/dags/dag_crawl_search_page.py took 0.061 seconds
[2025-11-22T12:48:48.512+0000] {processor.py:186} INFO - Started process (PID=3153) to work on /opt/airflow/dags/dag_crawl_search_page.py
[2025-11-22T12:48:48.513+0000] {processor.py:914} INFO - Processing file /opt/airflow/dags/dag_crawl_search_page.py for tasks to queue
[2025-11-22T12:48:48.514+0000] {logging_mixin.py:190} INFO - [2025-11-22T12:48:48.514+0000] {dagbag.py:588} INFO - Filling up the DagBag from /opt/airflow/dags/dag_crawl_search_page.py
[2025-11-22T12:48:48.556+0000] {logging_mixin.py:190} INFO - [2025-11-22T12:48:48.553+0000] {dagbag.py:387} ERROR - Failed to import: /opt/airflow/dags/dag_crawl_search_page.py
Traceback (most recent call last):
  File "/home/airflow/.local/lib/python3.12/site-packages/airflow/models/dagbag.py", line 383, in parse
    loader.exec_module(new_module)
  File "<frozen importlib._bootstrap_external>", line 999, in exec_module
  File "<frozen importlib._bootstrap>", line 488, in _call_with_frames_removed
  File "/opt/airflow/dags/dag_crawl_search_page.py", line 6, in <module>
    from job_crawler.beautifulsoup.crawl_search_page import crawl_multiple_keywords
  File "/opt/airflow/dags/job_crawler/beautifulsoup/crawl_search_page.py", line 160
    
    ^
IndentationError: expected an indented block after function definition on line 159
[2025-11-22T12:48:48.557+0000] {processor.py:927} WARNING - No viable dags retrieved from /opt/airflow/dags/dag_crawl_search_page.py
[2025-11-22T12:48:48.579+0000] {processor.py:208} INFO - Processing /opt/airflow/dags/dag_crawl_search_page.py took 0.072 seconds
[2025-11-22T12:49:18.920+0000] {processor.py:186} INFO - Started process (PID=3164) to work on /opt/airflow/dags/dag_crawl_search_page.py
[2025-11-22T12:49:18.921+0000] {processor.py:914} INFO - Processing file /opt/airflow/dags/dag_crawl_search_page.py for tasks to queue
[2025-11-22T12:49:18.922+0000] {logging_mixin.py:190} INFO - [2025-11-22T12:49:18.922+0000] {dagbag.py:588} INFO - Filling up the DagBag from /opt/airflow/dags/dag_crawl_search_page.py
[2025-11-22T12:49:18.965+0000] {logging_mixin.py:190} INFO - [2025-11-22T12:49:18.963+0000] {dagbag.py:387} ERROR - Failed to import: /opt/airflow/dags/dag_crawl_search_page.py
Traceback (most recent call last):
  File "/home/airflow/.local/lib/python3.12/site-packages/airflow/models/dagbag.py", line 383, in parse
    loader.exec_module(new_module)
  File "<frozen importlib._bootstrap_external>", line 999, in exec_module
  File "<frozen importlib._bootstrap>", line 488, in _call_with_frames_removed
  File "/opt/airflow/dags/dag_crawl_search_page.py", line 6, in <module>
    from job_crawler.beautifulsoup.crawl_search_page import crawl_multiple_keywords
  File "/opt/airflow/dags/job_crawler/beautifulsoup/crawl_search_page.py", line 160
    
    ^
IndentationError: expected an indented block after function definition on line 159
[2025-11-22T12:49:18.966+0000] {processor.py:927} WARNING - No viable dags retrieved from /opt/airflow/dags/dag_crawl_search_page.py
[2025-11-22T12:49:18.983+0000] {processor.py:208} INFO - Processing /opt/airflow/dags/dag_crawl_search_page.py took 0.069 seconds
[2025-11-22T12:49:49.604+0000] {processor.py:186} INFO - Started process (PID=3175) to work on /opt/airflow/dags/dag_crawl_search_page.py
[2025-11-22T12:49:49.605+0000] {processor.py:914} INFO - Processing file /opt/airflow/dags/dag_crawl_search_page.py for tasks to queue
[2025-11-22T12:49:49.606+0000] {logging_mixin.py:190} INFO - [2025-11-22T12:49:49.606+0000] {dagbag.py:588} INFO - Filling up the DagBag from /opt/airflow/dags/dag_crawl_search_page.py
[2025-11-22T12:49:49.651+0000] {logging_mixin.py:190} INFO - [2025-11-22T12:49:49.647+0000] {dagbag.py:387} ERROR - Failed to import: /opt/airflow/dags/dag_crawl_search_page.py
Traceback (most recent call last):
  File "/home/airflow/.local/lib/python3.12/site-packages/airflow/models/dagbag.py", line 383, in parse
    loader.exec_module(new_module)
  File "<frozen importlib._bootstrap_external>", line 999, in exec_module
  File "<frozen importlib._bootstrap>", line 488, in _call_with_frames_removed
  File "/opt/airflow/dags/dag_crawl_search_page.py", line 6, in <module>
    from job_crawler.beautifulsoup.crawl_search_page import crawl_multiple_keywords
  File "/opt/airflow/dags/job_crawler/beautifulsoup/crawl_search_page.py", line 160
    
    ^
IndentationError: expected an indented block after function definition on line 159
[2025-11-22T12:49:49.652+0000] {processor.py:927} WARNING - No viable dags retrieved from /opt/airflow/dags/dag_crawl_search_page.py
[2025-11-22T12:49:49.669+0000] {processor.py:208} INFO - Processing /opt/airflow/dags/dag_crawl_search_page.py took 0.071 seconds
[2025-11-22T12:50:19.944+0000] {processor.py:186} INFO - Started process (PID=3186) to work on /opt/airflow/dags/dag_crawl_search_page.py
[2025-11-22T12:50:19.946+0000] {processor.py:914} INFO - Processing file /opt/airflow/dags/dag_crawl_search_page.py for tasks to queue
[2025-11-22T12:50:19.947+0000] {logging_mixin.py:190} INFO - [2025-11-22T12:50:19.947+0000] {dagbag.py:588} INFO - Filling up the DagBag from /opt/airflow/dags/dag_crawl_search_page.py
[2025-11-22T12:50:19.995+0000] {logging_mixin.py:190} INFO - [2025-11-22T12:50:19.992+0000] {dagbag.py:387} ERROR - Failed to import: /opt/airflow/dags/dag_crawl_search_page.py
Traceback (most recent call last):
  File "/home/airflow/.local/lib/python3.12/site-packages/airflow/models/dagbag.py", line 383, in parse
    loader.exec_module(new_module)
  File "<frozen importlib._bootstrap_external>", line 999, in exec_module
  File "<frozen importlib._bootstrap>", line 488, in _call_with_frames_removed
  File "/opt/airflow/dags/dag_crawl_search_page.py", line 6, in <module>
    from job_crawler.beautifulsoup.crawl_search_page import crawl_multiple_keywords
  File "/opt/airflow/dags/job_crawler/beautifulsoup/crawl_search_page.py", line 160
    
    ^
IndentationError: expected an indented block after function definition on line 159
[2025-11-22T12:50:19.996+0000] {processor.py:927} WARNING - No viable dags retrieved from /opt/airflow/dags/dag_crawl_search_page.py
[2025-11-22T12:50:20.014+0000] {processor.py:208} INFO - Processing /opt/airflow/dags/dag_crawl_search_page.py took 0.076 seconds
[2025-11-22T12:50:50.264+0000] {processor.py:186} INFO - Started process (PID=3197) to work on /opt/airflow/dags/dag_crawl_search_page.py
[2025-11-22T12:50:50.265+0000] {processor.py:914} INFO - Processing file /opt/airflow/dags/dag_crawl_search_page.py for tasks to queue
[2025-11-22T12:50:50.267+0000] {logging_mixin.py:190} INFO - [2025-11-22T12:50:50.266+0000] {dagbag.py:588} INFO - Filling up the DagBag from /opt/airflow/dags/dag_crawl_search_page.py
[2025-11-22T12:50:50.317+0000] {logging_mixin.py:190} INFO - [2025-11-22T12:50:50.311+0000] {dagbag.py:387} ERROR - Failed to import: /opt/airflow/dags/dag_crawl_search_page.py
Traceback (most recent call last):
  File "/home/airflow/.local/lib/python3.12/site-packages/airflow/models/dagbag.py", line 383, in parse
    loader.exec_module(new_module)
  File "<frozen importlib._bootstrap_external>", line 999, in exec_module
  File "<frozen importlib._bootstrap>", line 488, in _call_with_frames_removed
  File "/opt/airflow/dags/dag_crawl_search_page.py", line 6, in <module>
    from job_crawler.beautifulsoup.crawl_search_page import crawl_multiple_keywords
  File "/opt/airflow/dags/job_crawler/beautifulsoup/crawl_search_page.py", line 160
    
    ^
IndentationError: expected an indented block after function definition on line 159
[2025-11-22T12:50:50.321+0000] {processor.py:927} WARNING - No viable dags retrieved from /opt/airflow/dags/dag_crawl_search_page.py
[2025-11-22T12:50:50.353+0000] {processor.py:208} INFO - Processing /opt/airflow/dags/dag_crawl_search_page.py took 0.095 seconds
[2025-11-22T12:51:20.611+0000] {processor.py:186} INFO - Started process (PID=3208) to work on /opt/airflow/dags/dag_crawl_search_page.py
[2025-11-22T12:51:20.612+0000] {processor.py:914} INFO - Processing file /opt/airflow/dags/dag_crawl_search_page.py for tasks to queue
[2025-11-22T12:51:20.614+0000] {logging_mixin.py:190} INFO - [2025-11-22T12:51:20.614+0000] {dagbag.py:588} INFO - Filling up the DagBag from /opt/airflow/dags/dag_crawl_search_page.py
[2025-11-22T12:51:20.659+0000] {logging_mixin.py:190} INFO - [2025-11-22T12:51:20.656+0000] {dagbag.py:387} ERROR - Failed to import: /opt/airflow/dags/dag_crawl_search_page.py
Traceback (most recent call last):
  File "/home/airflow/.local/lib/python3.12/site-packages/airflow/models/dagbag.py", line 383, in parse
    loader.exec_module(new_module)
  File "<frozen importlib._bootstrap_external>", line 999, in exec_module
  File "<frozen importlib._bootstrap>", line 488, in _call_with_frames_removed
  File "/opt/airflow/dags/dag_crawl_search_page.py", line 6, in <module>
    from job_crawler.beautifulsoup.crawl_search_page import crawl_multiple_keywords
  File "/opt/airflow/dags/job_crawler/beautifulsoup/crawl_search_page.py", line 160
    
    ^
IndentationError: expected an indented block after function definition on line 159
[2025-11-22T12:51:20.660+0000] {processor.py:927} WARNING - No viable dags retrieved from /opt/airflow/dags/dag_crawl_search_page.py
[2025-11-22T12:51:20.679+0000] {processor.py:208} INFO - Processing /opt/airflow/dags/dag_crawl_search_page.py took 0.074 seconds
[2025-11-22T12:51:50.971+0000] {processor.py:186} INFO - Started process (PID=3219) to work on /opt/airflow/dags/dag_crawl_search_page.py
[2025-11-22T12:51:50.972+0000] {processor.py:914} INFO - Processing file /opt/airflow/dags/dag_crawl_search_page.py for tasks to queue
[2025-11-22T12:51:50.973+0000] {logging_mixin.py:190} INFO - [2025-11-22T12:51:50.973+0000] {dagbag.py:588} INFO - Filling up the DagBag from /opt/airflow/dags/dag_crawl_search_page.py
[2025-11-22T12:51:51.011+0000] {logging_mixin.py:190} INFO - [2025-11-22T12:51:51.008+0000] {dagbag.py:387} ERROR - Failed to import: /opt/airflow/dags/dag_crawl_search_page.py
Traceback (most recent call last):
  File "/home/airflow/.local/lib/python3.12/site-packages/airflow/models/dagbag.py", line 383, in parse
    loader.exec_module(new_module)
  File "<frozen importlib._bootstrap_external>", line 999, in exec_module
  File "<frozen importlib._bootstrap>", line 488, in _call_with_frames_removed
  File "/opt/airflow/dags/dag_crawl_search_page.py", line 6, in <module>
    from job_crawler.beautifulsoup.crawl_search_page import crawl_multiple_keywords
  File "/opt/airflow/dags/job_crawler/beautifulsoup/crawl_search_page.py", line 160
    
    ^
IndentationError: expected an indented block after function definition on line 159
[2025-11-22T12:51:51.012+0000] {processor.py:927} WARNING - No viable dags retrieved from /opt/airflow/dags/dag_crawl_search_page.py
[2025-11-22T12:51:51.028+0000] {processor.py:208} INFO - Processing /opt/airflow/dags/dag_crawl_search_page.py took 0.063 seconds
[2025-11-22T12:52:21.466+0000] {processor.py:186} INFO - Started process (PID=3230) to work on /opt/airflow/dags/dag_crawl_search_page.py
[2025-11-22T12:52:21.467+0000] {processor.py:914} INFO - Processing file /opt/airflow/dags/dag_crawl_search_page.py for tasks to queue
[2025-11-22T12:52:21.468+0000] {logging_mixin.py:190} INFO - [2025-11-22T12:52:21.468+0000] {dagbag.py:588} INFO - Filling up the DagBag from /opt/airflow/dags/dag_crawl_search_page.py
[2025-11-22T12:52:21.520+0000] {logging_mixin.py:190} INFO - [2025-11-22T12:52:21.517+0000] {dagbag.py:387} ERROR - Failed to import: /opt/airflow/dags/dag_crawl_search_page.py
Traceback (most recent call last):
  File "/home/airflow/.local/lib/python3.12/site-packages/airflow/models/dagbag.py", line 383, in parse
    loader.exec_module(new_module)
  File "<frozen importlib._bootstrap_external>", line 999, in exec_module
  File "<frozen importlib._bootstrap>", line 488, in _call_with_frames_removed
  File "/opt/airflow/dags/dag_crawl_search_page.py", line 6, in <module>
    from job_crawler.beautifulsoup.crawl_search_page import crawl_multiple_keywords
  File "/opt/airflow/dags/job_crawler/beautifulsoup/crawl_search_page.py", line 160
    
    ^
IndentationError: expected an indented block after function definition on line 159
[2025-11-22T12:52:21.521+0000] {processor.py:927} WARNING - No viable dags retrieved from /opt/airflow/dags/dag_crawl_search_page.py
[2025-11-22T12:52:21.536+0000] {processor.py:208} INFO - Processing /opt/airflow/dags/dag_crawl_search_page.py took 0.075 seconds
[2025-11-22T12:52:51.857+0000] {processor.py:186} INFO - Started process (PID=3241) to work on /opt/airflow/dags/dag_crawl_search_page.py
[2025-11-22T12:52:51.858+0000] {processor.py:914} INFO - Processing file /opt/airflow/dags/dag_crawl_search_page.py for tasks to queue
[2025-11-22T12:52:51.859+0000] {logging_mixin.py:190} INFO - [2025-11-22T12:52:51.858+0000] {dagbag.py:588} INFO - Filling up the DagBag from /opt/airflow/dags/dag_crawl_search_page.py
[2025-11-22T12:52:51.899+0000] {logging_mixin.py:190} INFO - [2025-11-22T12:52:51.896+0000] {dagbag.py:387} ERROR - Failed to import: /opt/airflow/dags/dag_crawl_search_page.py
Traceback (most recent call last):
  File "/home/airflow/.local/lib/python3.12/site-packages/airflow/models/dagbag.py", line 383, in parse
    loader.exec_module(new_module)
  File "<frozen importlib._bootstrap_external>", line 999, in exec_module
  File "<frozen importlib._bootstrap>", line 488, in _call_with_frames_removed
  File "/opt/airflow/dags/dag_crawl_search_page.py", line 6, in <module>
    from job_crawler.beautifulsoup.crawl_search_page import crawl_multiple_keywords
  File "/opt/airflow/dags/job_crawler/beautifulsoup/crawl_search_page.py", line 160
    
    ^
IndentationError: expected an indented block after function definition on line 159
[2025-11-22T12:52:51.900+0000] {processor.py:927} WARNING - No viable dags retrieved from /opt/airflow/dags/dag_crawl_search_page.py
[2025-11-22T12:52:51.915+0000] {processor.py:208} INFO - Processing /opt/airflow/dags/dag_crawl_search_page.py took 0.064 seconds
[2025-11-22T12:53:22.305+0000] {processor.py:186} INFO - Started process (PID=3252) to work on /opt/airflow/dags/dag_crawl_search_page.py
[2025-11-22T12:53:22.306+0000] {processor.py:914} INFO - Processing file /opt/airflow/dags/dag_crawl_search_page.py for tasks to queue
[2025-11-22T12:53:22.308+0000] {logging_mixin.py:190} INFO - [2025-11-22T12:53:22.307+0000] {dagbag.py:588} INFO - Filling up the DagBag from /opt/airflow/dags/dag_crawl_search_page.py
[2025-11-22T12:53:22.348+0000] {logging_mixin.py:190} INFO - [2025-11-22T12:53:22.345+0000] {dagbag.py:387} ERROR - Failed to import: /opt/airflow/dags/dag_crawl_search_page.py
Traceback (most recent call last):
  File "/home/airflow/.local/lib/python3.12/site-packages/airflow/models/dagbag.py", line 383, in parse
    loader.exec_module(new_module)
  File "<frozen importlib._bootstrap_external>", line 999, in exec_module
  File "<frozen importlib._bootstrap>", line 488, in _call_with_frames_removed
  File "/opt/airflow/dags/dag_crawl_search_page.py", line 6, in <module>
    from job_crawler.beautifulsoup.crawl_search_page import crawl_multiple_keywords
  File "/opt/airflow/dags/job_crawler/beautifulsoup/crawl_search_page.py", line 160
    
    ^
IndentationError: expected an indented block after function definition on line 159
[2025-11-22T12:53:22.349+0000] {processor.py:927} WARNING - No viable dags retrieved from /opt/airflow/dags/dag_crawl_search_page.py
[2025-11-22T12:53:22.364+0000] {processor.py:208} INFO - Processing /opt/airflow/dags/dag_crawl_search_page.py took 0.065 seconds
[2025-11-22T12:53:52.725+0000] {processor.py:186} INFO - Started process (PID=3263) to work on /opt/airflow/dags/dag_crawl_search_page.py
[2025-11-22T12:53:52.726+0000] {processor.py:914} INFO - Processing file /opt/airflow/dags/dag_crawl_search_page.py for tasks to queue
[2025-11-22T12:53:52.727+0000] {logging_mixin.py:190} INFO - [2025-11-22T12:53:52.727+0000] {dagbag.py:588} INFO - Filling up the DagBag from /opt/airflow/dags/dag_crawl_search_page.py
[2025-11-22T12:53:52.775+0000] {logging_mixin.py:190} INFO - [2025-11-22T12:53:52.772+0000] {dagbag.py:387} ERROR - Failed to import: /opt/airflow/dags/dag_crawl_search_page.py
Traceback (most recent call last):
  File "/home/airflow/.local/lib/python3.12/site-packages/airflow/models/dagbag.py", line 383, in parse
    loader.exec_module(new_module)
  File "<frozen importlib._bootstrap_external>", line 999, in exec_module
  File "<frozen importlib._bootstrap>", line 488, in _call_with_frames_removed
  File "/opt/airflow/dags/dag_crawl_search_page.py", line 6, in <module>
    from job_crawler.beautifulsoup.crawl_search_page import crawl_multiple_keywords
  File "/opt/airflow/dags/job_crawler/beautifulsoup/crawl_search_page.py", line 160
    
    ^
IndentationError: expected an indented block after function definition on line 159
[2025-11-22T12:53:52.776+0000] {processor.py:927} WARNING - No viable dags retrieved from /opt/airflow/dags/dag_crawl_search_page.py
[2025-11-22T12:53:52.791+0000] {processor.py:208} INFO - Processing /opt/airflow/dags/dag_crawl_search_page.py took 0.072 seconds
[2025-11-22T12:54:23.165+0000] {processor.py:186} INFO - Started process (PID=3274) to work on /opt/airflow/dags/dag_crawl_search_page.py
[2025-11-22T12:54:23.166+0000] {processor.py:914} INFO - Processing file /opt/airflow/dags/dag_crawl_search_page.py for tasks to queue
[2025-11-22T12:54:23.167+0000] {logging_mixin.py:190} INFO - [2025-11-22T12:54:23.166+0000] {dagbag.py:588} INFO - Filling up the DagBag from /opt/airflow/dags/dag_crawl_search_page.py
[2025-11-22T12:54:23.206+0000] {logging_mixin.py:190} INFO - [2025-11-22T12:54:23.203+0000] {dagbag.py:387} ERROR - Failed to import: /opt/airflow/dags/dag_crawl_search_page.py
Traceback (most recent call last):
  File "/home/airflow/.local/lib/python3.12/site-packages/airflow/models/dagbag.py", line 383, in parse
    loader.exec_module(new_module)
  File "<frozen importlib._bootstrap_external>", line 999, in exec_module
  File "<frozen importlib._bootstrap>", line 488, in _call_with_frames_removed
  File "/opt/airflow/dags/dag_crawl_search_page.py", line 6, in <module>
    from job_crawler.beautifulsoup.crawl_search_page import crawl_multiple_keywords
  File "/opt/airflow/dags/job_crawler/beautifulsoup/crawl_search_page.py", line 160
    
    ^
IndentationError: expected an indented block after function definition on line 159
[2025-11-22T12:54:23.207+0000] {processor.py:927} WARNING - No viable dags retrieved from /opt/airflow/dags/dag_crawl_search_page.py
[2025-11-22T12:54:23.222+0000] {processor.py:208} INFO - Processing /opt/airflow/dags/dag_crawl_search_page.py took 0.063 seconds
[2025-11-22T12:54:53.884+0000] {processor.py:186} INFO - Started process (PID=3285) to work on /opt/airflow/dags/dag_crawl_search_page.py
[2025-11-22T12:54:53.885+0000] {processor.py:914} INFO - Processing file /opt/airflow/dags/dag_crawl_search_page.py for tasks to queue
[2025-11-22T12:54:53.887+0000] {logging_mixin.py:190} INFO - [2025-11-22T12:54:53.887+0000] {dagbag.py:588} INFO - Filling up the DagBag from /opt/airflow/dags/dag_crawl_search_page.py
[2025-11-22T12:54:53.928+0000] {logging_mixin.py:190} INFO - [2025-11-22T12:54:53.925+0000] {dagbag.py:387} ERROR - Failed to import: /opt/airflow/dags/dag_crawl_search_page.py
Traceback (most recent call last):
  File "/home/airflow/.local/lib/python3.12/site-packages/airflow/models/dagbag.py", line 383, in parse
    loader.exec_module(new_module)
  File "<frozen importlib._bootstrap_external>", line 999, in exec_module
  File "<frozen importlib._bootstrap>", line 488, in _call_with_frames_removed
  File "/opt/airflow/dags/dag_crawl_search_page.py", line 6, in <module>
    from job_crawler.beautifulsoup.crawl_search_page import crawl_multiple_keywords
  File "/opt/airflow/dags/job_crawler/beautifulsoup/crawl_search_page.py", line 160
    
    ^
IndentationError: expected an indented block after function definition on line 159
[2025-11-22T12:54:53.929+0000] {processor.py:927} WARNING - No viable dags retrieved from /opt/airflow/dags/dag_crawl_search_page.py
[2025-11-22T12:54:53.944+0000] {processor.py:208} INFO - Processing /opt/airflow/dags/dag_crawl_search_page.py took 0.065 seconds
[2025-11-22T12:55:24.280+0000] {processor.py:186} INFO - Started process (PID=3296) to work on /opt/airflow/dags/dag_crawl_search_page.py
[2025-11-22T12:55:24.281+0000] {processor.py:914} INFO - Processing file /opt/airflow/dags/dag_crawl_search_page.py for tasks to queue
[2025-11-22T12:55:24.282+0000] {logging_mixin.py:190} INFO - [2025-11-22T12:55:24.282+0000] {dagbag.py:588} INFO - Filling up the DagBag from /opt/airflow/dags/dag_crawl_search_page.py
[2025-11-22T12:55:24.321+0000] {logging_mixin.py:190} INFO - [2025-11-22T12:55:24.319+0000] {dagbag.py:387} ERROR - Failed to import: /opt/airflow/dags/dag_crawl_search_page.py
Traceback (most recent call last):
  File "/home/airflow/.local/lib/python3.12/site-packages/airflow/models/dagbag.py", line 383, in parse
    loader.exec_module(new_module)
  File "<frozen importlib._bootstrap_external>", line 999, in exec_module
  File "<frozen importlib._bootstrap>", line 488, in _call_with_frames_removed
  File "/opt/airflow/dags/dag_crawl_search_page.py", line 6, in <module>
    from job_crawler.beautifulsoup.crawl_search_page import crawl_multiple_keywords
  File "/opt/airflow/dags/job_crawler/beautifulsoup/crawl_search_page.py", line 160
    
    ^
IndentationError: expected an indented block after function definition on line 159
[2025-11-22T12:55:24.322+0000] {processor.py:927} WARNING - No viable dags retrieved from /opt/airflow/dags/dag_crawl_search_page.py
[2025-11-22T12:55:24.336+0000] {processor.py:208} INFO - Processing /opt/airflow/dags/dag_crawl_search_page.py took 0.062 seconds
[2025-11-22T12:55:54.699+0000] {processor.py:186} INFO - Started process (PID=3307) to work on /opt/airflow/dags/dag_crawl_search_page.py
[2025-11-22T12:55:54.700+0000] {processor.py:914} INFO - Processing file /opt/airflow/dags/dag_crawl_search_page.py for tasks to queue
[2025-11-22T12:55:54.701+0000] {logging_mixin.py:190} INFO - [2025-11-22T12:55:54.701+0000] {dagbag.py:588} INFO - Filling up the DagBag from /opt/airflow/dags/dag_crawl_search_page.py
[2025-11-22T12:55:54.740+0000] {logging_mixin.py:190} INFO - [2025-11-22T12:55:54.738+0000] {dagbag.py:387} ERROR - Failed to import: /opt/airflow/dags/dag_crawl_search_page.py
Traceback (most recent call last):
  File "/home/airflow/.local/lib/python3.12/site-packages/airflow/models/dagbag.py", line 383, in parse
    loader.exec_module(new_module)
  File "<frozen importlib._bootstrap_external>", line 999, in exec_module
  File "<frozen importlib._bootstrap>", line 488, in _call_with_frames_removed
  File "/opt/airflow/dags/dag_crawl_search_page.py", line 6, in <module>
    from job_crawler.beautifulsoup.crawl_search_page import crawl_multiple_keywords
  File "/opt/airflow/dags/job_crawler/beautifulsoup/crawl_search_page.py", line 160
    
    ^
IndentationError: expected an indented block after function definition on line 159
[2025-11-22T12:55:54.741+0000] {processor.py:927} WARNING - No viable dags retrieved from /opt/airflow/dags/dag_crawl_search_page.py
[2025-11-22T12:55:54.758+0000] {processor.py:208} INFO - Processing /opt/airflow/dags/dag_crawl_search_page.py took 0.064 seconds
[2025-11-22T12:56:25.133+0000] {processor.py:186} INFO - Started process (PID=3318) to work on /opt/airflow/dags/dag_crawl_search_page.py
[2025-11-22T12:56:25.134+0000] {processor.py:914} INFO - Processing file /opt/airflow/dags/dag_crawl_search_page.py for tasks to queue
[2025-11-22T12:56:25.135+0000] {logging_mixin.py:190} INFO - [2025-11-22T12:56:25.135+0000] {dagbag.py:588} INFO - Filling up the DagBag from /opt/airflow/dags/dag_crawl_search_page.py
[2025-11-22T12:56:25.188+0000] {logging_mixin.py:190} INFO - [2025-11-22T12:56:25.186+0000] {dagbag.py:387} ERROR - Failed to import: /opt/airflow/dags/dag_crawl_search_page.py
Traceback (most recent call last):
  File "/home/airflow/.local/lib/python3.12/site-packages/airflow/models/dagbag.py", line 383, in parse
    loader.exec_module(new_module)
  File "<frozen importlib._bootstrap_external>", line 999, in exec_module
  File "<frozen importlib._bootstrap>", line 488, in _call_with_frames_removed
  File "/opt/airflow/dags/dag_crawl_search_page.py", line 6, in <module>
    from job_crawler.beautifulsoup.crawl_search_page import crawl_multiple_keywords
  File "/opt/airflow/dags/job_crawler/beautifulsoup/crawl_search_page.py", line 160
    
    ^
IndentationError: expected an indented block after function definition on line 159
[2025-11-22T12:56:25.190+0000] {processor.py:927} WARNING - No viable dags retrieved from /opt/airflow/dags/dag_crawl_search_page.py
[2025-11-22T12:56:25.208+0000] {processor.py:208} INFO - Processing /opt/airflow/dags/dag_crawl_search_page.py took 0.080 seconds
[2025-11-22T12:56:55.517+0000] {processor.py:186} INFO - Started process (PID=3329) to work on /opt/airflow/dags/dag_crawl_search_page.py
[2025-11-22T12:56:55.518+0000] {processor.py:914} INFO - Processing file /opt/airflow/dags/dag_crawl_search_page.py for tasks to queue
[2025-11-22T12:56:55.520+0000] {logging_mixin.py:190} INFO - [2025-11-22T12:56:55.519+0000] {dagbag.py:588} INFO - Filling up the DagBag from /opt/airflow/dags/dag_crawl_search_page.py
[2025-11-22T12:56:55.566+0000] {logging_mixin.py:190} INFO - [2025-11-22T12:56:55.563+0000] {dagbag.py:387} ERROR - Failed to import: /opt/airflow/dags/dag_crawl_search_page.py
Traceback (most recent call last):
  File "/home/airflow/.local/lib/python3.12/site-packages/airflow/models/dagbag.py", line 383, in parse
    loader.exec_module(new_module)
  File "<frozen importlib._bootstrap_external>", line 999, in exec_module
  File "<frozen importlib._bootstrap>", line 488, in _call_with_frames_removed
  File "/opt/airflow/dags/dag_crawl_search_page.py", line 6, in <module>
    from job_crawler.beautifulsoup.crawl_search_page import crawl_multiple_keywords
  File "/opt/airflow/dags/job_crawler/beautifulsoup/crawl_search_page.py", line 160
    
    ^
IndentationError: expected an indented block after function definition on line 159
[2025-11-22T12:56:55.567+0000] {processor.py:927} WARNING - No viable dags retrieved from /opt/airflow/dags/dag_crawl_search_page.py
[2025-11-22T12:56:55.582+0000] {processor.py:208} INFO - Processing /opt/airflow/dags/dag_crawl_search_page.py took 0.071 seconds
[2025-11-22T12:57:25.975+0000] {processor.py:186} INFO - Started process (PID=3340) to work on /opt/airflow/dags/dag_crawl_search_page.py
[2025-11-22T12:57:25.976+0000] {processor.py:914} INFO - Processing file /opt/airflow/dags/dag_crawl_search_page.py for tasks to queue
[2025-11-22T12:57:25.977+0000] {logging_mixin.py:190} INFO - [2025-11-22T12:57:25.977+0000] {dagbag.py:588} INFO - Filling up the DagBag from /opt/airflow/dags/dag_crawl_search_page.py
[2025-11-22T12:57:26.025+0000] {logging_mixin.py:190} INFO - [2025-11-22T12:57:26.022+0000] {dagbag.py:387} ERROR - Failed to import: /opt/airflow/dags/dag_crawl_search_page.py
Traceback (most recent call last):
  File "/home/airflow/.local/lib/python3.12/site-packages/airflow/models/dagbag.py", line 383, in parse
    loader.exec_module(new_module)
  File "<frozen importlib._bootstrap_external>", line 999, in exec_module
  File "<frozen importlib._bootstrap>", line 488, in _call_with_frames_removed
  File "/opt/airflow/dags/dag_crawl_search_page.py", line 6, in <module>
    from job_crawler.beautifulsoup.crawl_search_page import crawl_multiple_keywords
  File "/opt/airflow/dags/job_crawler/beautifulsoup/crawl_search_page.py", line 160
    
    ^
IndentationError: expected an indented block after function definition on line 159
[2025-11-22T12:57:26.026+0000] {processor.py:927} WARNING - No viable dags retrieved from /opt/airflow/dags/dag_crawl_search_page.py
[2025-11-22T12:57:26.041+0000] {processor.py:208} INFO - Processing /opt/airflow/dags/dag_crawl_search_page.py took 0.072 seconds
[2025-11-22T12:57:56.396+0000] {processor.py:186} INFO - Started process (PID=3351) to work on /opt/airflow/dags/dag_crawl_search_page.py
[2025-11-22T12:57:56.397+0000] {processor.py:914} INFO - Processing file /opt/airflow/dags/dag_crawl_search_page.py for tasks to queue
[2025-11-22T12:57:56.398+0000] {logging_mixin.py:190} INFO - [2025-11-22T12:57:56.398+0000] {dagbag.py:588} INFO - Filling up the DagBag from /opt/airflow/dags/dag_crawl_search_page.py
[2025-11-22T12:57:56.445+0000] {logging_mixin.py:190} INFO - [2025-11-22T12:57:56.443+0000] {dagbag.py:387} ERROR - Failed to import: /opt/airflow/dags/dag_crawl_search_page.py
Traceback (most recent call last):
  File "/home/airflow/.local/lib/python3.12/site-packages/airflow/models/dagbag.py", line 383, in parse
    loader.exec_module(new_module)
  File "<frozen importlib._bootstrap_external>", line 999, in exec_module
  File "<frozen importlib._bootstrap>", line 488, in _call_with_frames_removed
  File "/opt/airflow/dags/dag_crawl_search_page.py", line 6, in <module>
    from job_crawler.beautifulsoup.crawl_search_page import crawl_multiple_keywords
  File "/opt/airflow/dags/job_crawler/beautifulsoup/crawl_search_page.py", line 160
    
    ^
IndentationError: expected an indented block after function definition on line 159
[2025-11-22T12:57:56.446+0000] {processor.py:927} WARNING - No viable dags retrieved from /opt/airflow/dags/dag_crawl_search_page.py
[2025-11-22T12:57:56.462+0000] {processor.py:208} INFO - Processing /opt/airflow/dags/dag_crawl_search_page.py took 0.071 seconds
[2025-11-22T12:58:26.842+0000] {processor.py:186} INFO - Started process (PID=3362) to work on /opt/airflow/dags/dag_crawl_search_page.py
[2025-11-22T12:58:26.843+0000] {processor.py:914} INFO - Processing file /opt/airflow/dags/dag_crawl_search_page.py for tasks to queue
[2025-11-22T12:58:26.845+0000] {logging_mixin.py:190} INFO - [2025-11-22T12:58:26.844+0000] {dagbag.py:588} INFO - Filling up the DagBag from /opt/airflow/dags/dag_crawl_search_page.py
[2025-11-22T12:58:26.883+0000] {logging_mixin.py:190} INFO - [2025-11-22T12:58:26.880+0000] {dagbag.py:387} ERROR - Failed to import: /opt/airflow/dags/dag_crawl_search_page.py
Traceback (most recent call last):
  File "/home/airflow/.local/lib/python3.12/site-packages/airflow/models/dagbag.py", line 383, in parse
    loader.exec_module(new_module)
  File "<frozen importlib._bootstrap_external>", line 999, in exec_module
  File "<frozen importlib._bootstrap>", line 488, in _call_with_frames_removed
  File "/opt/airflow/dags/dag_crawl_search_page.py", line 6, in <module>
    from job_crawler.beautifulsoup.crawl_search_page import crawl_multiple_keywords
  File "/opt/airflow/dags/job_crawler/beautifulsoup/crawl_search_page.py", line 160
    
    ^
IndentationError: expected an indented block after function definition on line 159
[2025-11-22T12:58:26.884+0000] {processor.py:927} WARNING - No viable dags retrieved from /opt/airflow/dags/dag_crawl_search_page.py
[2025-11-22T12:58:26.900+0000] {processor.py:208} INFO - Processing /opt/airflow/dags/dag_crawl_search_page.py took 0.062 seconds
[2025-11-22T12:58:57.261+0000] {processor.py:186} INFO - Started process (PID=3373) to work on /opt/airflow/dags/dag_crawl_search_page.py
[2025-11-22T12:58:57.262+0000] {processor.py:914} INFO - Processing file /opt/airflow/dags/dag_crawl_search_page.py for tasks to queue
[2025-11-22T12:58:57.263+0000] {logging_mixin.py:190} INFO - [2025-11-22T12:58:57.263+0000] {dagbag.py:588} INFO - Filling up the DagBag from /opt/airflow/dags/dag_crawl_search_page.py
[2025-11-22T12:58:57.306+0000] {logging_mixin.py:190} INFO - [2025-11-22T12:58:57.304+0000] {dagbag.py:387} ERROR - Failed to import: /opt/airflow/dags/dag_crawl_search_page.py
Traceback (most recent call last):
  File "/home/airflow/.local/lib/python3.12/site-packages/airflow/models/dagbag.py", line 383, in parse
    loader.exec_module(new_module)
  File "<frozen importlib._bootstrap_external>", line 999, in exec_module
  File "<frozen importlib._bootstrap>", line 488, in _call_with_frames_removed
  File "/opt/airflow/dags/dag_crawl_search_page.py", line 6, in <module>
    from job_crawler.beautifulsoup.crawl_search_page import crawl_multiple_keywords
  File "/opt/airflow/dags/job_crawler/beautifulsoup/crawl_search_page.py", line 160
    
    ^
IndentationError: expected an indented block after function definition on line 159
[2025-11-22T12:58:57.307+0000] {processor.py:927} WARNING - No viable dags retrieved from /opt/airflow/dags/dag_crawl_search_page.py
[2025-11-22T12:58:57.323+0000] {processor.py:208} INFO - Processing /opt/airflow/dags/dag_crawl_search_page.py took 0.067 seconds
[2025-11-22T12:59:27.595+0000] {processor.py:186} INFO - Started process (PID=3384) to work on /opt/airflow/dags/dag_crawl_search_page.py
[2025-11-22T12:59:27.597+0000] {processor.py:914} INFO - Processing file /opt/airflow/dags/dag_crawl_search_page.py for tasks to queue
[2025-11-22T12:59:27.599+0000] {logging_mixin.py:190} INFO - [2025-11-22T12:59:27.598+0000] {dagbag.py:588} INFO - Filling up the DagBag from /opt/airflow/dags/dag_crawl_search_page.py
[2025-11-22T12:59:27.653+0000] {logging_mixin.py:190} INFO - [2025-11-22T12:59:27.650+0000] {dagbag.py:387} ERROR - Failed to import: /opt/airflow/dags/dag_crawl_search_page.py
Traceback (most recent call last):
  File "/home/airflow/.local/lib/python3.12/site-packages/airflow/models/dagbag.py", line 383, in parse
    loader.exec_module(new_module)
  File "<frozen importlib._bootstrap_external>", line 999, in exec_module
  File "<frozen importlib._bootstrap>", line 488, in _call_with_frames_removed
  File "/opt/airflow/dags/dag_crawl_search_page.py", line 6, in <module>
    from job_crawler.beautifulsoup.crawl_search_page import crawl_multiple_keywords
  File "/opt/airflow/dags/job_crawler/beautifulsoup/crawl_search_page.py", line 160
    
    ^
IndentationError: expected an indented block after function definition on line 159
[2025-11-22T12:59:27.654+0000] {processor.py:927} WARNING - No viable dags retrieved from /opt/airflow/dags/dag_crawl_search_page.py
[2025-11-22T12:59:27.675+0000] {processor.py:208} INFO - Processing /opt/airflow/dags/dag_crawl_search_page.py took 0.087 seconds
[2025-11-22T12:59:58.295+0000] {processor.py:186} INFO - Started process (PID=3395) to work on /opt/airflow/dags/dag_crawl_search_page.py
[2025-11-22T12:59:58.297+0000] {processor.py:914} INFO - Processing file /opt/airflow/dags/dag_crawl_search_page.py for tasks to queue
[2025-11-22T12:59:58.298+0000] {logging_mixin.py:190} INFO - [2025-11-22T12:59:58.298+0000] {dagbag.py:588} INFO - Filling up the DagBag from /opt/airflow/dags/dag_crawl_search_page.py
[2025-11-22T12:59:58.340+0000] {logging_mixin.py:190} INFO - [2025-11-22T12:59:58.338+0000] {dagbag.py:387} ERROR - Failed to import: /opt/airflow/dags/dag_crawl_search_page.py
Traceback (most recent call last):
  File "/home/airflow/.local/lib/python3.12/site-packages/airflow/models/dagbag.py", line 383, in parse
    loader.exec_module(new_module)
  File "<frozen importlib._bootstrap_external>", line 999, in exec_module
  File "<frozen importlib._bootstrap>", line 488, in _call_with_frames_removed
  File "/opt/airflow/dags/dag_crawl_search_page.py", line 6, in <module>
    from job_crawler.beautifulsoup.crawl_search_page import crawl_multiple_keywords
  File "/opt/airflow/dags/job_crawler/beautifulsoup/crawl_search_page.py", line 160
    
    ^
IndentationError: expected an indented block after function definition on line 159
[2025-11-22T12:59:58.341+0000] {processor.py:927} WARNING - No viable dags retrieved from /opt/airflow/dags/dag_crawl_search_page.py
[2025-11-22T12:59:58.358+0000] {processor.py:208} INFO - Processing /opt/airflow/dags/dag_crawl_search_page.py took 0.069 seconds
[2025-11-22T13:00:28.695+0000] {processor.py:186} INFO - Started process (PID=3406) to work on /opt/airflow/dags/dag_crawl_search_page.py
[2025-11-22T13:00:28.696+0000] {processor.py:914} INFO - Processing file /opt/airflow/dags/dag_crawl_search_page.py for tasks to queue
[2025-11-22T13:00:28.697+0000] {logging_mixin.py:190} INFO - [2025-11-22T13:00:28.697+0000] {dagbag.py:588} INFO - Filling up the DagBag from /opt/airflow/dags/dag_crawl_search_page.py
[2025-11-22T13:00:28.741+0000] {logging_mixin.py:190} INFO - [2025-11-22T13:00:28.738+0000] {dagbag.py:387} ERROR - Failed to import: /opt/airflow/dags/dag_crawl_search_page.py
Traceback (most recent call last):
  File "/home/airflow/.local/lib/python3.12/site-packages/airflow/models/dagbag.py", line 383, in parse
    loader.exec_module(new_module)
  File "<frozen importlib._bootstrap_external>", line 999, in exec_module
  File "<frozen importlib._bootstrap>", line 488, in _call_with_frames_removed
  File "/opt/airflow/dags/dag_crawl_search_page.py", line 6, in <module>
    from job_crawler.beautifulsoup.crawl_search_page import crawl_multiple_keywords
  File "/opt/airflow/dags/job_crawler/beautifulsoup/crawl_search_page.py", line 160
    
    ^
IndentationError: expected an indented block after function definition on line 159
[2025-11-22T13:00:28.742+0000] {processor.py:927} WARNING - No viable dags retrieved from /opt/airflow/dags/dag_crawl_search_page.py
[2025-11-22T13:00:28.758+0000] {processor.py:208} INFO - Processing /opt/airflow/dags/dag_crawl_search_page.py took 0.070 seconds
[2025-11-22T13:00:59.069+0000] {processor.py:186} INFO - Started process (PID=3417) to work on /opt/airflow/dags/dag_crawl_search_page.py
[2025-11-22T13:00:59.070+0000] {processor.py:914} INFO - Processing file /opt/airflow/dags/dag_crawl_search_page.py for tasks to queue
[2025-11-22T13:00:59.072+0000] {logging_mixin.py:190} INFO - [2025-11-22T13:00:59.072+0000] {dagbag.py:588} INFO - Filling up the DagBag from /opt/airflow/dags/dag_crawl_search_page.py
[2025-11-22T13:00:59.121+0000] {logging_mixin.py:190} INFO - [2025-11-22T13:00:59.119+0000] {dagbag.py:387} ERROR - Failed to import: /opt/airflow/dags/dag_crawl_search_page.py
Traceback (most recent call last):
  File "/home/airflow/.local/lib/python3.12/site-packages/airflow/models/dagbag.py", line 383, in parse
    loader.exec_module(new_module)
  File "<frozen importlib._bootstrap_external>", line 999, in exec_module
  File "<frozen importlib._bootstrap>", line 488, in _call_with_frames_removed
  File "/opt/airflow/dags/dag_crawl_search_page.py", line 6, in <module>
    from job_crawler.beautifulsoup.crawl_search_page import crawl_multiple_keywords
  File "/opt/airflow/dags/job_crawler/beautifulsoup/crawl_search_page.py", line 160
    
    ^
IndentationError: expected an indented block after function definition on line 159
[2025-11-22T13:00:59.123+0000] {processor.py:927} WARNING - No viable dags retrieved from /opt/airflow/dags/dag_crawl_search_page.py
[2025-11-22T13:00:59.138+0000] {processor.py:208} INFO - Processing /opt/airflow/dags/dag_crawl_search_page.py took 0.074 seconds
[2025-11-22T13:01:29.511+0000] {processor.py:186} INFO - Started process (PID=3428) to work on /opt/airflow/dags/dag_crawl_search_page.py
[2025-11-22T13:01:29.512+0000] {processor.py:914} INFO - Processing file /opt/airflow/dags/dag_crawl_search_page.py for tasks to queue
[2025-11-22T13:01:29.513+0000] {logging_mixin.py:190} INFO - [2025-11-22T13:01:29.513+0000] {dagbag.py:588} INFO - Filling up the DagBag from /opt/airflow/dags/dag_crawl_search_page.py
[2025-11-22T13:01:29.552+0000] {logging_mixin.py:190} INFO - [2025-11-22T13:01:29.549+0000] {dagbag.py:387} ERROR - Failed to import: /opt/airflow/dags/dag_crawl_search_page.py
Traceback (most recent call last):
  File "/home/airflow/.local/lib/python3.12/site-packages/airflow/models/dagbag.py", line 383, in parse
    loader.exec_module(new_module)
  File "<frozen importlib._bootstrap_external>", line 999, in exec_module
  File "<frozen importlib._bootstrap>", line 488, in _call_with_frames_removed
  File "/opt/airflow/dags/dag_crawl_search_page.py", line 6, in <module>
    from job_crawler.beautifulsoup.crawl_search_page import crawl_multiple_keywords
  File "/opt/airflow/dags/job_crawler/beautifulsoup/crawl_search_page.py", line 160
    
    ^
IndentationError: expected an indented block after function definition on line 159
[2025-11-22T13:01:29.553+0000] {processor.py:927} WARNING - No viable dags retrieved from /opt/airflow/dags/dag_crawl_search_page.py
[2025-11-22T13:01:29.572+0000] {processor.py:208} INFO - Processing /opt/airflow/dags/dag_crawl_search_page.py took 0.067 seconds
[2025-11-22T13:01:59.903+0000] {processor.py:186} INFO - Started process (PID=3445) to work on /opt/airflow/dags/dag_crawl_search_page.py
[2025-11-22T13:01:59.904+0000] {processor.py:914} INFO - Processing file /opt/airflow/dags/dag_crawl_search_page.py for tasks to queue
[2025-11-22T13:01:59.905+0000] {logging_mixin.py:190} INFO - [2025-11-22T13:01:59.905+0000] {dagbag.py:588} INFO - Filling up the DagBag from /opt/airflow/dags/dag_crawl_search_page.py
[2025-11-22T13:01:59.945+0000] {logging_mixin.py:190} INFO - [2025-11-22T13:01:59.942+0000] {dagbag.py:387} ERROR - Failed to import: /opt/airflow/dags/dag_crawl_search_page.py
Traceback (most recent call last):
  File "/home/airflow/.local/lib/python3.12/site-packages/airflow/models/dagbag.py", line 383, in parse
    loader.exec_module(new_module)
  File "<frozen importlib._bootstrap_external>", line 999, in exec_module
  File "<frozen importlib._bootstrap>", line 488, in _call_with_frames_removed
  File "/opt/airflow/dags/dag_crawl_search_page.py", line 6, in <module>
    from job_crawler.beautifulsoup.crawl_search_page import crawl_multiple_keywords
  File "/opt/airflow/dags/job_crawler/beautifulsoup/crawl_search_page.py", line 160
    
    ^
IndentationError: expected an indented block after function definition on line 159
[2025-11-22T13:01:59.946+0000] {processor.py:927} WARNING - No viable dags retrieved from /opt/airflow/dags/dag_crawl_search_page.py
[2025-11-22T13:01:59.961+0000] {processor.py:208} INFO - Processing /opt/airflow/dags/dag_crawl_search_page.py took 0.064 seconds
[2025-11-22T13:02:30.307+0000] {processor.py:186} INFO - Started process (PID=3456) to work on /opt/airflow/dags/dag_crawl_search_page.py
[2025-11-22T13:02:30.308+0000] {processor.py:914} INFO - Processing file /opt/airflow/dags/dag_crawl_search_page.py for tasks to queue
[2025-11-22T13:02:30.309+0000] {logging_mixin.py:190} INFO - [2025-11-22T13:02:30.309+0000] {dagbag.py:588} INFO - Filling up the DagBag from /opt/airflow/dags/dag_crawl_search_page.py
[2025-11-22T13:02:30.349+0000] {logging_mixin.py:190} INFO - [2025-11-22T13:02:30.346+0000] {dagbag.py:387} ERROR - Failed to import: /opt/airflow/dags/dag_crawl_search_page.py
Traceback (most recent call last):
  File "/home/airflow/.local/lib/python3.12/site-packages/airflow/models/dagbag.py", line 383, in parse
    loader.exec_module(new_module)
  File "<frozen importlib._bootstrap_external>", line 999, in exec_module
  File "<frozen importlib._bootstrap>", line 488, in _call_with_frames_removed
  File "/opt/airflow/dags/dag_crawl_search_page.py", line 6, in <module>
    from job_crawler.beautifulsoup.crawl_search_page import crawl_multiple_keywords
  File "/opt/airflow/dags/job_crawler/beautifulsoup/crawl_search_page.py", line 160
    
    ^
IndentationError: expected an indented block after function definition on line 159
[2025-11-22T13:02:30.350+0000] {processor.py:927} WARNING - No viable dags retrieved from /opt/airflow/dags/dag_crawl_search_page.py
[2025-11-22T13:02:30.366+0000] {processor.py:208} INFO - Processing /opt/airflow/dags/dag_crawl_search_page.py took 0.064 seconds
[2025-11-22T13:03:00.653+0000] {processor.py:186} INFO - Started process (PID=3467) to work on /opt/airflow/dags/dag_crawl_search_page.py
[2025-11-22T13:03:00.654+0000] {processor.py:914} INFO - Processing file /opt/airflow/dags/dag_crawl_search_page.py for tasks to queue
[2025-11-22T13:03:00.655+0000] {logging_mixin.py:190} INFO - [2025-11-22T13:03:00.655+0000] {dagbag.py:588} INFO - Filling up the DagBag from /opt/airflow/dags/dag_crawl_search_page.py
[2025-11-22T13:03:00.703+0000] {logging_mixin.py:190} INFO - [2025-11-22T13:03:00.701+0000] {dagbag.py:387} ERROR - Failed to import: /opt/airflow/dags/dag_crawl_search_page.py
Traceback (most recent call last):
  File "/home/airflow/.local/lib/python3.12/site-packages/airflow/models/dagbag.py", line 383, in parse
    loader.exec_module(new_module)
  File "<frozen importlib._bootstrap_external>", line 999, in exec_module
  File "<frozen importlib._bootstrap>", line 488, in _call_with_frames_removed
  File "/opt/airflow/dags/dag_crawl_search_page.py", line 6, in <module>
    from job_crawler.beautifulsoup.crawl_search_page import crawl_multiple_keywords
  File "/opt/airflow/dags/job_crawler/beautifulsoup/crawl_search_page.py", line 160
    
    ^
IndentationError: expected an indented block after function definition on line 159
[2025-11-22T13:03:00.704+0000] {processor.py:927} WARNING - No viable dags retrieved from /opt/airflow/dags/dag_crawl_search_page.py
[2025-11-22T13:03:00.720+0000] {processor.py:208} INFO - Processing /opt/airflow/dags/dag_crawl_search_page.py took 0.073 seconds
[2025-11-22T13:03:31.092+0000] {processor.py:186} INFO - Started process (PID=3478) to work on /opt/airflow/dags/dag_crawl_search_page.py
[2025-11-22T13:03:31.094+0000] {processor.py:914} INFO - Processing file /opt/airflow/dags/dag_crawl_search_page.py for tasks to queue
[2025-11-22T13:03:31.096+0000] {logging_mixin.py:190} INFO - [2025-11-22T13:03:31.096+0000] {dagbag.py:588} INFO - Filling up the DagBag from /opt/airflow/dags/dag_crawl_search_page.py
[2025-11-22T13:03:31.160+0000] {logging_mixin.py:190} INFO - [2025-11-22T13:03:31.157+0000] {dagbag.py:387} ERROR - Failed to import: /opt/airflow/dags/dag_crawl_search_page.py
Traceback (most recent call last):
  File "/home/airflow/.local/lib/python3.12/site-packages/airflow/models/dagbag.py", line 383, in parse
    loader.exec_module(new_module)
  File "<frozen importlib._bootstrap_external>", line 999, in exec_module
  File "<frozen importlib._bootstrap>", line 488, in _call_with_frames_removed
  File "/opt/airflow/dags/dag_crawl_search_page.py", line 6, in <module>
    from job_crawler.beautifulsoup.crawl_search_page import crawl_multiple_keywords
  File "/opt/airflow/dags/job_crawler/beautifulsoup/crawl_search_page.py", line 160
    
    ^
IndentationError: expected an indented block after function definition on line 159
[2025-11-22T13:03:31.162+0000] {processor.py:927} WARNING - No viable dags retrieved from /opt/airflow/dags/dag_crawl_search_page.py
[2025-11-22T13:03:31.178+0000] {processor.py:208} INFO - Processing /opt/airflow/dags/dag_crawl_search_page.py took 0.093 seconds
[2025-11-22T13:04:01.481+0000] {processor.py:186} INFO - Started process (PID=3489) to work on /opt/airflow/dags/dag_crawl_search_page.py
[2025-11-22T13:04:01.506+0000] {processor.py:914} INFO - Processing file /opt/airflow/dags/dag_crawl_search_page.py for tasks to queue
[2025-11-22T13:04:01.509+0000] {logging_mixin.py:190} INFO - [2025-11-22T13:04:01.508+0000] {dagbag.py:588} INFO - Filling up the DagBag from /opt/airflow/dags/dag_crawl_search_page.py
[2025-11-22T13:04:01.575+0000] {logging_mixin.py:190} INFO - [2025-11-22T13:04:01.570+0000] {dagbag.py:387} ERROR - Failed to import: /opt/airflow/dags/dag_crawl_search_page.py
Traceback (most recent call last):
  File "/home/airflow/.local/lib/python3.12/site-packages/airflow/models/dagbag.py", line 383, in parse
    loader.exec_module(new_module)
  File "<frozen importlib._bootstrap_external>", line 999, in exec_module
  File "<frozen importlib._bootstrap>", line 488, in _call_with_frames_removed
  File "/opt/airflow/dags/dag_crawl_search_page.py", line 6, in <module>
    from job_crawler.beautifulsoup.crawl_search_page import crawl_multiple_keywords
  File "/opt/airflow/dags/job_crawler/beautifulsoup/crawl_search_page.py", line 160
    
    ^
IndentationError: expected an indented block after function definition on line 159
[2025-11-22T13:04:01.577+0000] {processor.py:927} WARNING - No viable dags retrieved from /opt/airflow/dags/dag_crawl_search_page.py
[2025-11-22T13:04:01.595+0000] {processor.py:208} INFO - Processing /opt/airflow/dags/dag_crawl_search_page.py took 0.124 seconds
[2025-11-22T13:04:31.929+0000] {processor.py:186} INFO - Started process (PID=3500) to work on /opt/airflow/dags/dag_crawl_search_page.py
[2025-11-22T13:04:31.930+0000] {processor.py:914} INFO - Processing file /opt/airflow/dags/dag_crawl_search_page.py for tasks to queue
[2025-11-22T13:04:31.931+0000] {logging_mixin.py:190} INFO - [2025-11-22T13:04:31.931+0000] {dagbag.py:588} INFO - Filling up the DagBag from /opt/airflow/dags/dag_crawl_search_page.py
[2025-11-22T13:04:31.982+0000] {logging_mixin.py:190} INFO - [2025-11-22T13:04:31.980+0000] {dagbag.py:387} ERROR - Failed to import: /opt/airflow/dags/dag_crawl_search_page.py
Traceback (most recent call last):
  File "/home/airflow/.local/lib/python3.12/site-packages/airflow/models/dagbag.py", line 383, in parse
    loader.exec_module(new_module)
  File "<frozen importlib._bootstrap_external>", line 999, in exec_module
  File "<frozen importlib._bootstrap>", line 488, in _call_with_frames_removed
  File "/opt/airflow/dags/dag_crawl_search_page.py", line 6, in <module>
    from job_crawler.beautifulsoup.crawl_search_page import crawl_multiple_keywords
  File "/opt/airflow/dags/job_crawler/beautifulsoup/crawl_search_page.py", line 160
    
    ^
IndentationError: expected an indented block after function definition on line 159
[2025-11-22T13:04:31.983+0000] {processor.py:927} WARNING - No viable dags retrieved from /opt/airflow/dags/dag_crawl_search_page.py
[2025-11-22T13:04:32.000+0000] {processor.py:208} INFO - Processing /opt/airflow/dags/dag_crawl_search_page.py took 0.076 seconds
[2025-11-22T13:05:02.580+0000] {processor.py:186} INFO - Started process (PID=3511) to work on /opt/airflow/dags/dag_crawl_search_page.py
[2025-11-22T13:05:02.581+0000] {processor.py:914} INFO - Processing file /opt/airflow/dags/dag_crawl_search_page.py for tasks to queue
[2025-11-22T13:05:02.582+0000] {logging_mixin.py:190} INFO - [2025-11-22T13:05:02.582+0000] {dagbag.py:588} INFO - Filling up the DagBag from /opt/airflow/dags/dag_crawl_search_page.py
[2025-11-22T13:05:02.623+0000] {logging_mixin.py:190} INFO - [2025-11-22T13:05:02.621+0000] {dagbag.py:387} ERROR - Failed to import: /opt/airflow/dags/dag_crawl_search_page.py
Traceback (most recent call last):
  File "/home/airflow/.local/lib/python3.12/site-packages/airflow/models/dagbag.py", line 383, in parse
    loader.exec_module(new_module)
  File "<frozen importlib._bootstrap_external>", line 999, in exec_module
  File "<frozen importlib._bootstrap>", line 488, in _call_with_frames_removed
  File "/opt/airflow/dags/dag_crawl_search_page.py", line 6, in <module>
    from job_crawler.beautifulsoup.crawl_search_page import crawl_multiple_keywords
  File "/opt/airflow/dags/job_crawler/beautifulsoup/crawl_search_page.py", line 160
    
    ^
IndentationError: expected an indented block after function definition on line 159
[2025-11-22T13:05:02.624+0000] {processor.py:927} WARNING - No viable dags retrieved from /opt/airflow/dags/dag_crawl_search_page.py
[2025-11-22T13:05:02.644+0000] {processor.py:208} INFO - Processing /opt/airflow/dags/dag_crawl_search_page.py took 0.069 seconds
[2025-11-22T13:05:32.911+0000] {processor.py:186} INFO - Started process (PID=3522) to work on /opt/airflow/dags/dag_crawl_search_page.py
[2025-11-22T13:05:32.912+0000] {processor.py:914} INFO - Processing file /opt/airflow/dags/dag_crawl_search_page.py for tasks to queue
[2025-11-22T13:05:32.913+0000] {logging_mixin.py:190} INFO - [2025-11-22T13:05:32.913+0000] {dagbag.py:588} INFO - Filling up the DagBag from /opt/airflow/dags/dag_crawl_search_page.py
[2025-11-22T13:05:32.962+0000] {logging_mixin.py:190} INFO - [2025-11-22T13:05:32.959+0000] {dagbag.py:387} ERROR - Failed to import: /opt/airflow/dags/dag_crawl_search_page.py
Traceback (most recent call last):
  File "/home/airflow/.local/lib/python3.12/site-packages/airflow/models/dagbag.py", line 383, in parse
    loader.exec_module(new_module)
  File "<frozen importlib._bootstrap_external>", line 999, in exec_module
  File "<frozen importlib._bootstrap>", line 488, in _call_with_frames_removed
  File "/opt/airflow/dags/dag_crawl_search_page.py", line 6, in <module>
    from job_crawler.beautifulsoup.crawl_search_page import crawl_multiple_keywords
  File "/opt/airflow/dags/job_crawler/beautifulsoup/crawl_search_page.py", line 160
    
    ^
IndentationError: expected an indented block after function definition on line 159
[2025-11-22T13:05:32.963+0000] {processor.py:927} WARNING - No viable dags retrieved from /opt/airflow/dags/dag_crawl_search_page.py
[2025-11-22T13:05:32.979+0000] {processor.py:208} INFO - Processing /opt/airflow/dags/dag_crawl_search_page.py took 0.073 seconds
[2025-11-22T13:06:03.290+0000] {processor.py:186} INFO - Started process (PID=3533) to work on /opt/airflow/dags/dag_crawl_search_page.py
[2025-11-22T13:06:03.291+0000] {processor.py:914} INFO - Processing file /opt/airflow/dags/dag_crawl_search_page.py for tasks to queue
[2025-11-22T13:06:03.293+0000] {logging_mixin.py:190} INFO - [2025-11-22T13:06:03.292+0000] {dagbag.py:588} INFO - Filling up the DagBag from /opt/airflow/dags/dag_crawl_search_page.py
[2025-11-22T13:06:03.353+0000] {logging_mixin.py:190} INFO - [2025-11-22T13:06:03.350+0000] {dagbag.py:387} ERROR - Failed to import: /opt/airflow/dags/dag_crawl_search_page.py
Traceback (most recent call last):
  File "/home/airflow/.local/lib/python3.12/site-packages/airflow/models/dagbag.py", line 383, in parse
    loader.exec_module(new_module)
  File "<frozen importlib._bootstrap_external>", line 999, in exec_module
  File "<frozen importlib._bootstrap>", line 488, in _call_with_frames_removed
  File "/opt/airflow/dags/dag_crawl_search_page.py", line 6, in <module>
    from job_crawler.beautifulsoup.crawl_search_page import crawl_multiple_keywords
  File "/opt/airflow/dags/job_crawler/beautifulsoup/crawl_search_page.py", line 160
    
    ^
IndentationError: expected an indented block after function definition on line 159
[2025-11-22T13:06:03.355+0000] {processor.py:927} WARNING - No viable dags retrieved from /opt/airflow/dags/dag_crawl_search_page.py
[2025-11-22T13:06:03.374+0000] {processor.py:208} INFO - Processing /opt/airflow/dags/dag_crawl_search_page.py took 0.094 seconds
[2025-11-22T13:06:33.659+0000] {processor.py:186} INFO - Started process (PID=3544) to work on /opt/airflow/dags/dag_crawl_search_page.py
[2025-11-22T13:06:33.661+0000] {processor.py:914} INFO - Processing file /opt/airflow/dags/dag_crawl_search_page.py for tasks to queue
[2025-11-22T13:06:33.662+0000] {logging_mixin.py:190} INFO - [2025-11-22T13:06:33.662+0000] {dagbag.py:588} INFO - Filling up the DagBag from /opt/airflow/dags/dag_crawl_search_page.py
[2025-11-22T13:06:33.704+0000] {logging_mixin.py:190} INFO - [2025-11-22T13:06:33.701+0000] {dagbag.py:387} ERROR - Failed to import: /opt/airflow/dags/dag_crawl_search_page.py
Traceback (most recent call last):
  File "/home/airflow/.local/lib/python3.12/site-packages/airflow/models/dagbag.py", line 383, in parse
    loader.exec_module(new_module)
  File "<frozen importlib._bootstrap_external>", line 999, in exec_module
  File "<frozen importlib._bootstrap>", line 488, in _call_with_frames_removed
  File "/opt/airflow/dags/dag_crawl_search_page.py", line 6, in <module>
    from job_crawler.beautifulsoup.crawl_search_page import crawl_multiple_keywords
  File "/opt/airflow/dags/job_crawler/beautifulsoup/crawl_search_page.py", line 160
    
    ^
IndentationError: expected an indented block after function definition on line 159
[2025-11-22T13:06:33.705+0000] {processor.py:927} WARNING - No viable dags retrieved from /opt/airflow/dags/dag_crawl_search_page.py
[2025-11-22T13:06:33.721+0000] {processor.py:208} INFO - Processing /opt/airflow/dags/dag_crawl_search_page.py took 0.068 seconds
[2025-11-22T13:07:04.053+0000] {processor.py:186} INFO - Started process (PID=3555) to work on /opt/airflow/dags/dag_crawl_search_page.py
[2025-11-22T13:07:04.054+0000] {processor.py:914} INFO - Processing file /opt/airflow/dags/dag_crawl_search_page.py for tasks to queue
[2025-11-22T13:07:04.056+0000] {logging_mixin.py:190} INFO - [2025-11-22T13:07:04.055+0000] {dagbag.py:588} INFO - Filling up the DagBag from /opt/airflow/dags/dag_crawl_search_page.py
[2025-11-22T13:07:04.104+0000] {logging_mixin.py:190} INFO - [2025-11-22T13:07:04.101+0000] {dagbag.py:387} ERROR - Failed to import: /opt/airflow/dags/dag_crawl_search_page.py
Traceback (most recent call last):
  File "/home/airflow/.local/lib/python3.12/site-packages/airflow/models/dagbag.py", line 383, in parse
    loader.exec_module(new_module)
  File "<frozen importlib._bootstrap_external>", line 999, in exec_module
  File "<frozen importlib._bootstrap>", line 488, in _call_with_frames_removed
  File "/opt/airflow/dags/dag_crawl_search_page.py", line 6, in <module>
    from job_crawler.beautifulsoup.crawl_search_page import crawl_multiple_keywords
  File "/opt/airflow/dags/job_crawler/beautifulsoup/crawl_search_page.py", line 160
    
    ^
IndentationError: expected an indented block after function definition on line 159
[2025-11-22T13:07:04.105+0000] {processor.py:927} WARNING - No viable dags retrieved from /opt/airflow/dags/dag_crawl_search_page.py
[2025-11-22T13:07:04.131+0000] {processor.py:208} INFO - Processing /opt/airflow/dags/dag_crawl_search_page.py took 0.084 seconds
[2025-11-22T13:07:34.434+0000] {processor.py:186} INFO - Started process (PID=3566) to work on /opt/airflow/dags/dag_crawl_search_page.py
[2025-11-22T13:07:34.435+0000] {processor.py:914} INFO - Processing file /opt/airflow/dags/dag_crawl_search_page.py for tasks to queue
[2025-11-22T13:07:34.436+0000] {logging_mixin.py:190} INFO - [2025-11-22T13:07:34.436+0000] {dagbag.py:588} INFO - Filling up the DagBag from /opt/airflow/dags/dag_crawl_search_page.py
[2025-11-22T13:07:34.476+0000] {logging_mixin.py:190} INFO - [2025-11-22T13:07:34.474+0000] {dagbag.py:387} ERROR - Failed to import: /opt/airflow/dags/dag_crawl_search_page.py
Traceback (most recent call last):
  File "/home/airflow/.local/lib/python3.12/site-packages/airflow/models/dagbag.py", line 383, in parse
    loader.exec_module(new_module)
  File "<frozen importlib._bootstrap_external>", line 999, in exec_module
  File "<frozen importlib._bootstrap>", line 488, in _call_with_frames_removed
  File "/opt/airflow/dags/dag_crawl_search_page.py", line 6, in <module>
    from job_crawler.beautifulsoup.crawl_search_page import crawl_multiple_keywords
  File "/opt/airflow/dags/job_crawler/beautifulsoup/crawl_search_page.py", line 160
    
    ^
IndentationError: expected an indented block after function definition on line 159
[2025-11-22T13:07:34.477+0000] {processor.py:927} WARNING - No viable dags retrieved from /opt/airflow/dags/dag_crawl_search_page.py
[2025-11-22T13:07:34.493+0000] {processor.py:208} INFO - Processing /opt/airflow/dags/dag_crawl_search_page.py took 0.064 seconds
[2025-11-22T13:08:04.865+0000] {processor.py:186} INFO - Started process (PID=3577) to work on /opt/airflow/dags/dag_crawl_search_page.py
[2025-11-22T13:08:04.866+0000] {processor.py:914} INFO - Processing file /opt/airflow/dags/dag_crawl_search_page.py for tasks to queue
[2025-11-22T13:08:04.868+0000] {logging_mixin.py:190} INFO - [2025-11-22T13:08:04.868+0000] {dagbag.py:588} INFO - Filling up the DagBag from /opt/airflow/dags/dag_crawl_search_page.py
[2025-11-22T13:08:04.915+0000] {logging_mixin.py:190} INFO - [2025-11-22T13:08:04.913+0000] {dagbag.py:387} ERROR - Failed to import: /opt/airflow/dags/dag_crawl_search_page.py
Traceback (most recent call last):
  File "/home/airflow/.local/lib/python3.12/site-packages/airflow/models/dagbag.py", line 383, in parse
    loader.exec_module(new_module)
  File "<frozen importlib._bootstrap_external>", line 999, in exec_module
  File "<frozen importlib._bootstrap>", line 488, in _call_with_frames_removed
  File "/opt/airflow/dags/dag_crawl_search_page.py", line 6, in <module>
    from job_crawler.beautifulsoup.crawl_search_page import crawl_multiple_keywords
  File "/opt/airflow/dags/job_crawler/beautifulsoup/crawl_search_page.py", line 160
    
    ^
IndentationError: expected an indented block after function definition on line 159
[2025-11-22T13:08:04.917+0000] {processor.py:927} WARNING - No viable dags retrieved from /opt/airflow/dags/dag_crawl_search_page.py
[2025-11-22T13:08:04.934+0000] {processor.py:208} INFO - Processing /opt/airflow/dags/dag_crawl_search_page.py took 0.080 seconds
[2025-11-22T13:08:35.288+0000] {processor.py:186} INFO - Started process (PID=3588) to work on /opt/airflow/dags/dag_crawl_search_page.py
[2025-11-22T13:08:35.289+0000] {processor.py:914} INFO - Processing file /opt/airflow/dags/dag_crawl_search_page.py for tasks to queue
[2025-11-22T13:08:35.291+0000] {logging_mixin.py:190} INFO - [2025-11-22T13:08:35.290+0000] {dagbag.py:588} INFO - Filling up the DagBag from /opt/airflow/dags/dag_crawl_search_page.py
[2025-11-22T13:08:35.337+0000] {logging_mixin.py:190} INFO - [2025-11-22T13:08:35.333+0000] {dagbag.py:387} ERROR - Failed to import: /opt/airflow/dags/dag_crawl_search_page.py
Traceback (most recent call last):
  File "/home/airflow/.local/lib/python3.12/site-packages/airflow/models/dagbag.py", line 383, in parse
    loader.exec_module(new_module)
  File "<frozen importlib._bootstrap_external>", line 999, in exec_module
  File "<frozen importlib._bootstrap>", line 488, in _call_with_frames_removed
  File "/opt/airflow/dags/dag_crawl_search_page.py", line 6, in <module>
    from job_crawler.beautifulsoup.crawl_search_page import crawl_multiple_keywords
  File "/opt/airflow/dags/job_crawler/beautifulsoup/crawl_search_page.py", line 160
    
    ^
IndentationError: expected an indented block after function definition on line 159
[2025-11-22T13:08:35.338+0000] {processor.py:927} WARNING - No viable dags retrieved from /opt/airflow/dags/dag_crawl_search_page.py
[2025-11-22T13:08:35.358+0000] {processor.py:208} INFO - Processing /opt/airflow/dags/dag_crawl_search_page.py took 0.076 seconds
[2025-11-22T13:09:05.630+0000] {processor.py:186} INFO - Started process (PID=3599) to work on /opt/airflow/dags/dag_crawl_search_page.py
[2025-11-22T13:09:05.631+0000] {processor.py:914} INFO - Processing file /opt/airflow/dags/dag_crawl_search_page.py for tasks to queue
[2025-11-22T13:09:05.633+0000] {logging_mixin.py:190} INFO - [2025-11-22T13:09:05.632+0000] {dagbag.py:588} INFO - Filling up the DagBag from /opt/airflow/dags/dag_crawl_search_page.py
[2025-11-22T13:09:05.679+0000] {logging_mixin.py:190} INFO - [2025-11-22T13:09:05.676+0000] {dagbag.py:387} ERROR - Failed to import: /opt/airflow/dags/dag_crawl_search_page.py
Traceback (most recent call last):
  File "/home/airflow/.local/lib/python3.12/site-packages/airflow/models/dagbag.py", line 383, in parse
    loader.exec_module(new_module)
  File "<frozen importlib._bootstrap_external>", line 999, in exec_module
  File "<frozen importlib._bootstrap>", line 488, in _call_with_frames_removed
  File "/opt/airflow/dags/dag_crawl_search_page.py", line 6, in <module>
    from job_crawler.beautifulsoup.crawl_search_page import crawl_multiple_keywords
  File "/opt/airflow/dags/job_crawler/beautifulsoup/crawl_search_page.py", line 160
    
    ^
IndentationError: expected an indented block after function definition on line 159
[2025-11-22T13:09:05.680+0000] {processor.py:927} WARNING - No viable dags retrieved from /opt/airflow/dags/dag_crawl_search_page.py
[2025-11-22T13:09:05.698+0000] {processor.py:208} INFO - Processing /opt/airflow/dags/dag_crawl_search_page.py took 0.074 seconds
[2025-11-22T13:09:36.035+0000] {processor.py:186} INFO - Started process (PID=3610) to work on /opt/airflow/dags/dag_crawl_search_page.py
[2025-11-22T13:09:36.036+0000] {processor.py:914} INFO - Processing file /opt/airflow/dags/dag_crawl_search_page.py for tasks to queue
[2025-11-22T13:09:36.037+0000] {logging_mixin.py:190} INFO - [2025-11-22T13:09:36.037+0000] {dagbag.py:588} INFO - Filling up the DagBag from /opt/airflow/dags/dag_crawl_search_page.py
[2025-11-22T13:09:36.078+0000] {logging_mixin.py:190} INFO - [2025-11-22T13:09:36.075+0000] {dagbag.py:387} ERROR - Failed to import: /opt/airflow/dags/dag_crawl_search_page.py
Traceback (most recent call last):
  File "/home/airflow/.local/lib/python3.12/site-packages/airflow/models/dagbag.py", line 383, in parse
    loader.exec_module(new_module)
  File "<frozen importlib._bootstrap_external>", line 999, in exec_module
  File "<frozen importlib._bootstrap>", line 488, in _call_with_frames_removed
  File "/opt/airflow/dags/dag_crawl_search_page.py", line 6, in <module>
    from job_crawler.beautifulsoup.crawl_search_page import crawl_multiple_keywords
  File "/opt/airflow/dags/job_crawler/beautifulsoup/crawl_search_page.py", line 160
    
    ^
IndentationError: expected an indented block after function definition on line 159
[2025-11-22T13:09:36.079+0000] {processor.py:927} WARNING - No viable dags retrieved from /opt/airflow/dags/dag_crawl_search_page.py
[2025-11-22T13:09:36.094+0000] {processor.py:208} INFO - Processing /opt/airflow/dags/dag_crawl_search_page.py took 0.065 seconds
[2025-11-22T13:10:06.733+0000] {processor.py:186} INFO - Started process (PID=3621) to work on /opt/airflow/dags/dag_crawl_search_page.py
[2025-11-22T13:10:06.734+0000] {processor.py:914} INFO - Processing file /opt/airflow/dags/dag_crawl_search_page.py for tasks to queue
[2025-11-22T13:10:06.736+0000] {logging_mixin.py:190} INFO - [2025-11-22T13:10:06.735+0000] {dagbag.py:588} INFO - Filling up the DagBag from /opt/airflow/dags/dag_crawl_search_page.py
[2025-11-22T13:10:06.776+0000] {logging_mixin.py:190} INFO - [2025-11-22T13:10:06.774+0000] {dagbag.py:387} ERROR - Failed to import: /opt/airflow/dags/dag_crawl_search_page.py
Traceback (most recent call last):
  File "/home/airflow/.local/lib/python3.12/site-packages/airflow/models/dagbag.py", line 383, in parse
    loader.exec_module(new_module)
  File "<frozen importlib._bootstrap_external>", line 999, in exec_module
  File "<frozen importlib._bootstrap>", line 488, in _call_with_frames_removed
  File "/opt/airflow/dags/dag_crawl_search_page.py", line 6, in <module>
    from job_crawler.beautifulsoup.crawl_search_page import crawl_multiple_keywords
  File "/opt/airflow/dags/job_crawler/beautifulsoup/crawl_search_page.py", line 160
    
    ^
IndentationError: expected an indented block after function definition on line 159
[2025-11-22T13:10:06.778+0000] {processor.py:927} WARNING - No viable dags retrieved from /opt/airflow/dags/dag_crawl_search_page.py
[2025-11-22T13:10:06.794+0000] {processor.py:208} INFO - Processing /opt/airflow/dags/dag_crawl_search_page.py took 0.066 seconds
[2025-11-22T13:10:37.134+0000] {processor.py:186} INFO - Started process (PID=3632) to work on /opt/airflow/dags/dag_crawl_search_page.py
[2025-11-22T13:10:37.135+0000] {processor.py:914} INFO - Processing file /opt/airflow/dags/dag_crawl_search_page.py for tasks to queue
[2025-11-22T13:10:37.137+0000] {logging_mixin.py:190} INFO - [2025-11-22T13:10:37.137+0000] {dagbag.py:588} INFO - Filling up the DagBag from /opt/airflow/dags/dag_crawl_search_page.py
[2025-11-22T13:10:37.179+0000] {logging_mixin.py:190} INFO - [2025-11-22T13:10:37.176+0000] {dagbag.py:387} ERROR - Failed to import: /opt/airflow/dags/dag_crawl_search_page.py
Traceback (most recent call last):
  File "/home/airflow/.local/lib/python3.12/site-packages/airflow/models/dagbag.py", line 383, in parse
    loader.exec_module(new_module)
  File "<frozen importlib._bootstrap_external>", line 999, in exec_module
  File "<frozen importlib._bootstrap>", line 488, in _call_with_frames_removed
  File "/opt/airflow/dags/dag_crawl_search_page.py", line 6, in <module>
    from job_crawler.beautifulsoup.crawl_search_page import crawl_multiple_keywords
  File "/opt/airflow/dags/job_crawler/beautifulsoup/crawl_search_page.py", line 160
    
    ^
IndentationError: expected an indented block after function definition on line 159
[2025-11-22T13:10:37.180+0000] {processor.py:927} WARNING - No viable dags retrieved from /opt/airflow/dags/dag_crawl_search_page.py
[2025-11-22T13:10:37.195+0000] {processor.py:208} INFO - Processing /opt/airflow/dags/dag_crawl_search_page.py took 0.067 seconds
[2025-11-22T13:11:07.573+0000] {processor.py:186} INFO - Started process (PID=3643) to work on /opt/airflow/dags/dag_crawl_search_page.py
[2025-11-22T13:11:07.574+0000] {processor.py:914} INFO - Processing file /opt/airflow/dags/dag_crawl_search_page.py for tasks to queue
[2025-11-22T13:11:07.576+0000] {logging_mixin.py:190} INFO - [2025-11-22T13:11:07.576+0000] {dagbag.py:588} INFO - Filling up the DagBag from /opt/airflow/dags/dag_crawl_search_page.py
[2025-11-22T13:11:07.622+0000] {logging_mixin.py:190} INFO - [2025-11-22T13:11:07.620+0000] {dagbag.py:387} ERROR - Failed to import: /opt/airflow/dags/dag_crawl_search_page.py
Traceback (most recent call last):
  File "/home/airflow/.local/lib/python3.12/site-packages/airflow/models/dagbag.py", line 383, in parse
    loader.exec_module(new_module)
  File "<frozen importlib._bootstrap_external>", line 999, in exec_module
  File "<frozen importlib._bootstrap>", line 488, in _call_with_frames_removed
  File "/opt/airflow/dags/dag_crawl_search_page.py", line 6, in <module>
    from job_crawler.beautifulsoup.crawl_search_page import crawl_multiple_keywords
  File "/opt/airflow/dags/job_crawler/beautifulsoup/crawl_search_page.py", line 160
    
    ^
IndentationError: expected an indented block after function definition on line 159
[2025-11-22T13:11:07.623+0000] {processor.py:927} WARNING - No viable dags retrieved from /opt/airflow/dags/dag_crawl_search_page.py
[2025-11-22T13:11:07.640+0000] {processor.py:208} INFO - Processing /opt/airflow/dags/dag_crawl_search_page.py took 0.074 seconds
[2025-11-22T13:11:37.986+0000] {processor.py:186} INFO - Started process (PID=3654) to work on /opt/airflow/dags/dag_crawl_search_page.py
[2025-11-22T13:11:37.987+0000] {processor.py:914} INFO - Processing file /opt/airflow/dags/dag_crawl_search_page.py for tasks to queue
[2025-11-22T13:11:37.988+0000] {logging_mixin.py:190} INFO - [2025-11-22T13:11:37.988+0000] {dagbag.py:588} INFO - Filling up the DagBag from /opt/airflow/dags/dag_crawl_search_page.py
[2025-11-22T13:11:38.031+0000] {logging_mixin.py:190} INFO - [2025-11-22T13:11:38.027+0000] {dagbag.py:387} ERROR - Failed to import: /opt/airflow/dags/dag_crawl_search_page.py
Traceback (most recent call last):
  File "/home/airflow/.local/lib/python3.12/site-packages/airflow/models/dagbag.py", line 383, in parse
    loader.exec_module(new_module)
  File "<frozen importlib._bootstrap_external>", line 999, in exec_module
  File "<frozen importlib._bootstrap>", line 488, in _call_with_frames_removed
  File "/opt/airflow/dags/dag_crawl_search_page.py", line 6, in <module>
    from job_crawler.beautifulsoup.crawl_search_page import crawl_multiple_keywords
  File "/opt/airflow/dags/job_crawler/beautifulsoup/crawl_search_page.py", line 160
    
    ^
IndentationError: expected an indented block after function definition on line 159
[2025-11-22T13:11:38.033+0000] {processor.py:927} WARNING - No viable dags retrieved from /opt/airflow/dags/dag_crawl_search_page.py
[2025-11-22T13:11:38.051+0000] {processor.py:208} INFO - Processing /opt/airflow/dags/dag_crawl_search_page.py took 0.071 seconds
[2025-11-22T13:12:08.389+0000] {processor.py:186} INFO - Started process (PID=3665) to work on /opt/airflow/dags/dag_crawl_search_page.py
[2025-11-22T13:12:08.390+0000] {processor.py:914} INFO - Processing file /opt/airflow/dags/dag_crawl_search_page.py for tasks to queue
[2025-11-22T13:12:08.392+0000] {logging_mixin.py:190} INFO - [2025-11-22T13:12:08.391+0000] {dagbag.py:588} INFO - Filling up the DagBag from /opt/airflow/dags/dag_crawl_search_page.py
[2025-11-22T13:12:08.430+0000] {logging_mixin.py:190} INFO - [2025-11-22T13:12:08.427+0000] {dagbag.py:387} ERROR - Failed to import: /opt/airflow/dags/dag_crawl_search_page.py
Traceback (most recent call last):
  File "/home/airflow/.local/lib/python3.12/site-packages/airflow/models/dagbag.py", line 383, in parse
    loader.exec_module(new_module)
  File "<frozen importlib._bootstrap_external>", line 999, in exec_module
  File "<frozen importlib._bootstrap>", line 488, in _call_with_frames_removed
  File "/opt/airflow/dags/dag_crawl_search_page.py", line 6, in <module>
    from job_crawler.beautifulsoup.crawl_search_page import crawl_multiple_keywords
  File "/opt/airflow/dags/job_crawler/beautifulsoup/crawl_search_page.py", line 160
    
    ^
IndentationError: expected an indented block after function definition on line 159
[2025-11-22T13:12:08.431+0000] {processor.py:927} WARNING - No viable dags retrieved from /opt/airflow/dags/dag_crawl_search_page.py
[2025-11-22T13:12:08.446+0000] {processor.py:208} INFO - Processing /opt/airflow/dags/dag_crawl_search_page.py took 0.062 seconds
[2025-11-22T13:12:38.828+0000] {processor.py:186} INFO - Started process (PID=3676) to work on /opt/airflow/dags/dag_crawl_search_page.py
[2025-11-22T13:12:38.829+0000] {processor.py:914} INFO - Processing file /opt/airflow/dags/dag_crawl_search_page.py for tasks to queue
[2025-11-22T13:12:38.830+0000] {logging_mixin.py:190} INFO - [2025-11-22T13:12:38.830+0000] {dagbag.py:588} INFO - Filling up the DagBag from /opt/airflow/dags/dag_crawl_search_page.py
[2025-11-22T13:12:38.895+0000] {logging_mixin.py:190} INFO - [2025-11-22T13:12:38.893+0000] {dagbag.py:387} ERROR - Failed to import: /opt/airflow/dags/dag_crawl_search_page.py
Traceback (most recent call last):
  File "/home/airflow/.local/lib/python3.12/site-packages/airflow/models/dagbag.py", line 383, in parse
    loader.exec_module(new_module)
  File "<frozen importlib._bootstrap_external>", line 999, in exec_module
  File "<frozen importlib._bootstrap>", line 488, in _call_with_frames_removed
  File "/opt/airflow/dags/dag_crawl_search_page.py", line 6, in <module>
    from job_crawler.beautifulsoup.crawl_search_page import crawl_multiple_keywords
  File "/opt/airflow/dags/job_crawler/beautifulsoup/crawl_search_page.py", line 160
    
    ^
IndentationError: expected an indented block after function definition on line 159
[2025-11-22T13:12:38.896+0000] {processor.py:927} WARNING - No viable dags retrieved from /opt/airflow/dags/dag_crawl_search_page.py
[2025-11-22T13:12:38.913+0000] {processor.py:208} INFO - Processing /opt/airflow/dags/dag_crawl_search_page.py took 0.090 seconds
[2025-11-22T13:13:09.216+0000] {processor.py:186} INFO - Started process (PID=3687) to work on /opt/airflow/dags/dag_crawl_search_page.py
[2025-11-22T13:13:09.217+0000] {processor.py:914} INFO - Processing file /opt/airflow/dags/dag_crawl_search_page.py for tasks to queue
[2025-11-22T13:13:09.218+0000] {logging_mixin.py:190} INFO - [2025-11-22T13:13:09.218+0000] {dagbag.py:588} INFO - Filling up the DagBag from /opt/airflow/dags/dag_crawl_search_page.py
[2025-11-22T13:13:09.260+0000] {logging_mixin.py:190} INFO - [2025-11-22T13:13:09.257+0000] {dagbag.py:387} ERROR - Failed to import: /opt/airflow/dags/dag_crawl_search_page.py
Traceback (most recent call last):
  File "/home/airflow/.local/lib/python3.12/site-packages/airflow/models/dagbag.py", line 383, in parse
    loader.exec_module(new_module)
  File "<frozen importlib._bootstrap_external>", line 999, in exec_module
  File "<frozen importlib._bootstrap>", line 488, in _call_with_frames_removed
  File "/opt/airflow/dags/dag_crawl_search_page.py", line 6, in <module>
    from job_crawler.beautifulsoup.crawl_search_page import crawl_multiple_keywords
  File "/opt/airflow/dags/job_crawler/beautifulsoup/crawl_search_page.py", line 160
    
    ^
IndentationError: expected an indented block after function definition on line 159
[2025-11-22T13:13:09.261+0000] {processor.py:927} WARNING - No viable dags retrieved from /opt/airflow/dags/dag_crawl_search_page.py
[2025-11-22T13:13:09.277+0000] {processor.py:208} INFO - Processing /opt/airflow/dags/dag_crawl_search_page.py took 0.067 seconds
[2025-11-22T13:13:39.655+0000] {processor.py:186} INFO - Started process (PID=3698) to work on /opt/airflow/dags/dag_crawl_search_page.py
[2025-11-22T13:13:39.656+0000] {processor.py:914} INFO - Processing file /opt/airflow/dags/dag_crawl_search_page.py for tasks to queue
[2025-11-22T13:13:39.657+0000] {logging_mixin.py:190} INFO - [2025-11-22T13:13:39.657+0000] {dagbag.py:588} INFO - Filling up the DagBag from /opt/airflow/dags/dag_crawl_search_page.py
[2025-11-22T13:13:39.696+0000] {logging_mixin.py:190} INFO - [2025-11-22T13:13:39.692+0000] {dagbag.py:387} ERROR - Failed to import: /opt/airflow/dags/dag_crawl_search_page.py
Traceback (most recent call last):
  File "/home/airflow/.local/lib/python3.12/site-packages/airflow/models/dagbag.py", line 383, in parse
    loader.exec_module(new_module)
  File "<frozen importlib._bootstrap_external>", line 999, in exec_module
  File "<frozen importlib._bootstrap>", line 488, in _call_with_frames_removed
  File "/opt/airflow/dags/dag_crawl_search_page.py", line 6, in <module>
    from job_crawler.beautifulsoup.crawl_search_page import crawl_multiple_keywords
  File "/opt/airflow/dags/job_crawler/beautifulsoup/crawl_search_page.py", line 160
    
    ^
IndentationError: expected an indented block after function definition on line 159
[2025-11-22T13:13:39.697+0000] {processor.py:927} WARNING - No viable dags retrieved from /opt/airflow/dags/dag_crawl_search_page.py
[2025-11-22T13:13:39.712+0000] {processor.py:208} INFO - Processing /opt/airflow/dags/dag_crawl_search_page.py took 0.063 seconds
[2025-11-22T13:14:10.070+0000] {processor.py:186} INFO - Started process (PID=3709) to work on /opt/airflow/dags/dag_crawl_search_page.py
[2025-11-22T13:14:10.071+0000] {processor.py:914} INFO - Processing file /opt/airflow/dags/dag_crawl_search_page.py for tasks to queue
[2025-11-22T13:14:10.073+0000] {logging_mixin.py:190} INFO - [2025-11-22T13:14:10.072+0000] {dagbag.py:588} INFO - Filling up the DagBag from /opt/airflow/dags/dag_crawl_search_page.py
[2025-11-22T13:14:10.113+0000] {logging_mixin.py:190} INFO - [2025-11-22T13:14:10.110+0000] {dagbag.py:387} ERROR - Failed to import: /opt/airflow/dags/dag_crawl_search_page.py
Traceback (most recent call last):
  File "/home/airflow/.local/lib/python3.12/site-packages/airflow/models/dagbag.py", line 383, in parse
    loader.exec_module(new_module)
  File "<frozen importlib._bootstrap_external>", line 999, in exec_module
  File "<frozen importlib._bootstrap>", line 488, in _call_with_frames_removed
  File "/opt/airflow/dags/dag_crawl_search_page.py", line 6, in <module>
    from job_crawler.beautifulsoup.crawl_search_page import crawl_multiple_keywords
  File "/opt/airflow/dags/job_crawler/beautifulsoup/crawl_search_page.py", line 160
    
    ^
IndentationError: expected an indented block after function definition on line 159
[2025-11-22T13:14:10.114+0000] {processor.py:927} WARNING - No viable dags retrieved from /opt/airflow/dags/dag_crawl_search_page.py
[2025-11-22T13:14:10.130+0000] {processor.py:208} INFO - Processing /opt/airflow/dags/dag_crawl_search_page.py took 0.066 seconds
[2025-11-22T13:14:40.506+0000] {processor.py:186} INFO - Started process (PID=3720) to work on /opt/airflow/dags/dag_crawl_search_page.py
[2025-11-22T13:14:40.507+0000] {processor.py:914} INFO - Processing file /opt/airflow/dags/dag_crawl_search_page.py for tasks to queue
[2025-11-22T13:14:40.508+0000] {logging_mixin.py:190} INFO - [2025-11-22T13:14:40.508+0000] {dagbag.py:588} INFO - Filling up the DagBag from /opt/airflow/dags/dag_crawl_search_page.py
[2025-11-22T13:14:40.557+0000] {logging_mixin.py:190} INFO - [2025-11-22T13:14:40.555+0000] {dagbag.py:387} ERROR - Failed to import: /opt/airflow/dags/dag_crawl_search_page.py
Traceback (most recent call last):
  File "/home/airflow/.local/lib/python3.12/site-packages/airflow/models/dagbag.py", line 383, in parse
    loader.exec_module(new_module)
  File "<frozen importlib._bootstrap_external>", line 999, in exec_module
  File "<frozen importlib._bootstrap>", line 488, in _call_with_frames_removed
  File "/opt/airflow/dags/dag_crawl_search_page.py", line 6, in <module>
    from job_crawler.beautifulsoup.crawl_search_page import crawl_multiple_keywords
  File "/opt/airflow/dags/job_crawler/beautifulsoup/crawl_search_page.py", line 160
    
    ^
IndentationError: expected an indented block after function definition on line 159
[2025-11-22T13:14:40.558+0000] {processor.py:927} WARNING - No viable dags retrieved from /opt/airflow/dags/dag_crawl_search_page.py
[2025-11-22T13:14:40.573+0000] {processor.py:208} INFO - Processing /opt/airflow/dags/dag_crawl_search_page.py took 0.073 seconds
[2025-11-22T13:15:11.230+0000] {processor.py:186} INFO - Started process (PID=3731) to work on /opt/airflow/dags/dag_crawl_search_page.py
[2025-11-22T13:15:11.230+0000] {processor.py:914} INFO - Processing file /opt/airflow/dags/dag_crawl_search_page.py for tasks to queue
[2025-11-22T13:15:11.232+0000] {logging_mixin.py:190} INFO - [2025-11-22T13:15:11.232+0000] {dagbag.py:588} INFO - Filling up the DagBag from /opt/airflow/dags/dag_crawl_search_page.py
[2025-11-22T13:15:11.270+0000] {logging_mixin.py:190} INFO - [2025-11-22T13:15:11.268+0000] {dagbag.py:387} ERROR - Failed to import: /opt/airflow/dags/dag_crawl_search_page.py
Traceback (most recent call last):
  File "/home/airflow/.local/lib/python3.12/site-packages/airflow/models/dagbag.py", line 383, in parse
    loader.exec_module(new_module)
  File "<frozen importlib._bootstrap_external>", line 999, in exec_module
  File "<frozen importlib._bootstrap>", line 488, in _call_with_frames_removed
  File "/opt/airflow/dags/dag_crawl_search_page.py", line 6, in <module>
    from job_crawler.beautifulsoup.crawl_search_page import crawl_multiple_keywords
  File "/opt/airflow/dags/job_crawler/beautifulsoup/crawl_search_page.py", line 160
    
    ^
IndentationError: expected an indented block after function definition on line 159
[2025-11-22T13:15:11.271+0000] {processor.py:927} WARNING - No viable dags retrieved from /opt/airflow/dags/dag_crawl_search_page.py
[2025-11-22T13:15:11.286+0000] {processor.py:208} INFO - Processing /opt/airflow/dags/dag_crawl_search_page.py took 0.062 seconds
[2025-11-22T13:15:41.659+0000] {processor.py:186} INFO - Started process (PID=3742) to work on /opt/airflow/dags/dag_crawl_search_page.py
[2025-11-22T13:15:41.660+0000] {processor.py:914} INFO - Processing file /opt/airflow/dags/dag_crawl_search_page.py for tasks to queue
[2025-11-22T13:15:41.662+0000] {logging_mixin.py:190} INFO - [2025-11-22T13:15:41.661+0000] {dagbag.py:588} INFO - Filling up the DagBag from /opt/airflow/dags/dag_crawl_search_page.py
[2025-11-22T13:15:41.724+0000] {logging_mixin.py:190} INFO - [2025-11-22T13:15:41.721+0000] {dagbag.py:387} ERROR - Failed to import: /opt/airflow/dags/dag_crawl_search_page.py
Traceback (most recent call last):
  File "/home/airflow/.local/lib/python3.12/site-packages/airflow/models/dagbag.py", line 383, in parse
    loader.exec_module(new_module)
  File "<frozen importlib._bootstrap_external>", line 999, in exec_module
  File "<frozen importlib._bootstrap>", line 488, in _call_with_frames_removed
  File "/opt/airflow/dags/dag_crawl_search_page.py", line 6, in <module>
    from job_crawler.beautifulsoup.crawl_search_page import crawl_multiple_keywords
  File "/opt/airflow/dags/job_crawler/beautifulsoup/crawl_search_page.py", line 160
    
    ^
IndentationError: expected an indented block after function definition on line 159
[2025-11-22T13:15:41.725+0000] {processor.py:927} WARNING - No viable dags retrieved from /opt/airflow/dags/dag_crawl_search_page.py
[2025-11-22T13:15:41.745+0000] {processor.py:208} INFO - Processing /opt/airflow/dags/dag_crawl_search_page.py took 0.098 seconds
[2025-11-22T13:16:12.093+0000] {processor.py:186} INFO - Started process (PID=3753) to work on /opt/airflow/dags/dag_crawl_search_page.py
[2025-11-22T13:16:12.094+0000] {processor.py:914} INFO - Processing file /opt/airflow/dags/dag_crawl_search_page.py for tasks to queue
[2025-11-22T13:16:12.095+0000] {logging_mixin.py:190} INFO - [2025-11-22T13:16:12.095+0000] {dagbag.py:588} INFO - Filling up the DagBag from /opt/airflow/dags/dag_crawl_search_page.py
[2025-11-22T13:16:12.149+0000] {logging_mixin.py:190} INFO - [2025-11-22T13:16:12.145+0000] {dagbag.py:387} ERROR - Failed to import: /opt/airflow/dags/dag_crawl_search_page.py
Traceback (most recent call last):
  File "/home/airflow/.local/lib/python3.12/site-packages/airflow/models/dagbag.py", line 383, in parse
    loader.exec_module(new_module)
  File "<frozen importlib._bootstrap_external>", line 999, in exec_module
  File "<frozen importlib._bootstrap>", line 488, in _call_with_frames_removed
  File "/opt/airflow/dags/dag_crawl_search_page.py", line 6, in <module>
    from job_crawler.beautifulsoup.crawl_search_page import crawl_multiple_keywords
  File "/opt/airflow/dags/job_crawler/beautifulsoup/crawl_search_page.py", line 160
    
    ^
IndentationError: expected an indented block after function definition on line 159
[2025-11-22T13:16:12.150+0000] {processor.py:927} WARNING - No viable dags retrieved from /opt/airflow/dags/dag_crawl_search_page.py
[2025-11-22T13:16:12.166+0000] {processor.py:208} INFO - Processing /opt/airflow/dags/dag_crawl_search_page.py took 0.078 seconds
[2025-11-22T13:16:42.467+0000] {processor.py:186} INFO - Started process (PID=3764) to work on /opt/airflow/dags/dag_crawl_search_page.py
[2025-11-22T13:16:42.468+0000] {processor.py:914} INFO - Processing file /opt/airflow/dags/dag_crawl_search_page.py for tasks to queue
[2025-11-22T13:16:42.469+0000] {logging_mixin.py:190} INFO - [2025-11-22T13:16:42.469+0000] {dagbag.py:588} INFO - Filling up the DagBag from /opt/airflow/dags/dag_crawl_search_page.py
[2025-11-22T13:16:42.517+0000] {logging_mixin.py:190} INFO - [2025-11-22T13:16:42.514+0000] {dagbag.py:387} ERROR - Failed to import: /opt/airflow/dags/dag_crawl_search_page.py
Traceback (most recent call last):
  File "/home/airflow/.local/lib/python3.12/site-packages/airflow/models/dagbag.py", line 383, in parse
    loader.exec_module(new_module)
  File "<frozen importlib._bootstrap_external>", line 999, in exec_module
  File "<frozen importlib._bootstrap>", line 488, in _call_with_frames_removed
  File "/opt/airflow/dags/dag_crawl_search_page.py", line 6, in <module>
    from job_crawler.beautifulsoup.crawl_search_page import crawl_multiple_keywords
  File "/opt/airflow/dags/job_crawler/beautifulsoup/crawl_search_page.py", line 160
    
    ^
IndentationError: expected an indented block after function definition on line 159
[2025-11-22T13:16:42.518+0000] {processor.py:927} WARNING - No viable dags retrieved from /opt/airflow/dags/dag_crawl_search_page.py
[2025-11-22T13:16:42.533+0000] {processor.py:208} INFO - Processing /opt/airflow/dags/dag_crawl_search_page.py took 0.073 seconds
[2025-11-22T13:17:12.948+0000] {processor.py:186} INFO - Started process (PID=3775) to work on /opt/airflow/dags/dag_crawl_search_page.py
[2025-11-22T13:17:12.949+0000] {processor.py:914} INFO - Processing file /opt/airflow/dags/dag_crawl_search_page.py for tasks to queue
[2025-11-22T13:17:12.950+0000] {logging_mixin.py:190} INFO - [2025-11-22T13:17:12.949+0000] {dagbag.py:588} INFO - Filling up the DagBag from /opt/airflow/dags/dag_crawl_search_page.py
[2025-11-22T13:17:12.989+0000] {logging_mixin.py:190} INFO - [2025-11-22T13:17:12.987+0000] {dagbag.py:387} ERROR - Failed to import: /opt/airflow/dags/dag_crawl_search_page.py
Traceback (most recent call last):
  File "/home/airflow/.local/lib/python3.12/site-packages/airflow/models/dagbag.py", line 383, in parse
    loader.exec_module(new_module)
  File "<frozen importlib._bootstrap_external>", line 999, in exec_module
  File "<frozen importlib._bootstrap>", line 488, in _call_with_frames_removed
  File "/opt/airflow/dags/dag_crawl_search_page.py", line 6, in <module>
    from job_crawler.beautifulsoup.crawl_search_page import crawl_multiple_keywords
  File "/opt/airflow/dags/job_crawler/beautifulsoup/crawl_search_page.py", line 160
    
    ^
IndentationError: expected an indented block after function definition on line 159
[2025-11-22T13:17:12.991+0000] {processor.py:927} WARNING - No viable dags retrieved from /opt/airflow/dags/dag_crawl_search_page.py
[2025-11-22T13:17:13.006+0000] {processor.py:208} INFO - Processing /opt/airflow/dags/dag_crawl_search_page.py took 0.063 seconds
[2025-11-22T13:17:43.353+0000] {processor.py:186} INFO - Started process (PID=3786) to work on /opt/airflow/dags/dag_crawl_search_page.py
[2025-11-22T13:17:43.354+0000] {processor.py:914} INFO - Processing file /opt/airflow/dags/dag_crawl_search_page.py for tasks to queue
[2025-11-22T13:17:43.355+0000] {logging_mixin.py:190} INFO - [2025-11-22T13:17:43.355+0000] {dagbag.py:588} INFO - Filling up the DagBag from /opt/airflow/dags/dag_crawl_search_page.py
[2025-11-22T13:17:43.392+0000] {logging_mixin.py:190} INFO - [2025-11-22T13:17:43.390+0000] {dagbag.py:387} ERROR - Failed to import: /opt/airflow/dags/dag_crawl_search_page.py
Traceback (most recent call last):
  File "/home/airflow/.local/lib/python3.12/site-packages/airflow/models/dagbag.py", line 383, in parse
    loader.exec_module(new_module)
  File "<frozen importlib._bootstrap_external>", line 999, in exec_module
  File "<frozen importlib._bootstrap>", line 488, in _call_with_frames_removed
  File "/opt/airflow/dags/dag_crawl_search_page.py", line 6, in <module>
    from job_crawler.beautifulsoup.crawl_search_page import crawl_multiple_keywords
  File "/opt/airflow/dags/job_crawler/beautifulsoup/crawl_search_page.py", line 160
    
    ^
IndentationError: expected an indented block after function definition on line 159
[2025-11-22T13:17:43.393+0000] {processor.py:927} WARNING - No viable dags retrieved from /opt/airflow/dags/dag_crawl_search_page.py
[2025-11-22T13:17:43.408+0000] {processor.py:208} INFO - Processing /opt/airflow/dags/dag_crawl_search_page.py took 0.061 seconds
[2025-11-22T13:18:13.793+0000] {processor.py:186} INFO - Started process (PID=3797) to work on /opt/airflow/dags/dag_crawl_search_page.py
[2025-11-22T13:18:13.795+0000] {processor.py:914} INFO - Processing file /opt/airflow/dags/dag_crawl_search_page.py for tasks to queue
[2025-11-22T13:18:13.796+0000] {logging_mixin.py:190} INFO - [2025-11-22T13:18:13.796+0000] {dagbag.py:588} INFO - Filling up the DagBag from /opt/airflow/dags/dag_crawl_search_page.py
[2025-11-22T13:18:13.835+0000] {logging_mixin.py:190} INFO - [2025-11-22T13:18:13.832+0000] {dagbag.py:387} ERROR - Failed to import: /opt/airflow/dags/dag_crawl_search_page.py
Traceback (most recent call last):
  File "/home/airflow/.local/lib/python3.12/site-packages/airflow/models/dagbag.py", line 383, in parse
    loader.exec_module(new_module)
  File "<frozen importlib._bootstrap_external>", line 999, in exec_module
  File "<frozen importlib._bootstrap>", line 488, in _call_with_frames_removed
  File "/opt/airflow/dags/dag_crawl_search_page.py", line 6, in <module>
    from job_crawler.beautifulsoup.crawl_search_page import crawl_multiple_keywords
  File "/opt/airflow/dags/job_crawler/beautifulsoup/crawl_search_page.py", line 160
    
    ^
IndentationError: expected an indented block after function definition on line 159
[2025-11-22T13:18:13.836+0000] {processor.py:927} WARNING - No viable dags retrieved from /opt/airflow/dags/dag_crawl_search_page.py
[2025-11-22T13:18:13.870+0000] {processor.py:208} INFO - Processing /opt/airflow/dags/dag_crawl_search_page.py took 0.082 seconds
[2025-11-22T13:18:44.198+0000] {processor.py:186} INFO - Started process (PID=3808) to work on /opt/airflow/dags/dag_crawl_search_page.py
[2025-11-22T13:18:44.199+0000] {processor.py:914} INFO - Processing file /opt/airflow/dags/dag_crawl_search_page.py for tasks to queue
[2025-11-22T13:18:44.201+0000] {logging_mixin.py:190} INFO - [2025-11-22T13:18:44.200+0000] {dagbag.py:588} INFO - Filling up the DagBag from /opt/airflow/dags/dag_crawl_search_page.py
[2025-11-22T13:18:44.258+0000] {logging_mixin.py:190} INFO - [2025-11-22T13:18:44.256+0000] {dagbag.py:387} ERROR - Failed to import: /opt/airflow/dags/dag_crawl_search_page.py
Traceback (most recent call last):
  File "/home/airflow/.local/lib/python3.12/site-packages/airflow/models/dagbag.py", line 383, in parse
    loader.exec_module(new_module)
  File "<frozen importlib._bootstrap_external>", line 999, in exec_module
  File "<frozen importlib._bootstrap>", line 488, in _call_with_frames_removed
  File "/opt/airflow/dags/dag_crawl_search_page.py", line 6, in <module>
    from job_crawler.beautifulsoup.crawl_search_page import crawl_multiple_keywords
  File "/opt/airflow/dags/job_crawler/beautifulsoup/crawl_search_page.py", line 160
    
    ^
IndentationError: expected an indented block after function definition on line 159
[2025-11-22T13:18:44.259+0000] {processor.py:927} WARNING - No viable dags retrieved from /opt/airflow/dags/dag_crawl_search_page.py
[2025-11-22T13:18:44.275+0000] {processor.py:208} INFO - Processing /opt/airflow/dags/dag_crawl_search_page.py took 0.082 seconds
[2025-11-22T13:19:14.628+0000] {processor.py:186} INFO - Started process (PID=3819) to work on /opt/airflow/dags/dag_crawl_search_page.py
[2025-11-22T13:19:14.629+0000] {processor.py:914} INFO - Processing file /opt/airflow/dags/dag_crawl_search_page.py for tasks to queue
[2025-11-22T13:19:14.630+0000] {logging_mixin.py:190} INFO - [2025-11-22T13:19:14.630+0000] {dagbag.py:588} INFO - Filling up the DagBag from /opt/airflow/dags/dag_crawl_search_page.py
[2025-11-22T13:19:14.687+0000] {logging_mixin.py:190} INFO - [2025-11-22T13:19:14.685+0000] {dagbag.py:387} ERROR - Failed to import: /opt/airflow/dags/dag_crawl_search_page.py
Traceback (most recent call last):
  File "/home/airflow/.local/lib/python3.12/site-packages/airflow/models/dagbag.py", line 383, in parse
    loader.exec_module(new_module)
  File "<frozen importlib._bootstrap_external>", line 999, in exec_module
  File "<frozen importlib._bootstrap>", line 488, in _call_with_frames_removed
  File "/opt/airflow/dags/dag_crawl_search_page.py", line 6, in <module>
    from job_crawler.beautifulsoup.crawl_search_page import crawl_multiple_keywords
  File "/opt/airflow/dags/job_crawler/beautifulsoup/crawl_search_page.py", line 160
    
    ^
IndentationError: expected an indented block after function definition on line 159
[2025-11-22T13:19:14.688+0000] {processor.py:927} WARNING - No viable dags retrieved from /opt/airflow/dags/dag_crawl_search_page.py
[2025-11-22T13:19:14.703+0000] {processor.py:208} INFO - Processing /opt/airflow/dags/dag_crawl_search_page.py took 0.081 seconds
[2025-11-22T13:19:45.078+0000] {processor.py:186} INFO - Started process (PID=3830) to work on /opt/airflow/dags/dag_crawl_search_page.py
[2025-11-22T13:19:45.079+0000] {processor.py:914} INFO - Processing file /opt/airflow/dags/dag_crawl_search_page.py for tasks to queue
[2025-11-22T13:19:45.081+0000] {logging_mixin.py:190} INFO - [2025-11-22T13:19:45.080+0000] {dagbag.py:588} INFO - Filling up the DagBag from /opt/airflow/dags/dag_crawl_search_page.py
[2025-11-22T13:19:45.120+0000] {logging_mixin.py:190} INFO - [2025-11-22T13:19:45.118+0000] {dagbag.py:387} ERROR - Failed to import: /opt/airflow/dags/dag_crawl_search_page.py
Traceback (most recent call last):
  File "/home/airflow/.local/lib/python3.12/site-packages/airflow/models/dagbag.py", line 383, in parse
    loader.exec_module(new_module)
  File "<frozen importlib._bootstrap_external>", line 999, in exec_module
  File "<frozen importlib._bootstrap>", line 488, in _call_with_frames_removed
  File "/opt/airflow/dags/dag_crawl_search_page.py", line 6, in <module>
    from job_crawler.beautifulsoup.crawl_search_page import crawl_multiple_keywords
  File "/opt/airflow/dags/job_crawler/beautifulsoup/crawl_search_page.py", line 160
    
    ^
IndentationError: expected an indented block after function definition on line 159
[2025-11-22T13:19:45.122+0000] {processor.py:927} WARNING - No viable dags retrieved from /opt/airflow/dags/dag_crawl_search_page.py
[2025-11-22T13:19:45.139+0000] {processor.py:208} INFO - Processing /opt/airflow/dags/dag_crawl_search_page.py took 0.067 seconds
[2025-11-22T13:20:15.810+0000] {processor.py:186} INFO - Started process (PID=3841) to work on /opt/airflow/dags/dag_crawl_search_page.py
[2025-11-22T13:20:15.811+0000] {processor.py:914} INFO - Processing file /opt/airflow/dags/dag_crawl_search_page.py for tasks to queue
[2025-11-22T13:20:15.813+0000] {logging_mixin.py:190} INFO - [2025-11-22T13:20:15.812+0000] {dagbag.py:588} INFO - Filling up the DagBag from /opt/airflow/dags/dag_crawl_search_page.py
[2025-11-22T13:20:15.851+0000] {logging_mixin.py:190} INFO - [2025-11-22T13:20:15.849+0000] {dagbag.py:387} ERROR - Failed to import: /opt/airflow/dags/dag_crawl_search_page.py
Traceback (most recent call last):
  File "/home/airflow/.local/lib/python3.12/site-packages/airflow/models/dagbag.py", line 383, in parse
    loader.exec_module(new_module)
  File "<frozen importlib._bootstrap_external>", line 999, in exec_module
  File "<frozen importlib._bootstrap>", line 488, in _call_with_frames_removed
  File "/opt/airflow/dags/dag_crawl_search_page.py", line 6, in <module>
    from job_crawler.beautifulsoup.crawl_search_page import crawl_multiple_keywords
  File "/opt/airflow/dags/job_crawler/beautifulsoup/crawl_search_page.py", line 160
    
    ^
IndentationError: expected an indented block after function definition on line 159
[2025-11-22T13:20:15.852+0000] {processor.py:927} WARNING - No viable dags retrieved from /opt/airflow/dags/dag_crawl_search_page.py
[2025-11-22T13:20:15.867+0000] {processor.py:208} INFO - Processing /opt/airflow/dags/dag_crawl_search_page.py took 0.062 seconds
[2025-11-22T13:20:46.219+0000] {processor.py:186} INFO - Started process (PID=3852) to work on /opt/airflow/dags/dag_crawl_search_page.py
[2025-11-22T13:20:46.220+0000] {processor.py:914} INFO - Processing file /opt/airflow/dags/dag_crawl_search_page.py for tasks to queue
[2025-11-22T13:20:46.221+0000] {logging_mixin.py:190} INFO - [2025-11-22T13:20:46.221+0000] {dagbag.py:588} INFO - Filling up the DagBag from /opt/airflow/dags/dag_crawl_search_page.py
[2025-11-22T13:20:46.261+0000] {logging_mixin.py:190} INFO - [2025-11-22T13:20:46.258+0000] {dagbag.py:387} ERROR - Failed to import: /opt/airflow/dags/dag_crawl_search_page.py
Traceback (most recent call last):
  File "/home/airflow/.local/lib/python3.12/site-packages/airflow/models/dagbag.py", line 383, in parse
    loader.exec_module(new_module)
  File "<frozen importlib._bootstrap_external>", line 999, in exec_module
  File "<frozen importlib._bootstrap>", line 488, in _call_with_frames_removed
  File "/opt/airflow/dags/dag_crawl_search_page.py", line 6, in <module>
    from job_crawler.beautifulsoup.crawl_search_page import crawl_multiple_keywords
  File "/opt/airflow/dags/job_crawler/beautifulsoup/crawl_search_page.py", line 160
    
    ^
IndentationError: expected an indented block after function definition on line 159
[2025-11-22T13:20:46.262+0000] {processor.py:927} WARNING - No viable dags retrieved from /opt/airflow/dags/dag_crawl_search_page.py
[2025-11-22T13:20:46.277+0000] {processor.py:208} INFO - Processing /opt/airflow/dags/dag_crawl_search_page.py took 0.064 seconds
[2025-11-22T13:21:16.658+0000] {processor.py:186} INFO - Started process (PID=3863) to work on /opt/airflow/dags/dag_crawl_search_page.py
[2025-11-22T13:21:16.659+0000] {processor.py:914} INFO - Processing file /opt/airflow/dags/dag_crawl_search_page.py for tasks to queue
[2025-11-22T13:21:16.660+0000] {logging_mixin.py:190} INFO - [2025-11-22T13:21:16.660+0000] {dagbag.py:588} INFO - Filling up the DagBag from /opt/airflow/dags/dag_crawl_search_page.py
[2025-11-22T13:21:16.697+0000] {logging_mixin.py:190} INFO - [2025-11-22T13:21:16.695+0000] {dagbag.py:387} ERROR - Failed to import: /opt/airflow/dags/dag_crawl_search_page.py
Traceback (most recent call last):
  File "/home/airflow/.local/lib/python3.12/site-packages/airflow/models/dagbag.py", line 383, in parse
    loader.exec_module(new_module)
  File "<frozen importlib._bootstrap_external>", line 999, in exec_module
  File "<frozen importlib._bootstrap>", line 488, in _call_with_frames_removed
  File "/opt/airflow/dags/dag_crawl_search_page.py", line 6, in <module>
    from job_crawler.beautifulsoup.crawl_search_page import crawl_multiple_keywords
  File "/opt/airflow/dags/job_crawler/beautifulsoup/crawl_search_page.py", line 160
    
    ^
IndentationError: expected an indented block after function definition on line 159
[2025-11-22T13:21:16.699+0000] {processor.py:927} WARNING - No viable dags retrieved from /opt/airflow/dags/dag_crawl_search_page.py
[2025-11-22T13:21:16.714+0000] {processor.py:208} INFO - Processing /opt/airflow/dags/dag_crawl_search_page.py took 0.061 seconds
[2025-11-22T13:21:47.230+0000] {processor.py:186} INFO - Started process (PID=3874) to work on /opt/airflow/dags/dag_crawl_search_page.py
[2025-11-22T13:21:47.232+0000] {processor.py:914} INFO - Processing file /opt/airflow/dags/dag_crawl_search_page.py for tasks to queue
[2025-11-22T13:21:47.234+0000] {logging_mixin.py:190} INFO - [2025-11-22T13:21:47.234+0000] {dagbag.py:588} INFO - Filling up the DagBag from /opt/airflow/dags/dag_crawl_search_page.py
[2025-11-22T13:21:47.315+0000] {logging_mixin.py:190} INFO - [2025-11-22T13:21:47.312+0000] {dagbag.py:387} ERROR - Failed to import: /opt/airflow/dags/dag_crawl_search_page.py
Traceback (most recent call last):
  File "/home/airflow/.local/lib/python3.12/site-packages/airflow/models/dagbag.py", line 383, in parse
    loader.exec_module(new_module)
  File "<frozen importlib._bootstrap_external>", line 999, in exec_module
  File "<frozen importlib._bootstrap>", line 488, in _call_with_frames_removed
  File "/opt/airflow/dags/dag_crawl_search_page.py", line 6, in <module>
    from job_crawler.beautifulsoup.crawl_search_page import crawl_multiple_keywords
  File "/opt/airflow/dags/job_crawler/beautifulsoup/crawl_search_page.py", line 160
    
    ^
IndentationError: expected an indented block after function definition on line 159
[2025-11-22T13:21:47.317+0000] {processor.py:927} WARNING - No viable dags retrieved from /opt/airflow/dags/dag_crawl_search_page.py
[2025-11-22T13:21:47.340+0000] {processor.py:208} INFO - Processing /opt/airflow/dags/dag_crawl_search_page.py took 0.118 seconds
[2025-11-22T13:22:17.626+0000] {processor.py:186} INFO - Started process (PID=3885) to work on /opt/airflow/dags/dag_crawl_search_page.py
[2025-11-22T13:22:17.627+0000] {processor.py:914} INFO - Processing file /opt/airflow/dags/dag_crawl_search_page.py for tasks to queue
[2025-11-22T13:22:17.628+0000] {logging_mixin.py:190} INFO - [2025-11-22T13:22:17.628+0000] {dagbag.py:588} INFO - Filling up the DagBag from /opt/airflow/dags/dag_crawl_search_page.py
[2025-11-22T13:22:17.679+0000] {logging_mixin.py:190} INFO - [2025-11-22T13:22:17.676+0000] {dagbag.py:387} ERROR - Failed to import: /opt/airflow/dags/dag_crawl_search_page.py
Traceback (most recent call last):
  File "/home/airflow/.local/lib/python3.12/site-packages/airflow/models/dagbag.py", line 383, in parse
    loader.exec_module(new_module)
  File "<frozen importlib._bootstrap_external>", line 999, in exec_module
  File "<frozen importlib._bootstrap>", line 488, in _call_with_frames_removed
  File "/opt/airflow/dags/dag_crawl_search_page.py", line 6, in <module>
    from job_crawler.beautifulsoup.crawl_search_page import crawl_multiple_keywords
  File "/opt/airflow/dags/job_crawler/beautifulsoup/crawl_search_page.py", line 160
    
    ^
IndentationError: expected an indented block after function definition on line 159
[2025-11-22T13:22:17.680+0000] {processor.py:927} WARNING - No viable dags retrieved from /opt/airflow/dags/dag_crawl_search_page.py
[2025-11-22T13:22:17.695+0000] {processor.py:208} INFO - Processing /opt/airflow/dags/dag_crawl_search_page.py took 0.075 seconds
[2025-11-22T13:22:48.051+0000] {processor.py:186} INFO - Started process (PID=3896) to work on /opt/airflow/dags/dag_crawl_search_page.py
[2025-11-22T13:22:48.052+0000] {processor.py:914} INFO - Processing file /opt/airflow/dags/dag_crawl_search_page.py for tasks to queue
[2025-11-22T13:22:48.053+0000] {logging_mixin.py:190} INFO - [2025-11-22T13:22:48.053+0000] {dagbag.py:588} INFO - Filling up the DagBag from /opt/airflow/dags/dag_crawl_search_page.py
[2025-11-22T13:22:48.092+0000] {logging_mixin.py:190} INFO - [2025-11-22T13:22:48.089+0000] {dagbag.py:387} ERROR - Failed to import: /opt/airflow/dags/dag_crawl_search_page.py
Traceback (most recent call last):
  File "/home/airflow/.local/lib/python3.12/site-packages/airflow/models/dagbag.py", line 383, in parse
    loader.exec_module(new_module)
  File "<frozen importlib._bootstrap_external>", line 999, in exec_module
  File "<frozen importlib._bootstrap>", line 488, in _call_with_frames_removed
  File "/opt/airflow/dags/dag_crawl_search_page.py", line 6, in <module>
    from job_crawler.beautifulsoup.crawl_search_page import crawl_multiple_keywords
  File "/opt/airflow/dags/job_crawler/beautifulsoup/crawl_search_page.py", line 160
    
    ^
IndentationError: expected an indented block after function definition on line 159
[2025-11-22T13:22:48.093+0000] {processor.py:927} WARNING - No viable dags retrieved from /opt/airflow/dags/dag_crawl_search_page.py
[2025-11-22T13:22:48.107+0000] {processor.py:208} INFO - Processing /opt/airflow/dags/dag_crawl_search_page.py took 0.062 seconds
[2025-11-22T13:23:18.492+0000] {processor.py:186} INFO - Started process (PID=3907) to work on /opt/airflow/dags/dag_crawl_search_page.py
[2025-11-22T13:23:18.493+0000] {processor.py:914} INFO - Processing file /opt/airflow/dags/dag_crawl_search_page.py for tasks to queue
[2025-11-22T13:23:18.495+0000] {logging_mixin.py:190} INFO - [2025-11-22T13:23:18.494+0000] {dagbag.py:588} INFO - Filling up the DagBag from /opt/airflow/dags/dag_crawl_search_page.py
[2025-11-22T13:23:18.532+0000] {logging_mixin.py:190} INFO - [2025-11-22T13:23:18.530+0000] {dagbag.py:387} ERROR - Failed to import: /opt/airflow/dags/dag_crawl_search_page.py
Traceback (most recent call last):
  File "/home/airflow/.local/lib/python3.12/site-packages/airflow/models/dagbag.py", line 383, in parse
    loader.exec_module(new_module)
  File "<frozen importlib._bootstrap_external>", line 999, in exec_module
  File "<frozen importlib._bootstrap>", line 488, in _call_with_frames_removed
  File "/opt/airflow/dags/dag_crawl_search_page.py", line 6, in <module>
    from job_crawler.beautifulsoup.crawl_search_page import crawl_multiple_keywords
  File "/opt/airflow/dags/job_crawler/beautifulsoup/crawl_search_page.py", line 160
    
    ^
IndentationError: expected an indented block after function definition on line 159
[2025-11-22T13:23:18.533+0000] {processor.py:927} WARNING - No viable dags retrieved from /opt/airflow/dags/dag_crawl_search_page.py
[2025-11-22T13:23:18.548+0000] {processor.py:208} INFO - Processing /opt/airflow/dags/dag_crawl_search_page.py took 0.061 seconds
[2025-11-22T13:23:48.913+0000] {processor.py:186} INFO - Started process (PID=3918) to work on /opt/airflow/dags/dag_crawl_search_page.py
[2025-11-22T13:23:48.914+0000] {processor.py:914} INFO - Processing file /opt/airflow/dags/dag_crawl_search_page.py for tasks to queue
[2025-11-22T13:23:48.916+0000] {logging_mixin.py:190} INFO - [2025-11-22T13:23:48.916+0000] {dagbag.py:588} INFO - Filling up the DagBag from /opt/airflow/dags/dag_crawl_search_page.py
[2025-11-22T13:23:48.961+0000] {logging_mixin.py:190} INFO - [2025-11-22T13:23:48.958+0000] {dagbag.py:387} ERROR - Failed to import: /opt/airflow/dags/dag_crawl_search_page.py
Traceback (most recent call last):
  File "/home/airflow/.local/lib/python3.12/site-packages/airflow/models/dagbag.py", line 383, in parse
    loader.exec_module(new_module)
  File "<frozen importlib._bootstrap_external>", line 999, in exec_module
  File "<frozen importlib._bootstrap>", line 488, in _call_with_frames_removed
  File "/opt/airflow/dags/dag_crawl_search_page.py", line 6, in <module>
    from job_crawler.beautifulsoup.crawl_search_page import crawl_multiple_keywords
  File "/opt/airflow/dags/job_crawler/beautifulsoup/crawl_search_page.py", line 160
    
    ^
IndentationError: expected an indented block after function definition on line 159
[2025-11-22T13:23:48.962+0000] {processor.py:927} WARNING - No viable dags retrieved from /opt/airflow/dags/dag_crawl_search_page.py
[2025-11-22T13:23:48.977+0000] {processor.py:208} INFO - Processing /opt/airflow/dags/dag_crawl_search_page.py took 0.070 seconds
[2025-11-22T13:24:19.339+0000] {processor.py:186} INFO - Started process (PID=3929) to work on /opt/airflow/dags/dag_crawl_search_page.py
[2025-11-22T13:24:19.340+0000] {processor.py:914} INFO - Processing file /opt/airflow/dags/dag_crawl_search_page.py for tasks to queue
[2025-11-22T13:24:19.341+0000] {logging_mixin.py:190} INFO - [2025-11-22T13:24:19.340+0000] {dagbag.py:588} INFO - Filling up the DagBag from /opt/airflow/dags/dag_crawl_search_page.py
[2025-11-22T13:24:19.392+0000] {logging_mixin.py:190} INFO - [2025-11-22T13:24:19.386+0000] {dagbag.py:387} ERROR - Failed to import: /opt/airflow/dags/dag_crawl_search_page.py
Traceback (most recent call last):
  File "/home/airflow/.local/lib/python3.12/site-packages/airflow/models/dagbag.py", line 383, in parse
    loader.exec_module(new_module)
  File "<frozen importlib._bootstrap_external>", line 999, in exec_module
  File "<frozen importlib._bootstrap>", line 488, in _call_with_frames_removed
  File "/opt/airflow/dags/dag_crawl_search_page.py", line 6, in <module>
    from job_crawler.beautifulsoup.crawl_search_page import crawl_multiple_keywords
  File "/opt/airflow/dags/job_crawler/beautifulsoup/crawl_search_page.py", line 160
    
    ^
IndentationError: expected an indented block after function definition on line 159
[2025-11-22T13:24:19.394+0000] {processor.py:927} WARNING - No viable dags retrieved from /opt/airflow/dags/dag_crawl_search_page.py
[2025-11-22T13:24:19.415+0000] {processor.py:208} INFO - Processing /opt/airflow/dags/dag_crawl_search_page.py took 0.083 seconds
[2025-11-22T13:24:49.775+0000] {processor.py:186} INFO - Started process (PID=3940) to work on /opt/airflow/dags/dag_crawl_search_page.py
[2025-11-22T13:24:49.777+0000] {processor.py:914} INFO - Processing file /opt/airflow/dags/dag_crawl_search_page.py for tasks to queue
[2025-11-22T13:24:49.780+0000] {logging_mixin.py:190} INFO - [2025-11-22T13:24:49.779+0000] {dagbag.py:588} INFO - Filling up the DagBag from /opt/airflow/dags/dag_crawl_search_page.py
[2025-11-22T13:24:49.850+0000] {logging_mixin.py:190} INFO - [2025-11-22T13:24:49.848+0000] {dagbag.py:387} ERROR - Failed to import: /opt/airflow/dags/dag_crawl_search_page.py
Traceback (most recent call last):
  File "/home/airflow/.local/lib/python3.12/site-packages/airflow/models/dagbag.py", line 383, in parse
    loader.exec_module(new_module)
  File "<frozen importlib._bootstrap_external>", line 999, in exec_module
  File "<frozen importlib._bootstrap>", line 488, in _call_with_frames_removed
  File "/opt/airflow/dags/dag_crawl_search_page.py", line 6, in <module>
    from job_crawler.beautifulsoup.crawl_search_page import crawl_multiple_keywords
  File "/opt/airflow/dags/job_crawler/beautifulsoup/crawl_search_page.py", line 160
    
    ^
IndentationError: expected an indented block after function definition on line 159
[2025-11-22T13:24:49.852+0000] {processor.py:927} WARNING - No viable dags retrieved from /opt/airflow/dags/dag_crawl_search_page.py
[2025-11-22T13:24:49.868+0000] {processor.py:208} INFO - Processing /opt/airflow/dags/dag_crawl_search_page.py took 0.102 seconds
[2025-11-22T13:25:20.497+0000] {processor.py:186} INFO - Started process (PID=3951) to work on /opt/airflow/dags/dag_crawl_search_page.py
[2025-11-22T13:25:20.498+0000] {processor.py:914} INFO - Processing file /opt/airflow/dags/dag_crawl_search_page.py for tasks to queue
[2025-11-22T13:25:20.499+0000] {logging_mixin.py:190} INFO - [2025-11-22T13:25:20.499+0000] {dagbag.py:588} INFO - Filling up the DagBag from /opt/airflow/dags/dag_crawl_search_page.py
[2025-11-22T13:25:20.542+0000] {logging_mixin.py:190} INFO - [2025-11-22T13:25:20.539+0000] {dagbag.py:387} ERROR - Failed to import: /opt/airflow/dags/dag_crawl_search_page.py
Traceback (most recent call last):
  File "/home/airflow/.local/lib/python3.12/site-packages/airflow/models/dagbag.py", line 383, in parse
    loader.exec_module(new_module)
  File "<frozen importlib._bootstrap_external>", line 999, in exec_module
  File "<frozen importlib._bootstrap>", line 488, in _call_with_frames_removed
  File "/opt/airflow/dags/dag_crawl_search_page.py", line 6, in <module>
    from job_crawler.beautifulsoup.crawl_search_page import crawl_multiple_keywords
  File "/opt/airflow/dags/job_crawler/beautifulsoup/crawl_search_page.py", line 160
    
    ^
IndentationError: expected an indented block after function definition on line 159
[2025-11-22T13:25:20.543+0000] {processor.py:927} WARNING - No viable dags retrieved from /opt/airflow/dags/dag_crawl_search_page.py
[2025-11-22T13:25:20.559+0000] {processor.py:208} INFO - Processing /opt/airflow/dags/dag_crawl_search_page.py took 0.067 seconds
[2025-11-22T13:25:50.941+0000] {processor.py:186} INFO - Started process (PID=3962) to work on /opt/airflow/dags/dag_crawl_search_page.py
[2025-11-22T13:25:50.943+0000] {processor.py:914} INFO - Processing file /opt/airflow/dags/dag_crawl_search_page.py for tasks to queue
[2025-11-22T13:25:50.944+0000] {logging_mixin.py:190} INFO - [2025-11-22T13:25:50.944+0000] {dagbag.py:588} INFO - Filling up the DagBag from /opt/airflow/dags/dag_crawl_search_page.py
[2025-11-22T13:25:51.000+0000] {logging_mixin.py:190} INFO - [2025-11-22T13:25:50.997+0000] {dagbag.py:387} ERROR - Failed to import: /opt/airflow/dags/dag_crawl_search_page.py
Traceback (most recent call last):
  File "/home/airflow/.local/lib/python3.12/site-packages/airflow/models/dagbag.py", line 383, in parse
    loader.exec_module(new_module)
  File "<frozen importlib._bootstrap_external>", line 999, in exec_module
  File "<frozen importlib._bootstrap>", line 488, in _call_with_frames_removed
  File "/opt/airflow/dags/dag_crawl_search_page.py", line 6, in <module>
    from job_crawler.beautifulsoup.crawl_search_page import crawl_multiple_keywords
  File "/opt/airflow/dags/job_crawler/beautifulsoup/crawl_search_page.py", line 160
    
    ^
IndentationError: expected an indented block after function definition on line 159
[2025-11-22T13:25:51.001+0000] {processor.py:927} WARNING - No viable dags retrieved from /opt/airflow/dags/dag_crawl_search_page.py
[2025-11-22T13:25:51.016+0000] {processor.py:208} INFO - Processing /opt/airflow/dags/dag_crawl_search_page.py took 0.080 seconds
[2025-11-22T13:26:21.310+0000] {processor.py:186} INFO - Started process (PID=3973) to work on /opt/airflow/dags/dag_crawl_search_page.py
[2025-11-22T13:26:21.311+0000] {processor.py:914} INFO - Processing file /opt/airflow/dags/dag_crawl_search_page.py for tasks to queue
[2025-11-22T13:26:21.312+0000] {logging_mixin.py:190} INFO - [2025-11-22T13:26:21.312+0000] {dagbag.py:588} INFO - Filling up the DagBag from /opt/airflow/dags/dag_crawl_search_page.py
[2025-11-22T13:26:21.354+0000] {logging_mixin.py:190} INFO - [2025-11-22T13:26:21.351+0000] {dagbag.py:387} ERROR - Failed to import: /opt/airflow/dags/dag_crawl_search_page.py
Traceback (most recent call last):
  File "/home/airflow/.local/lib/python3.12/site-packages/airflow/models/dagbag.py", line 383, in parse
    loader.exec_module(new_module)
  File "<frozen importlib._bootstrap_external>", line 999, in exec_module
  File "<frozen importlib._bootstrap>", line 488, in _call_with_frames_removed
  File "/opt/airflow/dags/dag_crawl_search_page.py", line 6, in <module>
    from job_crawler.beautifulsoup.crawl_search_page import crawl_multiple_keywords
  File "/opt/airflow/dags/job_crawler/beautifulsoup/crawl_search_page.py", line 160
    
    ^
IndentationError: expected an indented block after function definition on line 159
[2025-11-22T13:26:21.355+0000] {processor.py:927} WARNING - No viable dags retrieved from /opt/airflow/dags/dag_crawl_search_page.py
[2025-11-22T13:26:21.370+0000] {processor.py:208} INFO - Processing /opt/airflow/dags/dag_crawl_search_page.py took 0.066 seconds
[2025-11-22T13:26:51.817+0000] {processor.py:186} INFO - Started process (PID=3984) to work on /opt/airflow/dags/dag_crawl_search_page.py
[2025-11-22T13:26:51.818+0000] {processor.py:914} INFO - Processing file /opt/airflow/dags/dag_crawl_search_page.py for tasks to queue
[2025-11-22T13:26:51.820+0000] {logging_mixin.py:190} INFO - [2025-11-22T13:26:51.819+0000] {dagbag.py:588} INFO - Filling up the DagBag from /opt/airflow/dags/dag_crawl_search_page.py
[2025-11-22T13:26:51.857+0000] {logging_mixin.py:190} INFO - [2025-11-22T13:26:51.855+0000] {dagbag.py:387} ERROR - Failed to import: /opt/airflow/dags/dag_crawl_search_page.py
Traceback (most recent call last):
  File "/home/airflow/.local/lib/python3.12/site-packages/airflow/models/dagbag.py", line 383, in parse
    loader.exec_module(new_module)
  File "<frozen importlib._bootstrap_external>", line 999, in exec_module
  File "<frozen importlib._bootstrap>", line 488, in _call_with_frames_removed
  File "/opt/airflow/dags/dag_crawl_search_page.py", line 6, in <module>
    from job_crawler.beautifulsoup.crawl_search_page import crawl_multiple_keywords
  File "/opt/airflow/dags/job_crawler/beautifulsoup/crawl_search_page.py", line 160
    
    ^
IndentationError: expected an indented block after function definition on line 159
[2025-11-22T13:26:51.858+0000] {processor.py:927} WARNING - No viable dags retrieved from /opt/airflow/dags/dag_crawl_search_page.py
[2025-11-22T13:26:51.873+0000] {processor.py:208} INFO - Processing /opt/airflow/dags/dag_crawl_search_page.py took 0.061 seconds
[2025-11-22T13:27:22.228+0000] {processor.py:186} INFO - Started process (PID=3995) to work on /opt/airflow/dags/dag_crawl_search_page.py
[2025-11-22T13:27:22.229+0000] {processor.py:914} INFO - Processing file /opt/airflow/dags/dag_crawl_search_page.py for tasks to queue
[2025-11-22T13:27:22.231+0000] {logging_mixin.py:190} INFO - [2025-11-22T13:27:22.231+0000] {dagbag.py:588} INFO - Filling up the DagBag from /opt/airflow/dags/dag_crawl_search_page.py
[2025-11-22T13:27:22.335+0000] {logging_mixin.py:190} INFO - [2025-11-22T13:27:22.329+0000] {dagbag.py:387} ERROR - Failed to import: /opt/airflow/dags/dag_crawl_search_page.py
Traceback (most recent call last):
  File "/home/airflow/.local/lib/python3.12/site-packages/airflow/models/dagbag.py", line 383, in parse
    loader.exec_module(new_module)
  File "<frozen importlib._bootstrap_external>", line 999, in exec_module
  File "<frozen importlib._bootstrap>", line 488, in _call_with_frames_removed
  File "/opt/airflow/dags/dag_crawl_search_page.py", line 6, in <module>
    from job_crawler.beautifulsoup.crawl_search_page import crawl_multiple_keywords
  File "/opt/airflow/dags/job_crawler/beautifulsoup/crawl_search_page.py", line 160
    
    ^
IndentationError: expected an indented block after function definition on line 159
[2025-11-22T13:27:22.338+0000] {processor.py:927} WARNING - No viable dags retrieved from /opt/airflow/dags/dag_crawl_search_page.py
[2025-11-22T13:27:22.358+0000] {processor.py:208} INFO - Processing /opt/airflow/dags/dag_crawl_search_page.py took 0.136 seconds
[2025-11-22T13:27:52.665+0000] {processor.py:186} INFO - Started process (PID=4006) to work on /opt/airflow/dags/dag_crawl_search_page.py
[2025-11-22T13:27:52.666+0000] {processor.py:914} INFO - Processing file /opt/airflow/dags/dag_crawl_search_page.py for tasks to queue
[2025-11-22T13:27:52.667+0000] {logging_mixin.py:190} INFO - [2025-11-22T13:27:52.667+0000] {dagbag.py:588} INFO - Filling up the DagBag from /opt/airflow/dags/dag_crawl_search_page.py
[2025-11-22T13:27:52.707+0000] {logging_mixin.py:190} INFO - [2025-11-22T13:27:52.704+0000] {dagbag.py:387} ERROR - Failed to import: /opt/airflow/dags/dag_crawl_search_page.py
Traceback (most recent call last):
  File "/home/airflow/.local/lib/python3.12/site-packages/airflow/models/dagbag.py", line 383, in parse
    loader.exec_module(new_module)
  File "<frozen importlib._bootstrap_external>", line 999, in exec_module
  File "<frozen importlib._bootstrap>", line 488, in _call_with_frames_removed
  File "/opt/airflow/dags/dag_crawl_search_page.py", line 6, in <module>
    from job_crawler.beautifulsoup.crawl_search_page import crawl_multiple_keywords
  File "/opt/airflow/dags/job_crawler/beautifulsoup/crawl_search_page.py", line 160
    
    ^
IndentationError: expected an indented block after function definition on line 159
[2025-11-22T13:27:52.708+0000] {processor.py:927} WARNING - No viable dags retrieved from /opt/airflow/dags/dag_crawl_search_page.py
[2025-11-22T13:27:52.724+0000] {processor.py:208} INFO - Processing /opt/airflow/dags/dag_crawl_search_page.py took 0.065 seconds
[2025-11-22T13:28:23.078+0000] {processor.py:186} INFO - Started process (PID=4017) to work on /opt/airflow/dags/dag_crawl_search_page.py
[2025-11-22T13:28:23.079+0000] {processor.py:914} INFO - Processing file /opt/airflow/dags/dag_crawl_search_page.py for tasks to queue
[2025-11-22T13:28:23.081+0000] {logging_mixin.py:190} INFO - [2025-11-22T13:28:23.080+0000] {dagbag.py:588} INFO - Filling up the DagBag from /opt/airflow/dags/dag_crawl_search_page.py
[2025-11-22T13:28:23.128+0000] {logging_mixin.py:190} INFO - [2025-11-22T13:28:23.126+0000] {dagbag.py:387} ERROR - Failed to import: /opt/airflow/dags/dag_crawl_search_page.py
Traceback (most recent call last):
  File "/home/airflow/.local/lib/python3.12/site-packages/airflow/models/dagbag.py", line 383, in parse
    loader.exec_module(new_module)
  File "<frozen importlib._bootstrap_external>", line 999, in exec_module
  File "<frozen importlib._bootstrap>", line 488, in _call_with_frames_removed
  File "/opt/airflow/dags/dag_crawl_search_page.py", line 6, in <module>
    from job_crawler.beautifulsoup.crawl_search_page import crawl_multiple_keywords
  File "/opt/airflow/dags/job_crawler/beautifulsoup/crawl_search_page.py", line 160
    
    ^
IndentationError: expected an indented block after function definition on line 159
[2025-11-22T13:28:23.129+0000] {processor.py:927} WARNING - No viable dags retrieved from /opt/airflow/dags/dag_crawl_search_page.py
[2025-11-22T13:28:23.144+0000] {processor.py:208} INFO - Processing /opt/airflow/dags/dag_crawl_search_page.py took 0.071 seconds
[2025-11-22T13:28:53.505+0000] {processor.py:186} INFO - Started process (PID=4028) to work on /opt/airflow/dags/dag_crawl_search_page.py
[2025-11-22T13:28:53.506+0000] {processor.py:914} INFO - Processing file /opt/airflow/dags/dag_crawl_search_page.py for tasks to queue
[2025-11-22T13:28:53.509+0000] {logging_mixin.py:190} INFO - [2025-11-22T13:28:53.508+0000] {dagbag.py:588} INFO - Filling up the DagBag from /opt/airflow/dags/dag_crawl_search_page.py
[2025-11-22T13:28:53.550+0000] {logging_mixin.py:190} INFO - [2025-11-22T13:28:53.548+0000] {dagbag.py:387} ERROR - Failed to import: /opt/airflow/dags/dag_crawl_search_page.py
Traceback (most recent call last):
  File "/home/airflow/.local/lib/python3.12/site-packages/airflow/models/dagbag.py", line 383, in parse
    loader.exec_module(new_module)
  File "<frozen importlib._bootstrap_external>", line 999, in exec_module
  File "<frozen importlib._bootstrap>", line 488, in _call_with_frames_removed
  File "/opt/airflow/dags/dag_crawl_search_page.py", line 6, in <module>
    from job_crawler.beautifulsoup.crawl_search_page import crawl_multiple_keywords
  File "/opt/airflow/dags/job_crawler/beautifulsoup/crawl_search_page.py", line 160
    
    ^
IndentationError: expected an indented block after function definition on line 159
[2025-11-22T13:28:53.551+0000] {processor.py:927} WARNING - No viable dags retrieved from /opt/airflow/dags/dag_crawl_search_page.py
[2025-11-22T13:28:53.567+0000] {processor.py:208} INFO - Processing /opt/airflow/dags/dag_crawl_search_page.py took 0.068 seconds
[2025-11-22T13:29:23.942+0000] {processor.py:186} INFO - Started process (PID=4039) to work on /opt/airflow/dags/dag_crawl_search_page.py
[2025-11-22T13:29:23.943+0000] {processor.py:914} INFO - Processing file /opt/airflow/dags/dag_crawl_search_page.py for tasks to queue
[2025-11-22T13:29:23.944+0000] {logging_mixin.py:190} INFO - [2025-11-22T13:29:23.944+0000] {dagbag.py:588} INFO - Filling up the DagBag from /opt/airflow/dags/dag_crawl_search_page.py
[2025-11-22T13:29:23.985+0000] {logging_mixin.py:190} INFO - [2025-11-22T13:29:23.982+0000] {dagbag.py:387} ERROR - Failed to import: /opt/airflow/dags/dag_crawl_search_page.py
Traceback (most recent call last):
  File "/home/airflow/.local/lib/python3.12/site-packages/airflow/models/dagbag.py", line 383, in parse
    loader.exec_module(new_module)
  File "<frozen importlib._bootstrap_external>", line 999, in exec_module
  File "<frozen importlib._bootstrap>", line 488, in _call_with_frames_removed
  File "/opt/airflow/dags/dag_crawl_search_page.py", line 6, in <module>
    from job_crawler.beautifulsoup.crawl_search_page import crawl_multiple_keywords
  File "/opt/airflow/dags/job_crawler/beautifulsoup/crawl_search_page.py", line 160
    
    ^
IndentationError: expected an indented block after function definition on line 159
[2025-11-22T13:29:23.986+0000] {processor.py:927} WARNING - No viable dags retrieved from /opt/airflow/dags/dag_crawl_search_page.py
[2025-11-22T13:29:24.002+0000] {processor.py:208} INFO - Processing /opt/airflow/dags/dag_crawl_search_page.py took 0.066 seconds
[2025-11-22T13:29:54.705+0000] {processor.py:186} INFO - Started process (PID=4050) to work on /opt/airflow/dags/dag_crawl_search_page.py
[2025-11-22T13:29:54.706+0000] {processor.py:914} INFO - Processing file /opt/airflow/dags/dag_crawl_search_page.py for tasks to queue
[2025-11-22T13:29:54.708+0000] {logging_mixin.py:190} INFO - [2025-11-22T13:29:54.708+0000] {dagbag.py:588} INFO - Filling up the DagBag from /opt/airflow/dags/dag_crawl_search_page.py
[2025-11-22T13:29:54.749+0000] {logging_mixin.py:190} INFO - [2025-11-22T13:29:54.747+0000] {dagbag.py:387} ERROR - Failed to import: /opt/airflow/dags/dag_crawl_search_page.py
Traceback (most recent call last):
  File "/home/airflow/.local/lib/python3.12/site-packages/airflow/models/dagbag.py", line 383, in parse
    loader.exec_module(new_module)
  File "<frozen importlib._bootstrap_external>", line 999, in exec_module
  File "<frozen importlib._bootstrap>", line 488, in _call_with_frames_removed
  File "/opt/airflow/dags/dag_crawl_search_page.py", line 6, in <module>
    from job_crawler.beautifulsoup.crawl_search_page import crawl_multiple_keywords
  File "/opt/airflow/dags/job_crawler/beautifulsoup/crawl_search_page.py", line 160
    
    ^
IndentationError: expected an indented block after function definition on line 159
[2025-11-22T13:29:54.750+0000] {processor.py:927} WARNING - No viable dags retrieved from /opt/airflow/dags/dag_crawl_search_page.py
[2025-11-22T13:29:54.765+0000] {processor.py:208} INFO - Processing /opt/airflow/dags/dag_crawl_search_page.py took 0.065 seconds
[2025-11-22T13:30:25.110+0000] {processor.py:186} INFO - Started process (PID=4061) to work on /opt/airflow/dags/dag_crawl_search_page.py
[2025-11-22T13:30:25.111+0000] {processor.py:914} INFO - Processing file /opt/airflow/dags/dag_crawl_search_page.py for tasks to queue
[2025-11-22T13:30:25.112+0000] {logging_mixin.py:190} INFO - [2025-11-22T13:30:25.112+0000] {dagbag.py:588} INFO - Filling up the DagBag from /opt/airflow/dags/dag_crawl_search_page.py
[2025-11-22T13:30:25.157+0000] {logging_mixin.py:190} INFO - [2025-11-22T13:30:25.154+0000] {dagbag.py:387} ERROR - Failed to import: /opt/airflow/dags/dag_crawl_search_page.py
Traceback (most recent call last):
  File "/home/airflow/.local/lib/python3.12/site-packages/airflow/models/dagbag.py", line 383, in parse
    loader.exec_module(new_module)
  File "<frozen importlib._bootstrap_external>", line 999, in exec_module
  File "<frozen importlib._bootstrap>", line 488, in _call_with_frames_removed
  File "/opt/airflow/dags/dag_crawl_search_page.py", line 6, in <module>
    from job_crawler.beautifulsoup.crawl_search_page import crawl_multiple_keywords
  File "/opt/airflow/dags/job_crawler/beautifulsoup/crawl_search_page.py", line 160
    
    ^
IndentationError: expected an indented block after function definition on line 159
[2025-11-22T13:30:25.158+0000] {processor.py:927} WARNING - No viable dags retrieved from /opt/airflow/dags/dag_crawl_search_page.py
[2025-11-22T13:30:25.172+0000] {processor.py:208} INFO - Processing /opt/airflow/dags/dag_crawl_search_page.py took 0.068 seconds
[2025-11-22T13:30:55.524+0000] {processor.py:186} INFO - Started process (PID=4072) to work on /opt/airflow/dags/dag_crawl_search_page.py
[2025-11-22T13:30:55.525+0000] {processor.py:914} INFO - Processing file /opt/airflow/dags/dag_crawl_search_page.py for tasks to queue
[2025-11-22T13:30:55.527+0000] {logging_mixin.py:190} INFO - [2025-11-22T13:30:55.527+0000] {dagbag.py:588} INFO - Filling up the DagBag from /opt/airflow/dags/dag_crawl_search_page.py
[2025-11-22T13:30:55.576+0000] {logging_mixin.py:190} INFO - [2025-11-22T13:30:55.574+0000] {dagbag.py:387} ERROR - Failed to import: /opt/airflow/dags/dag_crawl_search_page.py
Traceback (most recent call last):
  File "/home/airflow/.local/lib/python3.12/site-packages/airflow/models/dagbag.py", line 383, in parse
    loader.exec_module(new_module)
  File "<frozen importlib._bootstrap_external>", line 999, in exec_module
  File "<frozen importlib._bootstrap>", line 488, in _call_with_frames_removed
  File "/opt/airflow/dags/dag_crawl_search_page.py", line 6, in <module>
    from job_crawler.beautifulsoup.crawl_search_page import crawl_multiple_keywords
  File "/opt/airflow/dags/job_crawler/beautifulsoup/crawl_search_page.py", line 160
    
    ^
IndentationError: expected an indented block after function definition on line 159
[2025-11-22T13:30:55.577+0000] {processor.py:927} WARNING - No viable dags retrieved from /opt/airflow/dags/dag_crawl_search_page.py
[2025-11-22T13:30:55.591+0000] {processor.py:208} INFO - Processing /opt/airflow/dags/dag_crawl_search_page.py took 0.073 seconds
[2025-11-22T13:31:25.968+0000] {processor.py:186} INFO - Started process (PID=4083) to work on /opt/airflow/dags/dag_crawl_search_page.py
[2025-11-22T13:31:25.969+0000] {processor.py:914} INFO - Processing file /opt/airflow/dags/dag_crawl_search_page.py for tasks to queue
[2025-11-22T13:31:25.971+0000] {logging_mixin.py:190} INFO - [2025-11-22T13:31:25.970+0000] {dagbag.py:588} INFO - Filling up the DagBag from /opt/airflow/dags/dag_crawl_search_page.py
[2025-11-22T13:31:26.010+0000] {logging_mixin.py:190} INFO - [2025-11-22T13:31:26.008+0000] {dagbag.py:387} ERROR - Failed to import: /opt/airflow/dags/dag_crawl_search_page.py
Traceback (most recent call last):
  File "/home/airflow/.local/lib/python3.12/site-packages/airflow/models/dagbag.py", line 383, in parse
    loader.exec_module(new_module)
  File "<frozen importlib._bootstrap_external>", line 999, in exec_module
  File "<frozen importlib._bootstrap>", line 488, in _call_with_frames_removed
  File "/opt/airflow/dags/dag_crawl_search_page.py", line 6, in <module>
    from job_crawler.beautifulsoup.crawl_search_page import crawl_multiple_keywords
  File "/opt/airflow/dags/job_crawler/beautifulsoup/crawl_search_page.py", line 160
    
    ^
IndentationError: expected an indented block after function definition on line 159
[2025-11-22T13:31:26.011+0000] {processor.py:927} WARNING - No viable dags retrieved from /opt/airflow/dags/dag_crawl_search_page.py
[2025-11-22T13:31:26.027+0000] {processor.py:208} INFO - Processing /opt/airflow/dags/dag_crawl_search_page.py took 0.064 seconds
[2025-11-22T13:31:56.369+0000] {processor.py:186} INFO - Started process (PID=4094) to work on /opt/airflow/dags/dag_crawl_search_page.py
[2025-11-22T13:31:56.370+0000] {processor.py:914} INFO - Processing file /opt/airflow/dags/dag_crawl_search_page.py for tasks to queue
[2025-11-22T13:31:56.371+0000] {logging_mixin.py:190} INFO - [2025-11-22T13:31:56.371+0000] {dagbag.py:588} INFO - Filling up the DagBag from /opt/airflow/dags/dag_crawl_search_page.py
[2025-11-22T13:31:56.413+0000] {logging_mixin.py:190} INFO - [2025-11-22T13:31:56.409+0000] {dagbag.py:387} ERROR - Failed to import: /opt/airflow/dags/dag_crawl_search_page.py
Traceback (most recent call last):
  File "/home/airflow/.local/lib/python3.12/site-packages/airflow/models/dagbag.py", line 383, in parse
    loader.exec_module(new_module)
  File "<frozen importlib._bootstrap_external>", line 999, in exec_module
  File "<frozen importlib._bootstrap>", line 488, in _call_with_frames_removed
  File "/opt/airflow/dags/dag_crawl_search_page.py", line 6, in <module>
    from job_crawler.beautifulsoup.crawl_search_page import crawl_multiple_keywords
  File "/opt/airflow/dags/job_crawler/beautifulsoup/crawl_search_page.py", line 160
    
    ^
IndentationError: expected an indented block after function definition on line 159
[2025-11-22T13:31:56.414+0000] {processor.py:927} WARNING - No viable dags retrieved from /opt/airflow/dags/dag_crawl_search_page.py
[2025-11-22T13:31:56.429+0000] {processor.py:208} INFO - Processing /opt/airflow/dags/dag_crawl_search_page.py took 0.066 seconds
[2025-11-22T13:32:26.807+0000] {processor.py:186} INFO - Started process (PID=4105) to work on /opt/airflow/dags/dag_crawl_search_page.py
[2025-11-22T13:32:26.808+0000] {processor.py:914} INFO - Processing file /opt/airflow/dags/dag_crawl_search_page.py for tasks to queue
[2025-11-22T13:32:26.809+0000] {logging_mixin.py:190} INFO - [2025-11-22T13:32:26.809+0000] {dagbag.py:588} INFO - Filling up the DagBag from /opt/airflow/dags/dag_crawl_search_page.py
[2025-11-22T13:32:26.850+0000] {logging_mixin.py:190} INFO - [2025-11-22T13:32:26.848+0000] {dagbag.py:387} ERROR - Failed to import: /opt/airflow/dags/dag_crawl_search_page.py
Traceback (most recent call last):
  File "/home/airflow/.local/lib/python3.12/site-packages/airflow/models/dagbag.py", line 383, in parse
    loader.exec_module(new_module)
  File "<frozen importlib._bootstrap_external>", line 999, in exec_module
  File "<frozen importlib._bootstrap>", line 488, in _call_with_frames_removed
  File "/opt/airflow/dags/dag_crawl_search_page.py", line 6, in <module>
    from job_crawler.beautifulsoup.crawl_search_page import crawl_multiple_keywords
  File "/opt/airflow/dags/job_crawler/beautifulsoup/crawl_search_page.py", line 160
    
    ^
IndentationError: expected an indented block after function definition on line 159
[2025-11-22T13:32:26.852+0000] {processor.py:927} WARNING - No viable dags retrieved from /opt/airflow/dags/dag_crawl_search_page.py
[2025-11-22T13:32:26.867+0000] {processor.py:208} INFO - Processing /opt/airflow/dags/dag_crawl_search_page.py took 0.065 seconds
[2025-11-22T13:32:57.333+0000] {processor.py:186} INFO - Started process (PID=4116) to work on /opt/airflow/dags/dag_crawl_search_page.py
[2025-11-22T13:32:57.334+0000] {processor.py:914} INFO - Processing file /opt/airflow/dags/dag_crawl_search_page.py for tasks to queue
[2025-11-22T13:32:57.335+0000] {logging_mixin.py:190} INFO - [2025-11-22T13:32:57.335+0000] {dagbag.py:588} INFO - Filling up the DagBag from /opt/airflow/dags/dag_crawl_search_page.py
[2025-11-22T13:32:57.376+0000] {logging_mixin.py:190} INFO - [2025-11-22T13:32:57.374+0000] {dagbag.py:387} ERROR - Failed to import: /opt/airflow/dags/dag_crawl_search_page.py
Traceback (most recent call last):
  File "/home/airflow/.local/lib/python3.12/site-packages/airflow/models/dagbag.py", line 383, in parse
    loader.exec_module(new_module)
  File "<frozen importlib._bootstrap_external>", line 999, in exec_module
  File "<frozen importlib._bootstrap>", line 488, in _call_with_frames_removed
  File "/opt/airflow/dags/dag_crawl_search_page.py", line 6, in <module>
    from job_crawler.beautifulsoup.crawl_search_page import crawl_multiple_keywords
  File "/opt/airflow/dags/job_crawler/beautifulsoup/crawl_search_page.py", line 160
    
    ^
IndentationError: expected an indented block after function definition on line 159
[2025-11-22T13:32:57.377+0000] {processor.py:927} WARNING - No viable dags retrieved from /opt/airflow/dags/dag_crawl_search_page.py
[2025-11-22T13:32:57.393+0000] {processor.py:208} INFO - Processing /opt/airflow/dags/dag_crawl_search_page.py took 0.066 seconds
[2025-11-22T13:33:27.753+0000] {processor.py:186} INFO - Started process (PID=4127) to work on /opt/airflow/dags/dag_crawl_search_page.py
[2025-11-22T13:33:27.754+0000] {processor.py:914} INFO - Processing file /opt/airflow/dags/dag_crawl_search_page.py for tasks to queue
[2025-11-22T13:33:27.755+0000] {logging_mixin.py:190} INFO - [2025-11-22T13:33:27.755+0000] {dagbag.py:588} INFO - Filling up the DagBag from /opt/airflow/dags/dag_crawl_search_page.py
[2025-11-22T13:33:27.793+0000] {logging_mixin.py:190} INFO - [2025-11-22T13:33:27.790+0000] {dagbag.py:387} ERROR - Failed to import: /opt/airflow/dags/dag_crawl_search_page.py
Traceback (most recent call last):
  File "/home/airflow/.local/lib/python3.12/site-packages/airflow/models/dagbag.py", line 383, in parse
    loader.exec_module(new_module)
  File "<frozen importlib._bootstrap_external>", line 999, in exec_module
  File "<frozen importlib._bootstrap>", line 488, in _call_with_frames_removed
  File "/opt/airflow/dags/dag_crawl_search_page.py", line 6, in <module>
    from job_crawler.beautifulsoup.crawl_search_page import crawl_multiple_keywords
  File "/opt/airflow/dags/job_crawler/beautifulsoup/crawl_search_page.py", line 160
    
    ^
IndentationError: expected an indented block after function definition on line 159
[2025-11-22T13:33:27.794+0000] {processor.py:927} WARNING - No viable dags retrieved from /opt/airflow/dags/dag_crawl_search_page.py
[2025-11-22T13:33:27.810+0000] {processor.py:208} INFO - Processing /opt/airflow/dags/dag_crawl_search_page.py took 0.063 seconds
[2025-11-22T13:33:58.206+0000] {processor.py:186} INFO - Started process (PID=4138) to work on /opt/airflow/dags/dag_crawl_search_page.py
[2025-11-22T13:33:58.207+0000] {processor.py:914} INFO - Processing file /opt/airflow/dags/dag_crawl_search_page.py for tasks to queue
[2025-11-22T13:33:58.208+0000] {logging_mixin.py:190} INFO - [2025-11-22T13:33:58.208+0000] {dagbag.py:588} INFO - Filling up the DagBag from /opt/airflow/dags/dag_crawl_search_page.py
[2025-11-22T13:33:58.249+0000] {logging_mixin.py:190} INFO - [2025-11-22T13:33:58.246+0000] {dagbag.py:387} ERROR - Failed to import: /opt/airflow/dags/dag_crawl_search_page.py
Traceback (most recent call last):
  File "/home/airflow/.local/lib/python3.12/site-packages/airflow/models/dagbag.py", line 383, in parse
    loader.exec_module(new_module)
  File "<frozen importlib._bootstrap_external>", line 999, in exec_module
  File "<frozen importlib._bootstrap>", line 488, in _call_with_frames_removed
  File "/opt/airflow/dags/dag_crawl_search_page.py", line 6, in <module>
    from job_crawler.beautifulsoup.crawl_search_page import crawl_multiple_keywords
  File "/opt/airflow/dags/job_crawler/beautifulsoup/crawl_search_page.py", line 160
    
    ^
IndentationError: expected an indented block after function definition on line 159
[2025-11-22T13:33:58.250+0000] {processor.py:927} WARNING - No viable dags retrieved from /opt/airflow/dags/dag_crawl_search_page.py
[2025-11-22T13:33:58.265+0000] {processor.py:208} INFO - Processing /opt/airflow/dags/dag_crawl_search_page.py took 0.064 seconds
[2025-11-22T13:34:28.580+0000] {processor.py:186} INFO - Started process (PID=4150) to work on /opt/airflow/dags/dag_crawl_search_page.py
[2025-11-22T13:34:28.581+0000] {processor.py:914} INFO - Processing file /opt/airflow/dags/dag_crawl_search_page.py for tasks to queue
[2025-11-22T13:34:28.582+0000] {logging_mixin.py:190} INFO - [2025-11-22T13:34:28.582+0000] {dagbag.py:588} INFO - Filling up the DagBag from /opt/airflow/dags/dag_crawl_search_page.py
[2025-11-22T13:34:28.618+0000] {logging_mixin.py:190} INFO - [2025-11-22T13:34:28.616+0000] {dagbag.py:387} ERROR - Failed to import: /opt/airflow/dags/dag_crawl_search_page.py
Traceback (most recent call last):
  File "/home/airflow/.local/lib/python3.12/site-packages/airflow/models/dagbag.py", line 383, in parse
    loader.exec_module(new_module)
  File "<frozen importlib._bootstrap_external>", line 999, in exec_module
  File "<frozen importlib._bootstrap>", line 488, in _call_with_frames_removed
  File "/opt/airflow/dags/dag_crawl_search_page.py", line 6, in <module>
    from job_crawler.beautifulsoup.crawl_search_page import crawl_multiple_keywords
  File "/opt/airflow/dags/job_crawler/beautifulsoup/crawl_search_page.py", line 160
    
    ^
IndentationError: expected an indented block after function definition on line 159
[2025-11-22T13:34:28.619+0000] {processor.py:927} WARNING - No viable dags retrieved from /opt/airflow/dags/dag_crawl_search_page.py
[2025-11-22T13:34:28.634+0000] {processor.py:208} INFO - Processing /opt/airflow/dags/dag_crawl_search_page.py took 0.060 seconds
[2025-11-22T13:34:59.305+0000] {processor.py:186} INFO - Started process (PID=4161) to work on /opt/airflow/dags/dag_crawl_search_page.py
[2025-11-22T13:34:59.306+0000] {processor.py:914} INFO - Processing file /opt/airflow/dags/dag_crawl_search_page.py for tasks to queue
[2025-11-22T13:34:59.307+0000] {logging_mixin.py:190} INFO - [2025-11-22T13:34:59.307+0000] {dagbag.py:588} INFO - Filling up the DagBag from /opt/airflow/dags/dag_crawl_search_page.py
[2025-11-22T13:34:59.355+0000] {logging_mixin.py:190} INFO - [2025-11-22T13:34:59.353+0000] {dagbag.py:387} ERROR - Failed to import: /opt/airflow/dags/dag_crawl_search_page.py
Traceback (most recent call last):
  File "/home/airflow/.local/lib/python3.12/site-packages/airflow/models/dagbag.py", line 383, in parse
    loader.exec_module(new_module)
  File "<frozen importlib._bootstrap_external>", line 999, in exec_module
  File "<frozen importlib._bootstrap>", line 488, in _call_with_frames_removed
  File "/opt/airflow/dags/dag_crawl_search_page.py", line 6, in <module>
    from job_crawler.beautifulsoup.crawl_search_page import crawl_multiple_keywords
  File "/opt/airflow/dags/job_crawler/beautifulsoup/crawl_search_page.py", line 160
    
    ^
IndentationError: expected an indented block after function definition on line 159
[2025-11-22T13:34:59.356+0000] {processor.py:927} WARNING - No viable dags retrieved from /opt/airflow/dags/dag_crawl_search_page.py
[2025-11-22T13:34:59.372+0000] {processor.py:208} INFO - Processing /opt/airflow/dags/dag_crawl_search_page.py took 0.072 seconds
[2025-11-22T13:35:29.742+0000] {processor.py:186} INFO - Started process (PID=4172) to work on /opt/airflow/dags/dag_crawl_search_page.py
[2025-11-22T13:35:29.744+0000] {processor.py:914} INFO - Processing file /opt/airflow/dags/dag_crawl_search_page.py for tasks to queue
[2025-11-22T13:35:29.747+0000] {logging_mixin.py:190} INFO - [2025-11-22T13:35:29.746+0000] {dagbag.py:588} INFO - Filling up the DagBag from /opt/airflow/dags/dag_crawl_search_page.py
[2025-11-22T13:35:29.801+0000] {logging_mixin.py:190} INFO - [2025-11-22T13:35:29.799+0000] {dagbag.py:387} ERROR - Failed to import: /opt/airflow/dags/dag_crawl_search_page.py
Traceback (most recent call last):
  File "/home/airflow/.local/lib/python3.12/site-packages/airflow/models/dagbag.py", line 383, in parse
    loader.exec_module(new_module)
  File "<frozen importlib._bootstrap_external>", line 999, in exec_module
  File "<frozen importlib._bootstrap>", line 488, in _call_with_frames_removed
  File "/opt/airflow/dags/dag_crawl_search_page.py", line 6, in <module>
    from job_crawler.beautifulsoup.crawl_search_page import crawl_multiple_keywords
  File "/opt/airflow/dags/job_crawler/beautifulsoup/crawl_search_page.py", line 160
    
    ^
IndentationError: expected an indented block after function definition on line 159
[2025-11-22T13:35:29.803+0000] {processor.py:927} WARNING - No viable dags retrieved from /opt/airflow/dags/dag_crawl_search_page.py
[2025-11-22T13:35:29.817+0000] {processor.py:208} INFO - Processing /opt/airflow/dags/dag_crawl_search_page.py took 0.083 seconds
[2025-11-22T13:36:00.205+0000] {processor.py:186} INFO - Started process (PID=4183) to work on /opt/airflow/dags/dag_crawl_search_page.py
[2025-11-22T13:36:00.206+0000] {processor.py:914} INFO - Processing file /opt/airflow/dags/dag_crawl_search_page.py for tasks to queue
[2025-11-22T13:36:00.207+0000] {logging_mixin.py:190} INFO - [2025-11-22T13:36:00.207+0000] {dagbag.py:588} INFO - Filling up the DagBag from /opt/airflow/dags/dag_crawl_search_page.py
[2025-11-22T13:36:00.246+0000] {logging_mixin.py:190} INFO - [2025-11-22T13:36:00.244+0000] {dagbag.py:387} ERROR - Failed to import: /opt/airflow/dags/dag_crawl_search_page.py
Traceback (most recent call last):
  File "/home/airflow/.local/lib/python3.12/site-packages/airflow/models/dagbag.py", line 383, in parse
    loader.exec_module(new_module)
  File "<frozen importlib._bootstrap_external>", line 999, in exec_module
  File "<frozen importlib._bootstrap>", line 488, in _call_with_frames_removed
  File "/opt/airflow/dags/dag_crawl_search_page.py", line 6, in <module>
    from job_crawler.beautifulsoup.crawl_search_page import crawl_multiple_keywords
  File "/opt/airflow/dags/job_crawler/beautifulsoup/crawl_search_page.py", line 160
    
    ^
IndentationError: expected an indented block after function definition on line 159
[2025-11-22T13:36:00.250+0000] {processor.py:927} WARNING - No viable dags retrieved from /opt/airflow/dags/dag_crawl_search_page.py
[2025-11-22T13:36:00.265+0000] {processor.py:208} INFO - Processing /opt/airflow/dags/dag_crawl_search_page.py took 0.066 seconds
[2025-11-22T13:36:30.622+0000] {processor.py:186} INFO - Started process (PID=4194) to work on /opt/airflow/dags/dag_crawl_search_page.py
[2025-11-22T13:36:30.623+0000] {processor.py:914} INFO - Processing file /opt/airflow/dags/dag_crawl_search_page.py for tasks to queue
[2025-11-22T13:36:30.625+0000] {logging_mixin.py:190} INFO - [2025-11-22T13:36:30.624+0000] {dagbag.py:588} INFO - Filling up the DagBag from /opt/airflow/dags/dag_crawl_search_page.py
[2025-11-22T13:36:30.676+0000] {logging_mixin.py:190} INFO - [2025-11-22T13:36:30.665+0000] {dagbag.py:387} ERROR - Failed to import: /opt/airflow/dags/dag_crawl_search_page.py
Traceback (most recent call last):
  File "/home/airflow/.local/lib/python3.12/site-packages/airflow/models/dagbag.py", line 383, in parse
    loader.exec_module(new_module)
  File "<frozen importlib._bootstrap_external>", line 999, in exec_module
  File "<frozen importlib._bootstrap>", line 488, in _call_with_frames_removed
  File "/opt/airflow/dags/dag_crawl_search_page.py", line 6, in <module>
    from job_crawler.beautifulsoup.crawl_search_page import crawl_multiple_keywords
  File "/opt/airflow/dags/job_crawler/beautifulsoup/crawl_search_page.py", line 160
    
    ^
IndentationError: expected an indented block after function definition on line 159
[2025-11-22T13:36:30.677+0000] {processor.py:927} WARNING - No viable dags retrieved from /opt/airflow/dags/dag_crawl_search_page.py
[2025-11-22T13:36:30.695+0000] {processor.py:208} INFO - Processing /opt/airflow/dags/dag_crawl_search_page.py took 0.078 seconds
[2025-11-22T13:37:01.009+0000] {processor.py:186} INFO - Started process (PID=4206) to work on /opt/airflow/dags/dag_crawl_search_page.py
[2025-11-22T13:37:01.010+0000] {processor.py:914} INFO - Processing file /opt/airflow/dags/dag_crawl_search_page.py for tasks to queue
[2025-11-22T13:37:01.011+0000] {logging_mixin.py:190} INFO - [2025-11-22T13:37:01.011+0000] {dagbag.py:588} INFO - Filling up the DagBag from /opt/airflow/dags/dag_crawl_search_page.py
[2025-11-22T13:37:01.055+0000] {logging_mixin.py:190} INFO - [2025-11-22T13:37:01.052+0000] {dagbag.py:387} ERROR - Failed to import: /opt/airflow/dags/dag_crawl_search_page.py
Traceback (most recent call last):
  File "/home/airflow/.local/lib/python3.12/site-packages/airflow/models/dagbag.py", line 383, in parse
    loader.exec_module(new_module)
  File "<frozen importlib._bootstrap_external>", line 999, in exec_module
  File "<frozen importlib._bootstrap>", line 488, in _call_with_frames_removed
  File "/opt/airflow/dags/dag_crawl_search_page.py", line 6, in <module>
    from job_crawler.beautifulsoup.crawl_search_page import crawl_multiple_keywords
  File "/opt/airflow/dags/job_crawler/beautifulsoup/crawl_search_page.py", line 160
    
    ^
IndentationError: expected an indented block after function definition on line 159
[2025-11-22T13:37:01.056+0000] {processor.py:927} WARNING - No viable dags retrieved from /opt/airflow/dags/dag_crawl_search_page.py
[2025-11-22T13:37:01.071+0000] {processor.py:208} INFO - Processing /opt/airflow/dags/dag_crawl_search_page.py took 0.067 seconds
[2025-11-22T13:37:31.392+0000] {processor.py:186} INFO - Started process (PID=4217) to work on /opt/airflow/dags/dag_crawl_search_page.py
[2025-11-22T13:37:31.393+0000] {processor.py:914} INFO - Processing file /opt/airflow/dags/dag_crawl_search_page.py for tasks to queue
[2025-11-22T13:37:31.394+0000] {logging_mixin.py:190} INFO - [2025-11-22T13:37:31.394+0000] {dagbag.py:588} INFO - Filling up the DagBag from /opt/airflow/dags/dag_crawl_search_page.py
[2025-11-22T13:37:31.441+0000] {logging_mixin.py:190} INFO - [2025-11-22T13:37:31.438+0000] {dagbag.py:387} ERROR - Failed to import: /opt/airflow/dags/dag_crawl_search_page.py
Traceback (most recent call last):
  File "/home/airflow/.local/lib/python3.12/site-packages/airflow/models/dagbag.py", line 383, in parse
    loader.exec_module(new_module)
  File "<frozen importlib._bootstrap_external>", line 999, in exec_module
  File "<frozen importlib._bootstrap>", line 488, in _call_with_frames_removed
  File "/opt/airflow/dags/dag_crawl_search_page.py", line 6, in <module>
    from job_crawler.beautifulsoup.crawl_search_page import crawl_multiple_keywords
  File "/opt/airflow/dags/job_crawler/beautifulsoup/crawl_search_page.py", line 160
    
    ^
IndentationError: expected an indented block after function definition on line 159
[2025-11-22T13:37:31.442+0000] {processor.py:927} WARNING - No viable dags retrieved from /opt/airflow/dags/dag_crawl_search_page.py
[2025-11-22T13:37:31.458+0000] {processor.py:208} INFO - Processing /opt/airflow/dags/dag_crawl_search_page.py took 0.072 seconds
[2025-11-22T13:38:01.877+0000] {processor.py:186} INFO - Started process (PID=4228) to work on /opt/airflow/dags/dag_crawl_search_page.py
[2025-11-22T13:38:01.879+0000] {processor.py:914} INFO - Processing file /opt/airflow/dags/dag_crawl_search_page.py for tasks to queue
[2025-11-22T13:38:01.880+0000] {logging_mixin.py:190} INFO - [2025-11-22T13:38:01.880+0000] {dagbag.py:588} INFO - Filling up the DagBag from /opt/airflow/dags/dag_crawl_search_page.py
[2025-11-22T13:38:02.005+0000] {logging_mixin.py:190} INFO - [2025-11-22T13:38:02.002+0000] {dagbag.py:387} ERROR - Failed to import: /opt/airflow/dags/dag_crawl_search_page.py
Traceback (most recent call last):
  File "/home/airflow/.local/lib/python3.12/site-packages/airflow/models/dagbag.py", line 383, in parse
    loader.exec_module(new_module)
  File "<frozen importlib._bootstrap_external>", line 999, in exec_module
  File "<frozen importlib._bootstrap>", line 488, in _call_with_frames_removed
  File "/opt/airflow/dags/dag_crawl_search_page.py", line 6, in <module>
    from job_crawler.beautifulsoup.crawl_search_page import crawl_multiple_keywords
  File "/opt/airflow/dags/job_crawler/beautifulsoup/crawl_search_page.py", line 160
    
    ^
IndentationError: expected an indented block after function definition on line 159
[2025-11-22T13:38:02.006+0000] {processor.py:927} WARNING - No viable dags retrieved from /opt/airflow/dags/dag_crawl_search_page.py
[2025-11-22T13:38:02.022+0000] {processor.py:208} INFO - Processing /opt/airflow/dags/dag_crawl_search_page.py took 0.153 seconds
[2025-11-22T13:38:32.227+0000] {processor.py:186} INFO - Started process (PID=4239) to work on /opt/airflow/dags/dag_crawl_search_page.py
[2025-11-22T13:38:32.228+0000] {processor.py:914} INFO - Processing file /opt/airflow/dags/dag_crawl_search_page.py for tasks to queue
[2025-11-22T13:38:32.229+0000] {logging_mixin.py:190} INFO - [2025-11-22T13:38:32.229+0000] {dagbag.py:588} INFO - Filling up the DagBag from /opt/airflow/dags/dag_crawl_search_page.py
[2025-11-22T13:38:32.268+0000] {logging_mixin.py:190} INFO - [2025-11-22T13:38:32.265+0000] {dagbag.py:387} ERROR - Failed to import: /opt/airflow/dags/dag_crawl_search_page.py
Traceback (most recent call last):
  File "/home/airflow/.local/lib/python3.12/site-packages/airflow/models/dagbag.py", line 383, in parse
    loader.exec_module(new_module)
  File "<frozen importlib._bootstrap_external>", line 999, in exec_module
  File "<frozen importlib._bootstrap>", line 488, in _call_with_frames_removed
  File "/opt/airflow/dags/dag_crawl_search_page.py", line 6, in <module>
    from job_crawler.beautifulsoup.crawl_search_page import crawl_multiple_keywords
  File "/opt/airflow/dags/job_crawler/beautifulsoup/crawl_search_page.py", line 160
    
    ^
IndentationError: expected an indented block after function definition on line 159
[2025-11-22T13:38:32.269+0000] {processor.py:927} WARNING - No viable dags retrieved from /opt/airflow/dags/dag_crawl_search_page.py
[2025-11-22T13:38:32.285+0000] {processor.py:208} INFO - Processing /opt/airflow/dags/dag_crawl_search_page.py took 0.065 seconds
